customer_id,segment,arm,day,price_ratio,quoted_price,accepted,revenue
1802,SMB,treatment,18,1.0582528364222343,104.05335245788629,1,104.05335245788629
1802,SMB,treatment,56,1.06324074806227,646.4825542850738,1,646.4825542850738
1802,SMB,treatment,2,1.0825569112602993,758.6057549643608,1,758.6057549643608
1802,SMB,treatment,44,1.0621488736051468,135.17649340758805,0,0.0
1191,SMB,treatment,74,1.0695167780398016,416.81786211937685,1,416.81786211937685
1818,SMB,control,42,1.021364206645596,291.57072441524815,1,291.57072441524815
252,Occasional,treatment,68,1.076686967584656,99.88845534300903,1,99.88845534300903
2506,Enterprise,treatment,34,1.1344867469420896,71.99286222450378,1,71.99286222450378
2506,Enterprise,treatment,33,1.2034026046090347,616.29869577167,1,616.29869577167
2506,Enterprise,treatment,20,1.221118488430854,236.7832384798826,1,236.7832384798826
2506,Enterprise,treatment,7,1.1709223624755203,153.6646278052386,1,153.6646278052386
2506,Enterprise,treatment,70,1.1985076279285385,32.632098650637275,1,32.632098650637275
2506,Enterprise,treatment,70,1.131287846953228,180.94279174623892,1,180.94279174623892
1118,SMB,treatment,35,1.0598804054368522,190.20227124111594,1,190.20227124111594
1118,SMB,treatment,55,1.0594085906392665,303.2472999398288,1,303.2472999398288
1412,Occasional,treatment,32,1.0428473279526282,339.4791877324161,1,339.4791877324161
2114,SMB,control,80,0.93611730072851,162.7192754957732,1,162.7192754957732
409,Mid-Market,control,18,0.9891822843140731,79.73571670890117,1,79.73571670890117
409,Mid-Market,control,18,0.9904202185646798,2508.2473102945896,1,2508.2473102945896
409,Mid-Market,control,65,1.0274995204278852,141.37854220058688,1,141.37854220058688
409,Mid-Market,control,57,1.0085153982812751,129.69225523424174,0,0.0
2580,Occasional,treatment,8,1.0983187081695873,63.58136340736211,1,63.58136340736211
2255,Occasional,control,11,1.043329122851429,313.79778056874824,0,0.0
53,SMB,control,85,0.9193523731065802,95.05963617421412,1,95.05963617421412
645,SMB,treatment,75,1.0984297733340944,429.59873898237976,1,429.59873898237976
1764,Mid-Market,treatment,22,1.1400799078546882,173.58761578185698,1,173.58761578185698
1764,Mid-Market,treatment,89,1.1155179768065253,43.05870353291734,0,0.0
1764,Mid-Market,treatment,39,1.1614844799904092,46.35406209682482,1,46.35406209682482
1764,Mid-Market,treatment,63,1.0945248371156568,35.91971400089952,1,35.91971400089952
2777,SMB,treatment,24,1.1021813994017722,105.32197789601642,1,105.32197789601642
901,SMB,treatment,26,1.1115094940840373,216.05372865753935,1,216.05372865753935
1074,Occasional,control,66,0.973574154555018,136.13395158514774,1,136.13395158514774
473,Mid-Market,control,20,0.9987411871478433,86.55892128132305,1,86.55892128132305
473,Mid-Market,control,53,0.9517111897826868,152.09658528994368,1,152.09658528994368
473,Mid-Market,control,53,0.9516348658806599,177.14346093284374,1,177.14346093284374
473,Mid-Market,control,89,0.9912338061650491,218.82690403552962,1,218.82690403552962
473,Mid-Market,control,16,0.9553439165004065,174.6045594273218,1,174.6045594273218
473,Mid-Market,control,76,0.980399404226472,111.51586516721325,1,111.51586516721325
2739,SMB,treatment,9,1.0792703327457793,444.3830053387228,1,444.3830053387228
2547,Occasional,treatment,74,1.0566494608575014,36.53723892539588,1,36.53723892539588
45,Occasional,treatment,45,1.1359670427449402,118.82993538125453,1,118.82993538125453
290,Mid-Market,control,50,0.996636666640147,81.72269171256853,0,0.0
290,Mid-Market,control,6,0.9909139398084899,756.4107376548619,1,756.4107376548619
913,Occasional,control,18,1.0091450260902821,51.003573132229135,1,51.003573132229135
2084,Mid-Market,control,74,0.9316779762940641,100.52011031925328,1,100.52011031925328
2084,Mid-Market,control,69,1.0016074813907296,364.61391470895114,1,364.61391470895114
2084,Mid-Market,control,11,1.000941000982967,221.35150049317332,1,221.35150049317332
2084,Mid-Market,control,45,1.0173001744306143,202.5160169703015,1,202.5160169703015
1361,SMB,control,68,0.9809848590278122,139.69855856865618,1,139.69855856865618
2896,Mid-Market,treatment,12,1.1112769872578452,36.162036269282375,1,36.162036269282375
2604,SMB,treatment,44,1.0617653596071113,97.37289382667522,1,97.37289382667522
1227,SMB,control,21,0.9946737935144208,120.92602317788467,1,120.92602317788467
1227,SMB,control,52,0.9932185495628271,272.7760611230708,1,272.7760611230708
297,Occasional,control,13,0.9644133823448663,137.71618461968777,1,137.71618461968777
1242,Mid-Market,control,32,1.00666270586885,160.17999702663246,1,160.17999702663246
1242,Mid-Market,control,49,1.0040010136296373,22.425573250282962,1,22.425573250282962
1006,Mid-Market,control,9,0.935467271430942,70.03853438636733,1,70.03853438636733
1666,Occasional,treatment,47,1.0603408631431535,68.50795242128873,0,0.0
747,Mid-Market,treatment,18,1.1364274296071644,86.30014036546605,0,0.0
747,Mid-Market,treatment,89,1.1343126973206037,67.84951070178515,1,67.84951070178515
747,Mid-Market,treatment,37,1.1246673100554028,177.4473577872972,1,177.4473577872972
2852,SMB,control,48,0.9456904754883488,61.678760292481,1,61.678760292481
292,Enterprise,treatment,51,1.177723076257466,393.65004547979856,1,393.65004547979856
292,Enterprise,treatment,37,1.1111894465986332,42.65844608677054,1,42.65844608677054
292,Enterprise,treatment,55,1.2162940762172152,94.20926290115408,1,94.20926290115408
292,Enterprise,treatment,84,1.139459540292983,167.55080449758785,1,167.55080449758785
782,Occasional,treatment,59,1.0309191579662422,161.65249118093453,1,161.65249118093453
2145,Mid-Market,control,74,0.9649012260039779,85.0714289650279,1,85.0714289650279
2145,Mid-Market,control,55,0.9844975470402783,123.08538564556282,1,123.08538564556282
2145,Mid-Market,control,28,1.0207196227719781,66.09113852836889,1,66.09113852836889
2145,Mid-Market,control,35,0.9335006531824989,70.50220689095642,1,70.50220689095642
323,Mid-Market,control,19,0.9505540312900579,98.21017593890366,1,98.21017593890366
323,Mid-Market,control,35,0.9744825963459971,100.0788387296364,1,100.0788387296364
323,Mid-Market,control,53,0.949724008010721,85.30160500231852,1,85.30160500231852
299,SMB,treatment,72,1.0872282008433274,111.53373713872405,1,111.53373713872405
1299,SMB,control,3,0.9820618348292898,818.6742480514773,1,818.6742480514773
195,Mid-Market,treatment,60,1.1391221576430814,154.77926118556053,1,154.77926118556053
195,Mid-Market,treatment,49,1.0641882209959026,25.70690793886541,1,25.70690793886541
64,SMB,control,2,0.9626198141584607,331.0303910617302,1,331.0303910617302
394,SMB,treatment,64,1.1045585720305946,117.74778151261087,1,117.74778151261087
728,Enterprise,treatment,68,1.1651843941440798,116.28493312055069,1,116.28493312055069
728,Enterprise,treatment,52,1.15861081642716,190.37305008106637,1,190.37305008106637
728,Enterprise,treatment,76,1.158030243430954,395.811720120761,1,395.811720120761
728,Enterprise,treatment,31,1.1816897077199036,105.49143942146999,1,105.49143942146999
1584,Mid-Market,control,21,0.9970732506825596,122.64084479497838,1,122.64084479497838
1584,Mid-Market,control,73,0.9573411433550537,1598.4234173990014,1,1598.4234173990014
1548,SMB,treatment,63,1.0766830259043143,139.2272157849961,1,139.2272157849961
2426,SMB,control,69,0.9679493591855025,32.09237732624597,1,32.09237732624597
15,SMB,control,32,0.9592831066476947,76.20941249832538,1,76.20941249832538
2568,Mid-Market,control,37,1.0597937308069294,11.325788782033575,1,11.325788782033575
2568,Mid-Market,control,16,0.9613824812807644,55.81186681361255,1,55.81186681361255
1601,Occasional,treatment,63,1.0999300377512562,136.86978167185538,0,0.0
1091,Mid-Market,control,24,0.9229534668277549,695.8093171074566,1,695.8093171074566
1091,Mid-Market,control,49,0.9845758682497436,390.0478469192718,1,390.0478469192718
2112,SMB,treatment,54,1.0145132494881928,42.70280969990325,1,42.70280969990325
2112,SMB,treatment,89,1.1040477712046224,223.579175244267,1,223.579175244267
2112,SMB,treatment,43,1.0895823193816085,329.35980048077874,1,329.35980048077874
204,Mid-Market,treatment,16,1.0939975303341265,332.79348214218675,1,332.79348214218675
204,Mid-Market,treatment,14,1.1287005218499642,56.74440675232838,1,56.74440675232838
204,Mid-Market,treatment,63,1.13283732087643,49.45302073161026,1,49.45302073161026
2419,Enterprise,treatment,33,1.1741946058341615,378.84591773941145,1,378.84591773941145
2419,Enterprise,treatment,39,1.1786734481093704,40.04291480755979,1,40.04291480755979
2419,Enterprise,treatment,9,1.2118088741670916,293.1867414796952,1,293.1867414796952
2419,Enterprise,treatment,54,1.2102452699657191,78.99412664506832,1,78.99412664506832
2419,Enterprise,treatment,68,1.2135331083579417,87.70017928152318,1,87.70017928152318
153,Mid-Market,control,17,0.9217214438983327,671.7843205608821,1,671.7843205608821
153,Mid-Market,control,64,0.9703290362409215,192.0562655627187,1,192.0562655627187
2902,Occasional,treatment,63,1.0778034814934638,89.9944657294054,1,89.9944657294054
1360,Mid-Market,control,49,0.9721590488718694,111.48484785078753,1,111.48484785078753
1360,Mid-Market,control,77,1.001614182027291,45.30317819575916,1,45.30317819575916
1360,Mid-Market,control,51,1.0222175055636513,461.5258706165613,1,461.5258706165613
1360,Mid-Market,control,7,1.0043534201314133,30.680281651156168,1,30.680281651156168
773,SMB,control,71,0.9360422978401325,102.61426560918513,1,102.61426560918513
2679,SMB,control,26,0.9708912777586254,90.2017331035851,1,90.2017331035851
1002,SMB,treatment,21,1.1148883124351612,89.67044523626274,1,89.67044523626274
719,SMB,control,40,0.9914505719730319,180.55324357188496,1,180.55324357188496
613,Occasional,control,48,0.9793959759055432,267.1371520058508,1,267.1371520058508
843,SMB,control,53,0.9834129781519706,27.757326900148094,1,27.757326900148094
267,Mid-Market,treatment,87,1.1308917369649298,376.57225389188693,1,376.57225389188693
267,Mid-Market,treatment,6,1.1648687047851138,215.59758758495477,1,215.59758758495477
52,Enterprise,treatment,44,1.1961868066689336,77.35030824583522,1,77.35030824583522
1196,Mid-Market,treatment,67,1.1488293891633785,498.75033573364317,1,498.75033573364317
1196,Mid-Market,treatment,40,1.1427045178565138,48.237001140147655,1,48.237001140147655
1196,Mid-Market,treatment,58,1.1197815686681105,400.09117816285914,1,400.09117816285914
1196,Mid-Market,treatment,1,1.078720097414647,44.18592795897849,1,44.18592795897849
1196,Mid-Market,treatment,34,1.1306585478086506,108.30579384145416,1,108.30579384145416
1271,Occasional,control,30,0.9258484395873458,178.91649483775765,1,178.91649483775765
1492,SMB,treatment,50,1.0675622922780938,158.61033468513773,1,158.61033468513773
1583,Mid-Market,treatment,36,1.1138271248999312,210.19544994110123,1,210.19544994110123
1583,Mid-Market,treatment,58,1.1155460929491783,128.32398378813497,1,128.32398378813497
1583,Mid-Market,treatment,85,1.1573000485995042,382.16437988765875,1,382.16437988765875
1583,Mid-Market,treatment,69,1.1230043315926086,217.06774027256253,0,0.0
522,Mid-Market,control,76,0.9795095348497344,82.31814549581814,1,82.31814549581814
522,Mid-Market,control,84,0.986097028522582,162.20442954642078,1,162.20442954642078
522,Mid-Market,control,27,0.987174147282591,28.88017449676872,1,28.88017449676872
1695,SMB,control,7,0.9468099482861538,242.41272454489805,1,242.41272454489805
2664,Mid-Market,treatment,72,1.1501396023120247,161.63506598667644,1,161.63506598667644
2749,SMB,treatment,69,1.067900879153041,39.846286617447625,0,0.0
1922,Mid-Market,treatment,38,1.1139343859200677,97.42246589552173,1,97.42246589552173
1922,Mid-Market,treatment,44,1.1345992541331065,192.53001030482065,1,192.53001030482065
103,Mid-Market,treatment,35,1.1311233163482561,256.7217694674567,0,0.0
103,Mid-Market,treatment,38,1.093853560125144,148.15380818028106,1,148.15380818028106
103,Mid-Market,treatment,52,1.0844750918976116,59.6425784183821,1,59.6425784183821
696,SMB,control,17,0.9836876646886247,60.00702736431892,1,60.00702736431892
2333,SMB,treatment,60,1.0635218318773398,50.194830900175035,0,0.0
2725,Mid-Market,control,52,0.9612413346071925,67.56154472977643,1,67.56154472977643
2725,Mid-Market,control,53,1.0074867982824955,66.92632986482457,1,66.92632986482457
2725,Mid-Market,control,65,0.9883958362733564,322.5142794061325,1,322.5142794061325
2725,Mid-Market,control,25,1.0008058616867657,65.82806225830699,1,65.82806225830699
2273,SMB,treatment,63,1.0870198422790882,84.73107147361374,1,84.73107147361374
2483,Mid-Market,control,25,0.9629963395552004,79.49320931018715,1,79.49320931018715
2483,Mid-Market,control,80,0.986728275454391,74.85890638754783,1,74.85890638754783
1843,Mid-Market,control,51,1.0088386086617993,578.9218918039015,1,578.9218918039015
1831,SMB,control,55,0.9178960981593365,301.6160719825752,1,301.6160719825752
1831,SMB,control,21,0.9492774453001985,137.19661340024615,1,137.19661340024615
795,Enterprise,treatment,14,1.1999078435372053,66.2879751768697,0,0.0
795,Enterprise,treatment,24,1.2408716425392774,969.7819645400859,1,969.7819645400859
795,Enterprise,treatment,61,1.0908902056377374,26.71046561057358,1,26.71046561057358
1821,Occasional,control,11,0.9623282160241802,555.1600408734189,1,555.1600408734189
2002,SMB,treatment,48,1.132457035433326,277.0304294660925,1,277.0304294660925
145,SMB,control,42,0.8755855036527539,119.27496294304188,1,119.27496294304188
2526,Mid-Market,treatment,51,1.1593519528574514,122.45716760897051,1,122.45716760897051
1331,SMB,control,15,0.9311753001714228,62.546693913586466,1,62.546693913586466
2478,Mid-Market,control,54,0.9752936570663939,82.49896102750877,1,82.49896102750877
2478,Mid-Market,control,22,0.9727515412648773,359.5904500263526,1,359.5904500263526
2478,Mid-Market,control,29,0.9757619759108478,80.41742428269049,1,80.41742428269049
2882,Mid-Market,treatment,44,1.138460332835972,42.40837215899924,1,42.40837215899924
2882,Mid-Market,treatment,41,1.1016070559388171,221.9858651909869,1,221.9858651909869
2882,Mid-Market,treatment,89,1.1268104483716475,466.3590678189111,0,0.0
2882,Mid-Market,treatment,59,1.1291927995884403,204.48591433072627,1,204.48591433072627
322,SMB,treatment,89,1.083062798887364,367.4921467609273,0,0.0
1262,Mid-Market,treatment,30,1.136272684253353,81.93540535814836,1,81.93540535814836
1262,Mid-Market,treatment,44,1.1254288055763213,59.84171230385059,1,59.84171230385059
1262,Mid-Market,treatment,39,1.1530278078871619,70.56092969655231,1,70.56092969655231
2415,SMB,treatment,15,1.0742551569085577,331.106896290143,1,331.106896290143
1270,SMB,treatment,70,1.0898658115571112,230.25875463351306,1,230.25875463351306
1761,Mid-Market,treatment,29,1.1040533204625425,42.99360177565129,1,42.99360177565129
417,Mid-Market,treatment,77,1.1429802152405053,86.78219740352002,1,86.78219740352002
417,Mid-Market,treatment,15,1.1280387435667398,175.9865791715277,1,175.9865791715277
417,Mid-Market,treatment,21,1.142424117811884,125.63641318229925,1,125.63641318229925
2632,SMB,control,77,1.0135585306261723,350.3096308876038,0,0.0
2292,SMB,control,21,0.9918919561304295,182.96527398967865,1,182.96527398967865
175,Mid-Market,control,86,0.9892895234973267,56.06828921563297,1,56.06828921563297
175,Mid-Market,control,30,0.9697053162905949,314.3068374440305,1,314.3068374440305
175,Mid-Market,control,24,0.9498498992077729,151.3310277406624,1,151.3310277406624
1726,Enterprise,control,63,1.0540081681684392,346.46106689010406,1,346.46106689010406
1726,Enterprise,control,63,1.0219423758977477,63.04343668355543,1,63.04343668355543
1726,Enterprise,control,5,1.0732532253554348,178.05111396205635,1,178.05111396205635
1726,Enterprise,control,56,1.0629771684162457,111.87322069827094,1,111.87322069827094
2176,SMB,treatment,61,1.0834482761393367,89.56049180754418,1,89.56049180754418
46,SMB,treatment,8,1.069404837387747,84.01596694830037,1,84.01596694830037
686,Mid-Market,treatment,41,1.1161449551322453,77.76991213856712,1,77.76991213856712
686,Mid-Market,treatment,44,1.0860951660138563,242.52317910048657,1,242.52317910048657
686,Mid-Market,treatment,12,1.1042180465035722,189.44523949694394,1,189.44523949694394
1608,Mid-Market,control,14,1.0089549491362482,79.06535680743227,1,79.06535680743227
1232,SMB,control,84,1.0102424807719304,31.436527844721535,1,31.436527844721535
863,SMB,control,10,0.8929188272321197,489.0494508953253,1,489.0494508953253
1966,Enterprise,control,4,1.039731842228014,118.6770597102693,1,118.6770597102693
1966,Enterprise,control,59,1.060978932443197,190.06478591420773,1,190.06478591420773
1966,Enterprise,control,13,1.0509452988843218,549.4693567146214,1,549.4693567146214
1966,Enterprise,control,43,1.0598172024561694,198.66909113750182,1,198.66909113750182
1966,Enterprise,control,53,1.0533450763344354,180.874813645276,1,180.874813645276
1966,Enterprise,control,51,1.0166170213072638,40.44365984532762,1,40.44365984532762
332,Mid-Market,control,55,1.0014243622667085,67.73021786179666,1,67.73021786179666
332,Mid-Market,control,71,0.9734564774627411,183.70463113348166,1,183.70463113348166
332,Mid-Market,control,33,0.9773119111943873,187.34945981386429,1,187.34945981386429
94,Mid-Market,control,86,0.9952623066281012,170.9875027447798,1,170.9875027447798
1642,Mid-Market,treatment,47,1.1196929808931009,510.98840281420905,1,510.98840281420905
1642,Mid-Market,treatment,10,1.1456225435013225,102.23002752598693,1,102.23002752598693
1642,Mid-Market,treatment,44,1.1246351842465245,104.41352973816198,1,104.41352973816198
1642,Mid-Market,treatment,17,1.1434893279044576,541.1830743555272,1,541.1830743555272
2987,Enterprise,treatment,39,1.1913981861039036,347.50241202892835,1,347.50241202892835
2987,Enterprise,treatment,72,1.1504620566742363,29.838182867649827,1,29.838182867649827
507,Mid-Market,treatment,82,1.1435848286404509,219.0824422197603,0,0.0
507,Mid-Market,treatment,50,1.1063661431756755,207.61646536877575,1,207.61646536877575
2910,SMB,control,53,0.9813388667501055,56.939323729557756,1,56.939323729557756
2046,Enterprise,treatment,51,1.1482319883370424,800.9934107050304,0,0.0
2046,Enterprise,treatment,55,1.2023328294331068,122.854660981025,1,122.854660981025
2046,Enterprise,treatment,17,1.1760115224338779,359.469382771015,1,359.469382771015
2046,Enterprise,treatment,0,1.1883093679143653,1081.2333726254371,1,1081.2333726254371
2046,Enterprise,treatment,34,1.1952551093329042,261.23938947382965,1,261.23938947382965
496,SMB,treatment,6,1.0962790545874015,106.31654182167065,1,106.31654182167065
496,SMB,treatment,1,1.0229819359642964,79.71496503544265,1,79.71496503544265
2133,Occasional,treatment,65,1.1069805467211469,204.76606150639378,0,0.0
1,SMB,treatment,50,1.0954585108133523,301.2859791558217,1,301.2859791558217
315,Mid-Market,control,27,0.931163768291351,28.086948040127307,1,28.086948040127307
315,Mid-Market,control,77,0.9940024066296005,130.17305564019995,1,130.17305564019995
315,Mid-Market,control,2,0.994916036215616,104.49190129940187,1,104.49190129940187
1273,Mid-Market,treatment,81,1.0571095223234894,295.7485648836912,1,295.7485648836912
1273,Mid-Market,treatment,80,1.1386683302938356,1072.3167939697682,1,1072.3167939697682
1273,Mid-Market,treatment,68,1.0878754199365566,114.81037754497898,1,114.81037754497898
1942,SMB,treatment,38,1.055284722349859,267.51533056849115,1,267.51533056849115
2968,Mid-Market,treatment,6,1.1285821502365951,34.3839739859745,1,34.3839739859745
1317,SMB,treatment,66,1.0356214098025174,53.040969442678055,1,53.040969442678055
1317,SMB,treatment,68,1.1286772559963656,19.770914860398705,1,19.770914860398705
1317,SMB,treatment,20,1.0692645874018032,388.24187092051295,1,388.24187092051295
756,Mid-Market,treatment,70,1.1480230642396458,368.81480918258626,0,0.0
756,Mid-Market,treatment,62,1.1152187552852597,102.48956033560525,1,102.48956033560525
756,Mid-Market,treatment,34,1.1637699337235092,62.75339100489383,1,62.75339100489383
1771,SMB,treatment,33,1.0541805421445165,494.28180549655116,1,494.28180549655116
1771,SMB,treatment,6,1.1122515003568971,72.81560291890577,1,72.81560291890577
1771,SMB,treatment,1,1.0548853464842265,160.19159645686068,1,160.19159645686068
1201,SMB,control,54,0.9164365965908038,126.19512723585174,1,126.19512723585174
2175,Mid-Market,treatment,54,1.127600430982567,60.659092455208985,0,0.0
1992,SMB,treatment,47,1.1060759053357292,20.175446766626074,1,20.175446766626074
880,SMB,treatment,79,1.1062854399630386,33.429420768596934,1,33.429420768596934
766,Enterprise,control,53,0.989347714447713,178.32546201049473,1,178.32546201049473
766,Enterprise,control,30,1.0506608652674276,352.9080874479127,1,352.9080874479127
766,Enterprise,control,35,1.069909142872784,172.19277408386503,1,172.19277408386503
928,Occasional,treatment,10,1.0853037692763787,184.86785987358,1,184.86785987358
2378,SMB,treatment,6,1.0806854857643369,120.25513139695204,1,120.25513139695204
1375,Occasional,control,25,0.8948989563115167,110.37202341793247,1,110.37202341793247
1815,SMB,control,13,0.9761814367037662,468.67753767400325,1,468.67753767400325
1799,SMB,control,79,1.0024680639980172,72.43267306729203,1,72.43267306729203
930,SMB,control,83,0.9953125621681224,104.63677344626585,1,104.63677344626585
930,SMB,control,28,0.9911307676280013,85.43706748926395,1,85.43706748926395
930,SMB,control,69,1.0059116614609915,258.2249644842179,1,258.2249644842179
437,Mid-Market,treatment,62,1.0968755613605345,225.73392061092426,1,225.73392061092426
197,SMB,treatment,69,1.0540270349939518,157.7079463172216,1,157.7079463172216
1763,Mid-Market,treatment,53,1.1392707064722658,120.53266819417391,0,0.0
1065,Mid-Market,control,80,0.9966138071991363,146.19106707529414,1,146.19106707529414
2343,SMB,control,65,0.9925579991634147,235.5067819245543,1,235.5067819245543
2529,SMB,treatment,14,1.0700641087647587,69.95742050769526,1,69.95742050769526
2529,SMB,treatment,37,1.0501468485716867,47.37524667225647,1,47.37524667225647
1269,SMB,treatment,66,1.0810033294644008,273.5634237196095,1,273.5634237196095
1269,SMB,treatment,10,1.0788104276884818,126.1474334098482,1,126.1474334098482
2324,Mid-Market,control,82,1.0182637945585777,292.76936212631637,1,292.76936212631637
2324,Mid-Market,control,12,1.0238062774471952,151.32519570777788,1,151.32519570777788
2780,Mid-Market,treatment,45,1.0769326772500856,108.42323253076661,1,108.42323253076661
2780,Mid-Market,treatment,20,1.122234538723111,79.54364384618803,1,79.54364384618803
2226,Mid-Market,control,87,1.0164645370908532,179.68763192712495,1,179.68763192712495
451,Enterprise,control,2,1.0109696197712654,269.38835607347,1,269.38835607347
451,Enterprise,control,42,1.0800443727033355,59.11417715837143,1,59.11417715837143
451,Enterprise,control,62,0.9989180577252063,89.73859535633544,1,89.73859535633544
2165,Occasional,control,21,0.9690638344431162,370.78868545501143,1,370.78868545501143
2373,Mid-Market,treatment,60,1.1416494869544036,64.7391753171932,1,64.7391753171932
2013,Mid-Market,control,71,0.9240767074169959,489.7635757152534,1,489.7635757152534
271,Enterprise,treatment,57,1.1702614333364767,107.0213308425661,1,107.0213308425661
271,Enterprise,treatment,16,1.1736078889213357,27.918532945259418,1,27.918532945259418
271,Enterprise,treatment,71,1.177279228327291,148.76095443077844,1,148.76095443077844
271,Enterprise,treatment,59,1.1969602344261399,109.94371664186811,1,109.94371664186811
271,Enterprise,treatment,13,1.2144512093249624,99.85865972653863,1,99.85865972653863
1841,Enterprise,control,85,1.0641613073169618,130.6491609341559,1,130.6491609341559
1841,Enterprise,control,21,1.061086263593209,164.41461626501766,1,164.41461626501766
1841,Enterprise,control,8,1.0129569311726259,122.83007099067116,1,122.83007099067116
2935,SMB,control,80,0.9423928603545125,48.008739571451954,0,0.0
979,SMB,control,14,1.0070004279811955,244.46069556566152,1,244.46069556566152
2167,Occasional,control,48,0.9515682856008745,57.66320355399557,1,57.66320355399557
355,SMB,treatment,7,1.0585829472862025,291.4160513769029,1,291.4160513769029
355,SMB,treatment,51,1.074846587911803,42.977130183510326,1,42.977130183510326
1877,Mid-Market,control,84,1.0155367076980777,473.77109486071265,1,473.77109486071265
1877,Mid-Market,control,46,1.0418508930228572,122.33098103353359,1,122.33098103353359
1877,Mid-Market,control,51,0.9846521611387341,120.71390839346985,1,120.71390839346985
185,SMB,treatment,71,1.10925468546259,295.88979297083,1,295.88979297083
185,SMB,treatment,88,1.008006721747422,266.9812138906221,1,266.9812138906221
185,SMB,treatment,70,1.045711066846163,23.958038484975184,1,23.958038484975184
2745,Mid-Market,control,49,0.9415967708516269,78.01247491309566,0,0.0
2745,Mid-Market,control,56,1.0166982967065366,18.457880044091205,1,18.457880044091205
2745,Mid-Market,control,23,0.9769622618630971,33.952262893290936,1,33.952262893290936
1615,Occasional,treatment,9,1.0372186010873474,636.991935100504,0,0.0
2760,SMB,treatment,34,1.0407893180012397,187.09156594930155,1,187.09156594930155
1707,Mid-Market,treatment,54,1.1032950721137615,556.5767723555831,1,556.5767723555831
1862,Occasional,treatment,45,1.094077811787049,553.0090510142281,1,553.0090510142281
1862,Occasional,treatment,68,1.0761991516814826,155.6746401464762,1,155.6746401464762
247,SMB,control,23,0.971496457030433,60.174070684823484,1,60.174070684823484
247,SMB,control,86,0.9924864568316796,53.72607402628895,1,53.72607402628895
247,SMB,control,86,0.9931652410464057,63.79588983384567,1,63.79588983384567
556,Mid-Market,control,89,0.9694690868887799,87.4646561676387,1,87.4646561676387
556,Mid-Market,control,8,0.9456750346842516,97.68729772401645,1,97.68729772401645
556,Mid-Market,control,72,0.9663907025910747,109.9969005925577,1,109.9969005925577
556,Mid-Market,control,66,0.9955941634100806,155.13522794479024,1,155.13522794479024
1753,Occasional,treatment,71,1.0396854235408428,209.7560065261204,0,0.0
1365,SMB,treatment,25,1.0430705416107653,60.07372377566429,1,60.07372377566429
68,Mid-Market,treatment,3,1.1096040288254623,70.71638833961298,0,0.0
2619,SMB,treatment,30,1.0644645122005152,80.4722525260539,1,80.4722525260539
2619,SMB,treatment,53,0.9995957666644337,887.8949683264478,1,887.8949683264478
2285,Mid-Market,control,38,0.9881821897275717,76.5624355170461,1,76.5624355170461
2285,Mid-Market,control,35,0.9671532577074854,154.77268023912416,1,154.77268023912416
533,Mid-Market,treatment,54,1.1055074880422506,1440.858233757624,0,0.0
533,Mid-Market,treatment,21,1.0899634879988394,254.49171214878712,1,254.49171214878712
533,Mid-Market,treatment,47,1.082542932145988,103.90541714758899,1,103.90541714758899
2874,Mid-Market,treatment,2,1.139358737000071,61.5437612124895,1,61.5437612124895
2874,Mid-Market,treatment,45,1.1617651802064024,173.64499973049456,1,173.64499973049456
2874,Mid-Market,treatment,63,1.17179414187767,245.03211510696934,0,0.0
2874,Mid-Market,treatment,34,1.124907356495091,50.34677646053004,1,50.34677646053004
2706,SMB,control,60,0.9580697313840114,151.7846037829691,1,151.7846037829691
2706,SMB,control,11,0.9865211013212352,189.6548430189365,1,189.6548430189365
1503,Mid-Market,control,56,0.9660299803224985,198.98484268658123,1,198.98484268658123
1503,Mid-Market,control,20,0.9432034318833863,388.2514423114096,1,388.2514423114096
762,Mid-Market,control,0,0.9282637038250043,44.060966350891285,1,44.060966350891285
762,Mid-Market,control,64,1.0199912128891286,320.7120473566164,1,320.7120473566164
2753,Occasional,control,24,0.9399350414104587,65.02403867618033,0,0.0
1212,SMB,control,42,0.9923674760101564,70.18128150866498,1,70.18128150866498
1212,SMB,control,81,0.9811978553759174,95.07365225127892,1,95.07365225127892
1212,SMB,control,32,0.9550541193956271,178.3303712080537,1,178.3303712080537
2244,Mid-Market,treatment,57,1.098865275237921,346.56269537769924,1,346.56269537769924
1794,SMB,control,62,1.00795355032087,78.10085849106247,1,78.10085849106247
536,Mid-Market,treatment,39,1.057543715954454,85.6404444370053,0,0.0
536,Mid-Market,treatment,85,1.095728269879247,106.82233765408752,1,106.82233765408752
536,Mid-Market,treatment,31,1.1952879993216148,166.69679106159793,1,166.69679106159793
1747,SMB,treatment,50,1.0985505686601105,102.2490105507599,1,102.2490105507599
1747,SMB,treatment,10,1.0582682735972493,113.42022065980379,1,113.42022065980379
464,Mid-Market,treatment,77,1.1227480542071402,288.95261096779194,1,288.95261096779194
464,Mid-Market,treatment,19,1.1467066903186178,92.65415158639578,0,0.0
464,Mid-Market,treatment,15,1.1465097429247362,52.40248663724483,0,0.0
464,Mid-Market,treatment,48,1.0774862153737748,26.96434109907595,1,26.96434109907595
2678,SMB,control,56,0.9372537872273148,187.0097452547186,1,187.0097452547186
1840,SMB,control,24,0.9851399869490531,1238.8010398220124,1,1238.8010398220124
1840,SMB,control,27,0.9854893458576864,128.46636294844424,1,128.46636294844424
2863,Mid-Market,control,66,1.0011239220369692,195.0240397185566,1,195.0240397185566
2863,Mid-Market,control,0,1.0164352083216424,95.5850889689927,1,95.5850889689927
2863,Mid-Market,control,7,1.0254286035329998,93.78611424370435,1,93.78611424370435
2863,Mid-Market,control,16,0.9757950853488072,28.911229875311367,1,28.911229875311367
2863,Mid-Market,control,32,0.9817128285644512,43.50830125506525,1,43.50830125506525
2863,Mid-Market,control,42,0.9648099217731574,55.16930946653405,1,55.16930946653405
125,Enterprise,control,33,1.047481269976487,139.02956249718326,1,139.02956249718326
125,Enterprise,control,18,1.0545614788513196,188.38740659435507,1,188.38740659435507
125,Enterprise,control,11,1.0699155392696051,342.27714129454694,1,342.27714129454694
125,Enterprise,control,53,1.0359530452403163,92.56486897664047,1,92.56486897664047
179,Occasional,control,84,1.005467774688597,80.04387188530676,1,80.04387188530676
193,Mid-Market,treatment,68,1.0995281891405857,190.97809353677266,1,190.97809353677266
193,Mid-Market,treatment,44,1.1504793906717883,35.47057165161443,0,0.0
2308,SMB,control,64,1.0105674909453344,178.35389333015036,1,178.35389333015036
2308,SMB,control,52,0.9341997758684941,278.03998482099854,1,278.03998482099854
1430,SMB,control,20,0.9782041731536828,538.4470213923316,1,538.4470213923316
1692,Occasional,control,81,0.9444780601605867,92.58218437346564,1,92.58218437346564
742,Mid-Market,treatment,83,1.1044673271083025,104.47493342350037,1,104.47493342350037
742,Mid-Market,treatment,71,1.1279843752764185,193.38833892135065,1,193.38833892135065
1035,Mid-Market,control,47,0.9878111802490482,280.1465946749292,1,280.1465946749292
1967,SMB,control,82,0.9596182389282846,254.06492214269613,1,254.06492214269613
479,SMB,control,34,0.9239441210465198,17.376509568503828,1,17.376509568503828
479,SMB,control,34,0.9643735319477352,302.265314528409,1,302.265314528409
1028,Mid-Market,control,15,0.9783206403539007,136.7712468335012,0,0.0
1028,Mid-Market,control,84,0.9809492706477245,203.07082409785104,1,203.07082409785104
1028,Mid-Market,control,12,1.0488214528279083,28.668769704960255,1,28.668769704960255
1028,Mid-Market,control,79,1.0040735951141715,125.10629226688413,1,125.10629226688413
1028,Mid-Market,control,60,1.010513781114445,18.627147472089057,1,18.627147472089057
1028,Mid-Market,control,3,1.058779997749148,68.64457964857596,1,68.64457964857596
2602,SMB,treatment,65,1.06640500246769,103.71283991817087,1,103.71283991817087
369,Mid-Market,treatment,18,1.0937855984270795,317.3028349976255,1,317.3028349976255
369,Mid-Market,treatment,25,1.1299740729273364,275.17039481814754,1,275.17039481814754
369,Mid-Market,treatment,34,1.12723459499706,127.59738924764616,1,127.59738924764616
2524,SMB,treatment,57,1.0277053944509154,41.059280758972996,1,41.059280758972996
846,Occasional,control,71,0.9855199980454956,160.9353334450943,1,160.9353334450943
257,SMB,control,68,0.9378385579602643,123.6144148579993,1,123.6144148579993
257,SMB,control,50,1.0208305089776835,46.78082145582579,1,46.78082145582579
1223,Occasional,treatment,38,1.0757753579141767,130.8117217524718,1,130.8117217524718
1993,Mid-Market,control,11,1.0153740097353534,119.93990128283507,1,119.93990128283507
1993,Mid-Market,control,0,0.9572434680522486,70.81746517830287,1,70.81746517830287
212,SMB,treatment,75,1.1090518444948296,72.8435355890057,1,72.8435355890057
2690,SMB,treatment,70,1.0099853922166104,261.2962972882983,1,261.2962972882983
1950,Occasional,control,69,0.9373016451574062,89.37354996904408,1,89.37354996904408
1363,SMB,treatment,64,1.0871683530508647,192.61404591435598,1,192.61404591435598
2152,Enterprise,treatment,49,1.1640440207954998,379.03035285747404,1,379.03035285747404
2152,Enterprise,treatment,67,1.2019045150514616,98.34055619586783,1,98.34055619586783
2152,Enterprise,treatment,81,1.1946521425914478,80.39956751890627,1,80.39956751890627
2152,Enterprise,treatment,23,1.19567422906073,129.59723489913407,1,129.59723489913407
2154,SMB,treatment,77,1.0217895948309472,88.4686465192515,1,88.4686465192515
2154,SMB,treatment,42,1.0308639838853668,157.25753358205978,1,157.25753358205978
568,Enterprise,treatment,67,1.1682967283041124,200.86903941474768,1,200.86903941474768
568,Enterprise,treatment,35,1.1666017194582803,122.81897027216839,1,122.81897027216839
568,Enterprise,treatment,35,1.1130109600054432,87.4410519087349,0,0.0
2207,SMB,treatment,6,1.0648110148065995,121.51217620261981,1,121.51217620261981
2207,SMB,treatment,37,1.0274875473678524,220.14011868913752,1,220.14011868913752
2207,SMB,treatment,84,1.0996372982611224,1398.4351220833398,1,1398.4351220833398
2094,Mid-Market,control,75,1.0000868588182992,180.0306442467039,1,180.0306442467039
2094,Mid-Market,control,20,0.9720360557206013,61.1164192771391,1,61.1164192771391
2094,Mid-Market,control,45,0.9744765734558241,302.81364736555383,1,302.81364736555383
2094,Mid-Market,control,20,0.9796164808169711,42.071877599487856,1,42.071877599487856
1711,SMB,treatment,71,1.0289050347353685,60.77702939397747,1,60.77702939397747
1264,Occasional,treatment,11,1.0968989455163258,130.38279920940806,1,130.38279920940806
2124,Mid-Market,treatment,53,1.090832813336663,32.169705870594804,1,32.169705870594804
2124,Mid-Market,treatment,15,1.1188680040507495,177.24620923857012,1,177.24620923857012
2124,Mid-Market,treatment,23,1.0959847361460817,238.68322304825892,1,238.68322304825892
2124,Mid-Market,treatment,7,1.1130186579502581,442.1858922688818,1,442.1858922688818
799,SMB,control,72,0.9466727338193729,497.8209746786335,1,497.8209746786335
799,SMB,control,89,0.9834558193594688,115.13687005006014,1,115.13687005006014
81,SMB,control,72,0.9881033191773076,236.70014318998517,1,236.70014318998517
33,Mid-Market,control,18,0.9500926900084403,123.69607772761023,1,123.69607772761023
415,Enterprise,control,27,1.0120591370132175,178.0531830416748,1,178.0531830416748
415,Enterprise,control,0,1.0402187355293253,303.2749101518746,1,303.2749101518746
1805,SMB,treatment,82,0.9923795767156841,37.11023209902333,0,0.0
1805,SMB,treatment,85,1.1253533502835065,42.86211860415128,1,42.86211860415128
2214,SMB,control,50,0.9779148946568469,115.28972740745571,1,115.28972740745571
2214,SMB,control,57,0.966560447417988,90.20622614926242,1,90.20622614926242
2214,SMB,control,38,0.9659517631259898,135.18441202487068,0,0.0
2214,SMB,control,3,0.9739606640698444,171.08908687183558,1,171.08908687183558
1322,SMB,treatment,84,1.0698922809747649,181.92377922455054,1,181.92377922455054
1568,Enterprise,control,12,1.0323812412711024,33.487428795748095,1,33.487428795748095
1568,Enterprise,control,13,1.0538613614599077,71.93217838868667,1,71.93217838868667
1568,Enterprise,control,89,1.0959763382165095,1174.2125897987166,1,1174.2125897987166
1568,Enterprise,control,70,1.0562296491752237,211.2353541750614,1,211.2353541750614
1568,Enterprise,control,75,1.0648845367881823,147.3131060012413,1,147.3131060012413
784,SMB,treatment,31,1.110752518765831,287.7810923004672,1,287.7810923004672
2992,SMB,control,20,1.0443990010777575,98.33987529043277,1,98.33987529043277
1413,Occasional,treatment,24,1.0924924436144519,65.51756792962055,1,65.51756792962055
458,SMB,treatment,50,1.0920923559547584,41.08637725078351,0,0.0
140,Mid-Market,control,13,1.0754339961662343,356.81269721701483,1,356.81269721701483
2231,Mid-Market,control,55,0.9723075992715414,81.45940339617395,1,81.45940339617395
2231,Mid-Market,control,53,1.0122302808196013,269.04853045171046,1,269.04853045171046
2231,Mid-Market,control,50,0.9530354527111201,1056.1005033070956,0,0.0
2231,Mid-Market,control,19,0.9944414440758873,106.58240070674997,1,106.58240070674997
1026,Mid-Market,treatment,75,1.1177132726205266,42.271591609784686,1,42.271591609784686
1026,Mid-Market,treatment,32,1.088634393241898,57.09230235605044,1,57.09230235605044
1026,Mid-Market,treatment,87,1.1521136438152992,58.56622449173353,1,58.56622449173353
1026,Mid-Market,treatment,62,1.0849116085931194,295.7446373836865,0,0.0
1026,Mid-Market,treatment,87,1.127016306816595,167.10792752386766,1,167.10792752386766
1026,Mid-Market,treatment,30,1.1485084584809742,392.6727830691534,1,392.6727830691534
89,Mid-Market,treatment,87,1.117164142509319,82.03712246992917,1,82.03712246992917
89,Mid-Market,treatment,68,1.1391287154300993,125.86808713488718,1,125.86808713488718
1443,Mid-Market,control,25,0.9731853691329346,348.9591487024492,1,348.9591487024492
1443,Mid-Market,control,34,0.9947418705600468,27.2980058222721,1,27.2980058222721
1443,Mid-Market,control,66,0.9494364035650545,60.30048818275062,0,0.0
1443,Mid-Market,control,88,0.9920588048501189,254.9914515655202,1,254.9914515655202
1443,Mid-Market,control,44,0.9706614771557941,365.1308623229583,1,365.1308623229583
1443,Mid-Market,control,60,0.9660172995014268,28.14726723093455,1,28.14726723093455
1443,Mid-Market,control,46,0.9869299814691495,49.22542341652768,1,49.22542341652768
1832,Occasional,treatment,27,1.07373925635367,50.82821056856257,1,50.82821056856257
2577,SMB,control,51,0.9541415245643331,49.20147238967715,1,49.20147238967715
2577,SMB,control,23,0.9545664596972345,89.88060435398532,1,89.88060435398532
255,Mid-Market,treatment,80,1.0804918974900346,415.58542595354066,1,415.58542595354066
255,Mid-Market,treatment,46,1.1418412122518637,537.4600493804144,1,537.4600493804144
255,Mid-Market,treatment,13,1.0474040784549612,60.61022362288217,1,60.61022362288217
255,Mid-Market,treatment,28,1.1430890619561456,142.24550175930912,1,142.24550175930912
606,SMB,control,34,0.9829095109121931,93.63914934817355,1,93.63914934817355
606,SMB,control,57,0.917745298291855,153.58675819059835,1,153.58675819059835
606,SMB,control,72,0.9884564084595097,124.15168192985902,0,0.0
606,SMB,control,70,0.9763631566329328,59.68674505599074,1,59.68674505599074
606,SMB,control,28,0.9340726619512361,55.96384847578175,1,55.96384847578175
1045,Enterprise,control,27,1.0340859511213596,492.4653053309239,1,492.4653053309239
1045,Enterprise,control,67,1.0740542840020852,85.118455724125,1,85.118455724125
569,Mid-Market,control,17,0.9720641409547491,365.2309269911007,1,365.2309269911007
1733,SMB,control,81,0.9928697151652516,225.5310917399643,1,225.5310917399643
2543,Mid-Market,control,20,0.9788066731594536,105.87696027105068,1,105.87696027105068
2543,Mid-Market,control,29,0.9717527420840568,32.582041236835806,1,32.582041236835806
2543,Mid-Market,control,20,0.9653241348324485,372.4586767680155,0,0.0
858,Occasional,treatment,36,1.032562913707667,35.59436998885183,0,0.0
2473,SMB,control,49,0.994574183529695,763.7332809416954,1,763.7332809416954
2473,SMB,control,9,0.9505582037098536,241.6011651999952,1,241.6011651999952
818,SMB,control,16,0.9687019545341646,155.23138524733704,1,155.23138524733704
2031,Enterprise,treatment,72,1.2134904855029016,536.410403697833,0,0.0
2031,Enterprise,treatment,16,1.195904480030267,123.69259047431096,1,123.69259047431096
1878,Mid-Market,treatment,74,1.1129273988080846,368.055107896643,1,368.055107896643
142,SMB,control,15,0.9581099908681824,52.119710051648816,1,52.119710051648816
444,Mid-Market,treatment,84,1.1451158135237536,273.7214687590165,1,273.7214687590165
444,Mid-Market,treatment,87,1.0984336694583328,145.06133362476308,1,145.06133362476308
444,Mid-Market,treatment,11,1.1416145275394116,33.09195094687897,1,33.09195094687897
444,Mid-Market,treatment,70,1.1140657559374212,139.04607730190415,1,139.04607730190415
1175,SMB,treatment,43,1.0338453105636034,138.42662914679974,1,138.42662914679974
1175,SMB,treatment,71,1.062628883093909,33.31642857084688,0,0.0
487,SMB,treatment,8,1.084369164780642,45.155873768450306,1,45.155873768450306
882,SMB,control,66,1.0291323712767846,79.70747727414401,1,79.70747727414401
2565,SMB,control,12,0.9808101508780952,117.36991993386376,1,117.36991993386376
2565,SMB,control,3,1.0205005410516188,68.31970189592936,1,68.31970189592936
1085,Occasional,treatment,18,1.10537768568591,189.63258785803677,0,0.0
1300,Mid-Market,treatment,16,1.1204204437700989,716.1360498849461,1,716.1360498849461
1300,Mid-Market,treatment,64,1.1048440002600748,650.7459319022443,1,650.7459319022443
1300,Mid-Market,treatment,32,1.1089683485812476,176.83076834132237,0,0.0
1300,Mid-Market,treatment,86,1.1503855059717312,389.5711239615803,1,389.5711239615803
1300,Mid-Market,treatment,12,1.1462183776878916,418.4645182686187,0,0.0
1300,Mid-Market,treatment,89,1.1046212467647893,61.77608620827093,1,61.77608620827093
1300,Mid-Market,treatment,45,1.1043418565235867,41.83782914799373,1,41.83782914799373
1300,Mid-Market,treatment,49,1.123662589800848,168.94999299223977,1,168.94999299223977
176,Enterprise,treatment,47,1.162935539829799,151.3836886329933,1,151.3836886329933
176,Enterprise,treatment,86,1.1481158739316244,837.8364299286059,0,0.0
176,Enterprise,treatment,74,1.1570230863968325,120.17699103507107,1,120.17699103507107
1095,SMB,treatment,12,1.0836933344696968,270.90554294009144,1,270.90554294009144
2701,SMB,control,18,1.0424400256395634,75.4619502741749,1,75.4619502741749
2847,Mid-Market,control,67,1.0196250235124507,134.55941728588857,1,134.55941728588857
2847,Mid-Market,control,48,0.9906735372679036,55.59419353097519,1,55.59419353097519
2847,Mid-Market,control,32,1.0026112879031048,239.5025508115138,1,239.5025508115138
1964,Mid-Market,control,2,1.0071655128919412,119.60292695041733,1,119.60292695041733
1964,Mid-Market,control,38,0.9981091087983923,135.73976720246787,1,135.73976720246787
2682,Occasional,control,3,1.0079621273527515,154.75794215560697,1,154.75794215560697
2682,Occasional,control,39,1.0203597858476794,297.49062609184364,1,297.49062609184364
2098,SMB,control,81,0.9899867397161335,76.0887638430949,1,76.0887638430949
2098,SMB,control,84,0.9824535396643485,75.10720978794305,1,75.10720978794305
2156,Occasional,control,81,0.9338721126771224,106.92272526963716,1,106.92272526963716
1557,Occasional,treatment,23,1.0870922335473574,156.74739144876207,0,0.0
1671,Mid-Market,treatment,36,1.126391087686547,250.17462894677726,1,250.17462894677726
1671,Mid-Market,treatment,4,1.1024701923160256,228.81109466024907,1,228.81109466024907
1671,Mid-Market,treatment,45,1.083949950000879,225.26043311177153,1,225.26043311177153
1671,Mid-Market,treatment,58,1.1270245993750991,26.300983993232176,1,26.300983993232176
1671,Mid-Market,treatment,87,1.076714831591555,764.1042833206382,1,764.1042833206382
178,Occasional,control,76,0.961934422121429,80.48724136421271,1,80.48724136421271
178,Occasional,control,35,0.9849600419387438,52.14570530431532,1,52.14570530431532
1079,SMB,treatment,47,1.017845568564342,348.4071102531745,1,348.4071102531745
599,Occasional,control,11,0.9480279417249181,1035.0892040422414,1,1035.0892040422414
2191,Mid-Market,control,66,0.9700343336107393,94.24192311819412,1,94.24192311819412
2532,SMB,treatment,17,1.0559751181053494,344.1793982468183,1,344.1793982468183
2668,Enterprise,treatment,52,1.1586214238780006,154.7558575064478,1,154.7558575064478
2668,Enterprise,treatment,59,1.1753728753503347,164.54845148607507,1,164.54845148607507
2787,SMB,treatment,88,1.123961226763598,106.35691440940326,1,106.35691440940326
480,Mid-Market,control,53,1.0001459179212775,397.54781983107455,1,397.54781983107455
480,Mid-Market,control,26,0.971226780184098,104.53826197631739,1,104.53826197631739
1968,Occasional,control,51,0.9909118694525475,132.08856336002617,1,132.08856336002617
1058,Mid-Market,control,6,0.9972578089831831,57.91305079621689,1,57.91305079621689
1058,Mid-Market,control,70,0.9979517030651728,97.50349205190328,1,97.50349205190328
1058,Mid-Market,control,14,1.0248648366159774,315.0237904269045,1,315.0237904269045
2269,SMB,treatment,51,1.039808059597059,176.81502523238657,1,176.81502523238657
534,SMB,treatment,27,1.082049493224242,245.56499772619745,0,0.0
1104,Occasional,control,44,0.9614158108689683,33.88018968017586,1,33.88018968017586
1107,Mid-Market,control,23,0.9873935118870393,234.1404728427627,1,234.1404728427627
2928,SMB,control,0,0.9821552949653859,209.0928346417248,1,209.0928346417248
1124,Mid-Market,control,64,0.9661508717961659,306.7334881431079,1,306.7334881431079
1124,Mid-Market,control,87,0.9930324448121722,95.75198309501747,1,95.75198309501747
943,Mid-Market,control,86,0.9517091855074803,58.818554722937584,1,58.818554722937584
163,Mid-Market,control,7,0.99802003068349,169.55631538911777,1,169.55631538911777
1552,SMB,control,50,1.053993977779714,102.61614014241198,1,102.61614014241198
966,SMB,control,18,0.9893641364708318,441.20134145871293,1,441.20134145871293
472,SMB,control,8,1.0077638959808244,484.4962706755716,1,484.4962706755716
845,Mid-Market,control,40,1.0100607096843028,336.44557080409123,1,336.44557080409123
845,Mid-Market,control,44,1.0141757547470227,200.4966584137512,1,200.4966584137512
999,Occasional,control,40,0.9291652126194363,52.95833394980966,1,52.95833394980966
1905,SMB,control,18,1.0000298456968393,159.20456918658675,1,159.20456918658675
1905,SMB,control,62,0.959328947776923,131.796782508148,1,131.796782508148
1905,SMB,control,13,0.9925669488609166,77.36502320140012,1,77.36502320140012
31,SMB,control,6,0.9924419627689028,250.65423587700053,1,250.65423587700053
2891,Mid-Market,treatment,26,1.1063203048680847,596.6329121357761,1,596.6329121357761
2891,Mid-Market,treatment,21,1.1438630735153614,566.762688530934,1,566.762688530934
2891,Mid-Market,treatment,53,1.1401430848498901,97.452843335416,1,97.452843335416
2891,Mid-Market,treatment,56,1.148144135918057,257.98732318949124,1,257.98732318949124
424,Enterprise,treatment,9,1.1958737557786852,295.23696868369177,1,295.23696868369177
424,Enterprise,treatment,79,1.1828369788240214,189.6642369110719,1,189.6642369110719
424,Enterprise,treatment,43,1.1905915484944283,73.03216743692519,1,73.03216743692519
424,Enterprise,treatment,8,1.1645967294104043,40.665648102406074,1,40.665648102406074
424,Enterprise,treatment,4,1.185983300642764,257.9923983636874,0,0.0
424,Enterprise,treatment,81,1.1854396013712225,232.9503272587003,1,232.9503272587003
512,Occasional,control,59,0.9753558935353702,20.7064497618094,1,20.7064497618094
2759,SMB,control,16,0.9533342346512701,87.0263866631114,1,87.0263866631114
2759,SMB,control,65,0.9743766296524039,84.53574707205921,1,84.53574707205921
2738,SMB,control,5,0.9545596606319365,121.31348508897074,1,121.31348508897074
1394,Enterprise,treatment,33,1.1891276632385652,204.84933445641866,1,204.84933445641866
1587,Mid-Market,control,27,0.983833893821376,87.26603485611992,0,0.0
1587,Mid-Market,control,88,0.9700952902438603,117.28939148563171,1,117.28939148563171
1587,Mid-Market,control,12,0.9722374722156456,204.59569433677507,1,204.59569433677507
1930,SMB,treatment,70,1.0579624409154047,270.65991322228433,1,270.65991322228433
2498,Mid-Market,control,4,0.9870418656638784,70.65091270774258,1,70.65091270774258
2498,Mid-Market,control,81,0.9623781680329418,111.85961220620601,1,111.85961220620601
2498,Mid-Market,control,62,0.9766430376636498,33.81993427084484,1,33.81993427084484
2498,Mid-Market,control,35,0.9448068748518067,227.40995783016052,1,227.40995783016052
788,Mid-Market,treatment,89,1.0772182916389632,71.57206570270559,1,71.57206570270559
788,Mid-Market,treatment,72,1.0871266496317682,42.45505113592614,1,42.45505113592614
2637,SMB,treatment,69,1.075349564501644,632.5466782887942,1,632.5466782887942
2539,Enterprise,treatment,37,1.1492101182519139,150.8947506751762,1,150.8947506751762
403,SMB,control,48,0.9660200389993298,179.48885032728467,1,179.48885032728467
403,SMB,control,40,0.955053929653783,144.9521415044686,1,144.9521415044686
403,SMB,control,87,0.9751717507245647,103.21419421062069,0,0.0
434,Occasional,control,87,0.9809526757286737,57.43264226824051,1,57.43264226824051
1152,Occasional,treatment,77,1.071165726727926,336.1019825662168,1,336.1019825662168
74,Mid-Market,control,86,1.0146643096424643,57.34383170369007,1,57.34383170369007
74,Mid-Market,control,17,0.9317401382086328,1536.6131931966247,1,1536.6131931966247
74,Mid-Market,control,69,0.9488239252895723,62.541372669512405,1,62.541372669512405
1537,SMB,treatment,48,1.0878456932180782,191.42622315742508,0,0.0
2710,SMB,control,66,0.9725132861431001,99.48258634397556,1,99.48258634397556
2710,SMB,control,3,0.9772862447056337,417.07410406138206,1,417.07410406138206
622,SMB,treatment,83,1.0424104860341668,739.0789625919233,1,739.0789625919233
1438,SMB,control,16,0.9972437311003016,67.83628041491086,1,67.83628041491086
1560,Occasional,control,39,0.890075724760614,648.1187000573518,1,648.1187000573518
1567,Mid-Market,control,22,0.9465594633248195,114.52090760387796,1,114.52090760387796
1567,Mid-Market,control,6,0.9824952700407349,213.2892337010321,1,213.2892337010321
1567,Mid-Market,control,48,0.9854602398654816,188.81192402901104,1,188.81192402901104
325,Occasional,control,84,0.9516437314190291,138.75030436468344,1,138.75030436468344
333,SMB,control,83,0.966239795237126,162.4808527800209,1,162.4808527800209
1393,Mid-Market,treatment,11,1.1549004207472255,95.38490582013998,1,95.38490582013998
1393,Mid-Market,treatment,8,1.0733438491943394,63.162687266488014,1,63.162687266488014
651,Mid-Market,control,48,1.0411104034645173,45.735471056476705,1,45.735471056476705
651,Mid-Market,control,79,0.9631581193452118,93.36801770106679,1,93.36801770106679
651,Mid-Market,control,41,1.0200247009519134,70.21133532225625,1,70.21133532225625
651,Mid-Market,control,83,1.0324837059947607,82.89278697846572,1,82.89278697846572
2237,Mid-Market,treatment,36,1.1384199361515261,60.59804128450014,1,60.59804128450014
1534,SMB,control,46,0.9609166708200847,983.4227194484963,1,983.4227194484963
1534,SMB,control,3,0.9672178744052073,60.27303137705438,1,60.27303137705438
2164,Mid-Market,treatment,78,1.1617646252944736,650.4331708028678,1,650.4331708028678
2164,Mid-Market,treatment,10,1.1584162676936665,26.160744601129558,1,26.160744601129558
544,Occasional,control,68,0.9573613941809582,70.93067091854851,1,70.93067091854851
2959,Mid-Market,control,60,1.0134262761833994,227.61298661815147,1,227.61298661815147
2959,Mid-Market,control,31,0.9664101375889365,67.73223192137489,1,67.73223192137489
1819,SMB,treatment,8,1.0785203314881782,41.81414960973709,1,41.81414960973709
1819,SMB,treatment,5,1.0587314284413631,176.8611742891077,1,176.8611742891077
1625,Mid-Market,treatment,24,1.133168415586789,58.109503978534406,1,58.109503978534406
1625,Mid-Market,treatment,3,1.147811673396179,47.11826960830817,1,47.11826960830817
1625,Mid-Market,treatment,12,1.1303151644332812,59.760093442141525,1,59.760093442141525
1178,Mid-Market,control,57,0.9873723576087639,29.576408580813585,1,29.576408580813585
1178,Mid-Market,control,77,1.0301575556440736,77.21037774635322,1,77.21037774635322
680,Mid-Market,control,85,1.023500348733622,16.982069984404834,0,0.0
2097,Enterprise,treatment,4,1.1938967944254197,75.62798518336675,1,75.62798518336675
2097,Enterprise,treatment,62,1.15687844306117,190.97207309651253,1,190.97207309651253
2097,Enterprise,treatment,8,1.2319776106905778,328.05508707904283,1,328.05508707904283
2097,Enterprise,treatment,78,1.1629727234878522,1041.6266636697324,1,1041.6266636697324
2097,Enterprise,treatment,77,1.1392431802962888,68.22946674314817,1,68.22946674314817
2097,Enterprise,treatment,70,1.1943121506127836,299.11604384249097,1,299.11604384249097
2030,SMB,control,8,0.9631028136379933,70.609807460211,1,70.609807460211
2030,SMB,control,10,0.9441028305759188,89.50066042188097,1,89.50066042188097
1660,Enterprise,treatment,41,1.1394908094661749,114.79240846580846,1,114.79240846580846
1660,Enterprise,treatment,11,1.1276361674751938,462.3622164473388,1,462.3622164473388
1660,Enterprise,treatment,6,1.210209023446074,354.08866254159267,1,354.08866254159267
1660,Enterprise,treatment,56,1.1816860587730555,101.37559985952609,0,0.0
1660,Enterprise,treatment,54,1.1844721096376811,527.1952750362149,1,527.1952750362149
1638,Occasional,control,67,0.9759301657419391,334.3082355967407,1,334.3082355967407
240,Mid-Market,control,66,0.9865450680478608,107.42152616210069,0,0.0
240,Mid-Market,control,27,1.0346883018666617,166.72674931875426,1,166.72674931875426
240,Mid-Market,control,7,0.957762132273825,56.38193300515189,1,56.38193300515189
2125,Mid-Market,control,61,0.9789952619396677,74.0415959031028,1,74.0415959031028
2620,Occasional,control,61,0.9296376149763055,176.12626421229365,1,176.12626421229365
2291,Occasional,treatment,58,1.093769101582791,867.6753255679916,1,867.6753255679916
765,Occasional,control,11,0.9611932733315537,202.73706006770632,0,0.0
765,Occasional,control,5,0.9334308790038557,76.67934162608816,0,0.0
1129,SMB,treatment,5,1.070068683914947,816.329412576944,0,0.0
1886,Mid-Market,control,35,1.0181616142702048,269.4097318901687,1,269.4097318901687
1886,Mid-Market,control,85,0.9735976309545141,57.64641685548788,1,57.64641685548788
1886,Mid-Market,control,50,1.0169559084286834,244.45428051580492,1,244.45428051580492
1886,Mid-Market,control,83,0.9924414675089426,57.59279720837442,1,57.59279720837442
1117,Mid-Market,control,66,1.0176533682388529,117.85383243072998,1,117.85383243072998
1117,Mid-Market,control,7,0.9676623196490892,360.3422122330086,1,360.3422122330086
1117,Mid-Market,control,47,0.9677649522892094,73.08519793356486,1,73.08519793356486
1103,SMB,control,29,1.009662005546522,234.34233441548236,1,234.34233441548236
1103,SMB,control,78,1.0053658583042042,29.988727562817772,1,29.988727562817772
2848,Enterprise,control,79,1.027724639743929,848.3963757891504,1,848.3963757891504
2848,Enterprise,control,70,0.9950160207353116,325.34953129399815,1,325.34953129399815
2848,Enterprise,control,19,1.036326993547577,199.48894493403193,1,199.48894493403193
2848,Enterprise,control,81,1.0747306784031556,66.02250340525642,1,66.02250340525642
2848,Enterprise,control,67,0.9799418127507298,164.15825606914964,1,164.15825606914964
2331,SMB,treatment,26,1.067038903842693,89.04759818171999,1,89.04759818171999
2331,SMB,treatment,1,1.072882398375772,233.39636258223203,1,233.39636258223203
1362,Mid-Market,treatment,51,1.1052761571507004,75.83792956344122,1,75.83792956344122
2317,Mid-Market,treatment,10,1.125460366508356,39.34954880683766,1,39.34954880683766
2317,Mid-Market,treatment,25,1.1132665950102132,331.9829820660043,1,331.9829820660043
2317,Mid-Market,treatment,72,1.2030777919535909,1372.1079202848491,0,0.0
1408,Mid-Market,control,5,0.9748606108676238,29.177523478088347,1,29.177523478088347
2530,SMB,treatment,2,1.018613536213486,395.8481211049453,1,395.8481211049453
344,SMB,treatment,1,1.0895910564015099,585.0480950676487,0,0.0
1106,SMB,treatment,31,1.0520663539925235,364.76007291898037,1,364.76007291898037
2593,SMB,treatment,69,1.03488296001312,66.0607505329343,1,66.0607505329343
558,SMB,control,11,0.9181733732756426,68.63694719371257,1,68.63694719371257
558,SMB,control,82,0.952445487515647,230.84541327005172,1,230.84541327005172
1476,SMB,treatment,32,1.0737097191341858,268.99371586240363,1,268.99371586240363
1476,SMB,treatment,50,1.0208348897430575,56.657402502123816,1,56.657402502123816
2704,SMB,control,52,0.9690400219846462,78.37952743483817,1,78.37952743483817
595,Enterprise,control,68,1.0238525336653692,823.7712375583197,0,0.0
595,Enterprise,control,31,1.0304207402410643,273.6157934570727,1,273.6157934570727
595,Enterprise,control,69,1.068461748332652,307.287222530008,1,307.287222530008
1558,SMB,control,68,0.943008251196424,195.14601937228014,1,195.14601937228014
412,SMB,control,76,0.9635620548039419,94.65008696543762,1,94.65008696543762
1056,SMB,control,5,0.974212160058509,101.31676863082951,1,101.31676863082951
2474,SMB,treatment,56,1.0602649183813775,92.66248209024175,1,92.66248209024175
109,Mid-Market,control,45,0.9544179471831372,57.49156646050778,1,57.49156646050778
2026,Mid-Market,treatment,18,1.1242846347460476,103.56308191032868,1,103.56308191032868
2707,Occasional,treatment,41,0.997536014139042,143.62340547636475,1,143.62340547636475
319,Mid-Market,treatment,48,1.0902380199590014,159.6856378068499,1,159.6856378068499
319,Mid-Market,treatment,74,1.1301300175923317,1144.1129164968713,1,1144.1129164968713
2719,Enterprise,treatment,33,1.1544393403174669,967.9623220197495,1,967.9623220197495
2719,Enterprise,treatment,76,1.159393230511535,180.06879476988797,1,180.06879476988797
841,Enterprise,control,50,1.0433045219543249,214.53220988364052,1,214.53220988364052
841,Enterprise,control,84,1.0730344465411916,471.31189242115755,1,471.31189242115755
841,Enterprise,control,19,1.041383276595351,28.89010037367313,1,28.89010037367313
2958,Enterprise,control,40,1.0310884510077403,217.02017269119253,1,217.02017269119253
2958,Enterprise,control,69,1.0580011431801837,119.04563863210394,1,119.04563863210394
2958,Enterprise,control,11,1.0212341292111335,108.10045366371477,1,108.10045366371477
2958,Enterprise,control,72,1.068068492739104,77.30376662534243,1,77.30376662534243
1352,Occasional,treatment,33,1.0144547970140232,203.30879231941503,1,203.30879231941503
2826,SMB,treatment,6,1.0490124532977867,104.82623020874962,1,104.82623020874962
2367,Mid-Market,treatment,86,1.0727486308219378,171.5209703744201,1,171.5209703744201
1883,Mid-Market,treatment,23,1.0922046013304896,70.0699445051777,1,70.0699445051777
1883,Mid-Market,treatment,58,1.1272819916999663,118.83373467917264,1,118.83373467917264
1883,Mid-Market,treatment,21,1.0940427772055343,136.09360867842983,1,136.09360867842983
1883,Mid-Market,treatment,43,1.129949862861105,105.16110983948751,0,0.0
1883,Mid-Market,treatment,44,1.1047953352814281,127.8835297438655,1,127.8835297438655
1883,Mid-Market,treatment,67,1.0852708336758472,98.54429524440097,1,98.54429524440097
681,Enterprise,treatment,39,1.1732804999645658,108.94689522808812,1,108.94689522808812
681,Enterprise,treatment,85,1.1934294722686576,343.0636720687397,1,343.0636720687397
681,Enterprise,treatment,61,1.1730442551659763,226.1681232844231,1,226.1681232844231
681,Enterprise,treatment,72,1.1730731789742057,360.6554084789924,1,360.6554084789924
730,SMB,control,78,0.9562088376795183,435.0991686806958,1,435.0991686806958
790,SMB,treatment,58,1.0556802394556242,45.78818767159812,1,45.78818767159812
1814,Mid-Market,treatment,51,1.0989356053605444,93.54181929448448,1,93.54181929448448
1814,Mid-Market,treatment,6,1.1491500800686651,540.8047568177183,1,540.8047568177183
1346,SMB,control,64,0.988830786893236,83.50801892737024,1,83.50801892737024
1346,SMB,control,48,0.9699041010774906,45.18385144838765,1,45.18385144838765
1869,SMB,control,30,0.9670122248821718,48.04503589293956,1,48.04503589293956
2070,SMB,treatment,11,1.0281453823991293,56.154324223061295,1,56.154324223061295
433,SMB,treatment,17,1.0323825469855183,101.03588991910433,1,101.03588991910433
565,SMB,control,50,1.0012883156696577,747.9207062715359,1,747.9207062715359
1749,SMB,control,9,0.9857263774249843,275.66330147789563,1,275.66330147789563
1749,SMB,control,32,0.9774620917245356,75.59342456367509,0,0.0
1777,SMB,treatment,52,1.0614932145800586,81.49863192894131,1,81.49863192894131
71,Mid-Market,treatment,18,1.1032880326168193,213.98388797189824,1,213.98388797189824
1789,Occasional,treatment,65,1.1057142164860057,155.4406266312566,0,0.0
1230,Enterprise,treatment,46,1.1670676838715217,86.57940740809347,1,86.57940740809347
1513,SMB,treatment,58,1.0430508115311907,101.26163649821393,1,101.26163649821393
1513,SMB,treatment,6,1.0808344764633755,80.96744771934463,1,80.96744771934463
57,SMB,treatment,56,1.095311248558021,145.201210441285,1,145.201210441285
1602,Mid-Market,treatment,33,1.0841397755551745,97.02818490904907,1,97.02818490904907
652,Occasional,control,3,0.9792872765639012,152.7455785680587,1,152.7455785680587
2177,Mid-Market,treatment,66,1.0702780361887896,150.7852425722658,0,0.0
898,Mid-Market,treatment,51,1.114452441296605,64.67885572848115,0,0.0
898,Mid-Market,treatment,87,1.1143827113035976,103.14279973092218,1,103.14279973092218
898,Mid-Market,treatment,36,1.0908288085027915,91.77306964003904,1,91.77306964003904
786,Mid-Market,control,83,0.9967333644998438,30.09535945110933,1,30.09535945110933
786,Mid-Market,control,6,1.0027666398454167,236.63294685748787,0,0.0
786,Mid-Market,control,80,0.9405808300868197,39.22098801707502,1,39.22098801707502
310,Mid-Market,treatment,67,1.0905791061617685,32.188321792846956,1,32.188321792846956
310,Mid-Market,treatment,71,1.117683766497146,37.5708593302108,1,37.5708593302108
310,Mid-Market,treatment,80,1.152643605770626,182.31436295198358,0,0.0
310,Mid-Market,treatment,43,1.1314397916756542,173.51247934907468,1,173.51247934907468
310,Mid-Market,treatment,23,1.1336022306750109,36.52662750348786,0,0.0
2405,SMB,treatment,52,1.0767335402213696,179.08527895861275,1,179.08527895861275
1742,Mid-Market,treatment,28,1.0790610207363902,174.30047283906862,1,174.30047283906862
908,Mid-Market,treatment,87,1.1315440837701385,107.0754542150763,1,107.0754542150763
603,Occasional,control,51,0.9521228855141524,24.4582153626146,1,24.4582153626146
1179,Mid-Market,treatment,41,1.0968857714726832,150.90541276059125,1,150.90541276059125
1179,Mid-Market,treatment,46,1.1256640606816755,327.91988629529,1,327.91988629529
2298,Enterprise,control,47,1.0267200632183633,563.1235355118358,1,563.1235355118358
2298,Enterprise,control,2,1.0339724508507981,405.7298663513132,1,405.7298663513132
2298,Enterprise,control,73,1.0091766912315223,153.8021045996992,0,0.0
2298,Enterprise,control,68,1.072086328274254,292.0050270277512,0,0.0
2298,Enterprise,control,0,1.0403039057290553,308.5229982669614,1,308.5229982669614
2298,Enterprise,control,80,1.0072098024409777,81.8590573207385,1,81.8590573207385
1746,SMB,treatment,11,1.0392079996445132,188.51341919372916,1,188.51341919372916
1746,SMB,treatment,64,1.0714170235517773,104.09703112477403,1,104.09703112477403
1746,SMB,treatment,16,1.0914004424814563,608.4147405954922,1,608.4147405954922
1162,SMB,treatment,70,1.06705951962822,130.54975946858926,1,130.54975946858926
1510,SMB,control,13,0.9480838323466044,144.6188335267666,1,144.6188335267666
1510,SMB,control,65,0.9945261040608074,55.23109093871524,0,0.0
2096,Mid-Market,treatment,68,1.1589070501781114,205.93818427382288,1,205.93818427382288
2096,Mid-Market,treatment,57,1.1211422311848525,443.1331397895834,0,0.0
2096,Mid-Market,treatment,23,1.049835018446942,232.21380889925692,1,232.21380889925692
1578,Occasional,treatment,49,1.0520922002962276,167.18556789720472,0,0.0
573,SMB,treatment,85,1.016776164169004,27.089399623562745,1,27.089399623562745
555,Enterprise,control,81,1.1039725619813727,253.32474696642183,1,253.32474696642183
555,Enterprise,control,73,1.0354180147208225,36.25753091427021,1,36.25753091427021
555,Enterprise,control,30,1.0815211812928456,83.03107493051267,1,83.03107493051267
555,Enterprise,control,1,1.0096480375457444,455.53337043116926,1,455.53337043116926
946,Mid-Market,control,82,0.9544448896512213,101.19822506456353,1,101.19822506456353
946,Mid-Market,control,69,0.9741344524621338,107.98329995859478,1,107.98329995859478
2997,SMB,treatment,62,1.0896917544665754,62.30845394678963,0,0.0
875,SMB,control,74,0.9556544850728982,140.0229295004913,1,140.0229295004913
2995,SMB,treatment,13,1.0506158769910092,164.46435135268294,1,164.46435135268294
1570,SMB,control,9,0.9660880355943461,99.01887080075907,1,99.01887080075907
2669,SMB,control,55,0.9906580835832773,62.70641473536894,1,62.70641473536894
2628,Mid-Market,control,53,0.996699901784587,67.82550426188656,1,67.82550426188656
1554,Mid-Market,control,77,0.9739026460258382,118.81051386296741,0,0.0
1554,Mid-Market,control,28,0.9688982977594045,92.90864161434487,1,92.90864161434487
1554,Mid-Market,control,40,0.9965453830291823,102.52852064712002,1,102.52852064712002
121,SMB,control,19,0.9539442788374908,70.37603317458493,0,0.0
121,SMB,control,89,0.9759629788548463,171.67998014401465,1,171.67998014401465
121,SMB,control,63,0.9569042583777444,427.6701423317538,1,427.6701423317538
2660,Mid-Market,treatment,78,1.098518631703709,387.9114666400411,0,0.0
2660,Mid-Market,treatment,64,1.075549629584548,153.6955541671397,1,153.6955541671397
2660,Mid-Market,treatment,22,1.1556297303343375,52.11786884468935,1,52.11786884468935
2660,Mid-Market,treatment,59,1.1107595221771442,83.71302286215312,1,83.71302286215312
2660,Mid-Market,treatment,19,1.0896656211196887,757.2293028945568,1,757.2293028945568
2660,Mid-Market,treatment,32,1.1422103455648485,365.8830911054647,1,365.8830911054647
810,Occasional,treatment,30,1.0370272562142306,242.55825237148233,0,0.0
2187,SMB,treatment,38,1.0729406831995083,178.16239404863688,1,178.16239404863688
1619,Occasional,treatment,2,1.0498043431791106,39.12107485886939,1,39.12107485886939
314,Mid-Market,treatment,63,1.1252400709125823,338.81574280000024,1,338.81574280000024
314,Mid-Market,treatment,67,1.189990589606855,43.12213695125446,0,0.0
1563,Occasional,treatment,64,1.0978744471434785,256.0468596052695,0,0.0
234,SMB,treatment,31,1.1060383443423305,359.5969239436188,1,359.5969239436188
508,Occasional,treatment,85,1.0732200169381876,136.01840034187725,0,0.0
1337,Mid-Market,treatment,11,1.100826074675205,893.6612293358411,1,893.6612293358411
1337,Mid-Market,treatment,78,1.131519777842372,272.0779234156755,1,272.0779234156755
1337,Mid-Market,treatment,11,1.0541988710379795,376.1782620114832,1,376.1782620114832
1386,Enterprise,control,87,1.0036147527601882,134.7372913768507,1,134.7372913768507
1386,Enterprise,control,27,1.0168968048456073,49.78974544386669,1,49.78974544386669
1386,Enterprise,control,63,1.0525248181333657,129.96750694109105,1,129.96750694109105
112,Mid-Market,treatment,19,1.1132636889393337,1333.8525384668326,1,1333.8525384668326
112,Mid-Market,treatment,35,1.136333333070015,1088.4619475930606,1,1088.4619475930606
1579,Occasional,treatment,48,1.0848541223034978,64.26112488920502,0,0.0
411,SMB,control,57,1.041611647634993,211.7725074950114,1,211.7725074950114
219,Occasional,treatment,57,1.100347196019062,111.75013909650556,1,111.75013909650556
2115,Enterprise,control,34,1.014581324284327,189.90984813366907,1,189.90984813366907
2115,Enterprise,control,8,1.0570085964129796,186.63162617750032,1,186.63162617750032
1308,SMB,treatment,66,1.1163722713022255,112.45347897621852,1,112.45347897621852
1081,Mid-Market,treatment,57,1.1552742921413115,87.07906636886521,1,87.07906636886521
1081,Mid-Market,treatment,75,1.1186358403576644,117.14232030871219,1,117.14232030871219
1081,Mid-Market,treatment,72,1.159524670709141,208.69834074404687,1,208.69834074404687
760,SMB,control,44,0.9355088810272151,54.59621101314593,0,0.0
912,Occasional,treatment,32,1.0622116471370897,39.59280719588685,1,39.59280719588685
808,Mid-Market,control,82,1.0041592443521006,133.56578731695794,1,133.56578731695794
808,Mid-Market,control,60,0.9675539712998101,267.96776745583827,1,267.96776745583827
808,Mid-Market,control,82,0.9915632370814194,45.763816822390424,1,45.763816822390424
808,Mid-Market,control,46,1.0032537015849603,319.93774672516776,1,319.93774672516776
440,SMB,control,32,1.0106247706313558,71.65882500616951,0,0.0
545,Mid-Market,control,45,0.9478178556718173,689.6400461729883,1,689.6400461729883
545,Mid-Market,control,69,1.0611012017882717,59.67484332336577,1,59.67484332336577
486,Mid-Market,control,5,0.9853723650492482,107.29492783406492,0,0.0
486,Mid-Market,control,71,0.9755546268178661,98.95716574341105,1,98.95716574341105
486,Mid-Market,control,2,0.9887094140988737,110.62084282544265,1,110.62084282544265
2476,Enterprise,control,60,1.0628580074524188,467.9619022411529,1,467.9619022411529
2476,Enterprise,control,28,1.0401772960541718,460.2074904432051,0,0.0
2476,Enterprise,control,16,1.0712075845076272,49.402462638435445,1,49.402462638435445
2476,Enterprise,control,23,1.0617674606722332,99.59609353139163,1,99.59609353139163
388,Occasional,treatment,45,1.04930702490024,80.31340964113116,1,80.31340964113116
2917,Mid-Market,control,65,1.028534350474767,109.5444298377421,1,109.5444298377421
2917,Mid-Market,control,5,1.0037751340840093,124.37720399207055,1,124.37720399207055
1193,Occasional,treatment,74,1.069323253042351,292.67272847900136,0,0.0
1231,Mid-Market,treatment,53,1.1103192030915228,57.635195701020535,1,57.635195701020535
1211,SMB,treatment,80,1.0942394676660356,631.4741288203808,1,631.4741288203808
1274,SMB,control,46,0.9637173782518778,42.905634504471905,1,42.905634504471905
1274,SMB,control,38,1.0088769425715074,110.10542069363343,1,110.10542069363343
1940,Enterprise,treatment,19,1.171905480989497,199.14010021939896,0,0.0
1940,Enterprise,treatment,47,1.1950090905828326,204.20953568606964,1,204.20953568606964
1940,Enterprise,treatment,10,1.1840821545330726,213.38230437983862,1,213.38230437983862
1940,Enterprise,treatment,68,1.1278131470734327,103.49405976027428,1,103.49405976027428
1940,Enterprise,treatment,54,1.1341722673336117,156.7448928100059,1,156.7448928100059
2304,SMB,treatment,85,1.0620212728048652,304.66075978137866,1,304.66075978137866
931,Mid-Market,treatment,49,1.154649213761397,118.83202915280683,1,118.83202915280683
931,Mid-Market,treatment,50,1.1459565600312325,593.0662547035492,1,593.0662547035492
931,Mid-Market,treatment,88,1.124191793852981,98.28185918637496,1,98.28185918637496
931,Mid-Market,treatment,57,1.0646258074964563,234.1768054469221,1,234.1768054469221
931,Mid-Market,treatment,18,1.1156817268564254,186.19079786020274,0,0.0
136,Enterprise,treatment,51,1.1972779179319988,142.70439550898865,1,142.70439550898865
136,Enterprise,treatment,34,1.1375011616466697,795.1164217957548,1,795.1164217957548
1781,Mid-Market,treatment,80,1.0935446445379915,87.4888614064918,1,87.4888614064918
2168,Mid-Market,control,6,0.9812267651034732,43.96036295600474,1,43.96036295600474
2168,Mid-Market,control,25,0.9767226686159518,112.61443725688372,1,112.61443725688372
2168,Mid-Market,control,51,1.0189816451591125,121.14781118225883,1,121.14781118225883
2168,Mid-Market,control,11,0.9762165757373048,160.68393311634867,1,160.68393311634867
1498,SMB,control,15,0.9525277430761515,44.576595525921356,1,44.576595525921356
2257,Occasional,control,85,0.9504955257406538,94.58413540431609,1,94.58413540431609
367,SMB,treatment,4,1.0439488555237406,98.12770523070417,1,98.12770523070417
2025,SMB,treatment,86,1.0579270161491603,48.266265454057155,1,48.266265454057155
2025,SMB,treatment,52,1.0432933012810106,99.06210820244878,1,99.06210820244878
2898,Mid-Market,control,28,1.0530176578804131,509.4306750714865,0,0.0
30,SMB,treatment,89,1.1024569521725236,531.334047172358,1,531.334047172358
2502,SMB,treatment,53,1.0449589161705766,58.50146790144247,1,58.50146790144247
2969,SMB,control,53,0.9621965998480176,181.32766483642388,1,181.32766483642388
2969,SMB,control,2,0.9598137131617217,56.244733383190514,0,0.0
1048,SMB,treatment,65,1.0937513969076822,95.8692269137019,1,95.8692269137019
1048,SMB,treatment,39,1.0853046107572029,138.34542680327738,1,138.34542680327738
2888,Occasional,treatment,84,1.074825805432639,285.32540378593046,0,0.0
1422,SMB,treatment,71,1.0635332758598384,425.7380171895641,1,425.7380171895641
1422,SMB,treatment,18,1.035203782194561,103.1573607684784,1,103.1573607684784
1489,Occasional,control,87,0.9885520983806975,52.11711677067668,1,52.11711677067668
184,Mid-Market,treatment,68,1.1006473409501059,250.3135450270113,0,0.0
1135,Occasional,control,88,0.9389437557927225,503.2314613260543,0,0.0
189,SMB,treatment,30,1.0857129234137517,176.6229437944188,1,176.6229437944188
421,SMB,control,22,0.9240505076079075,99.81997188338286,1,99.81997188338286
171,Mid-Market,control,33,0.9595481604972328,93.95032203205099,1,93.95032203205099
1378,Occasional,treatment,27,1.0704221766562287,54.06016267748149,1,54.06016267748149
461,SMB,treatment,88,1.0416641905318862,362.7128795572367,1,362.7128795572367
44,Mid-Market,treatment,43,1.079180838297758,192.17784640250372,1,192.17784640250372
44,Mid-Market,treatment,57,1.1344671275085683,170.8901669791413,1,170.8901669791413
44,Mid-Market,treatment,34,1.1449628567289087,195.96369961986352,1,195.96369961986352
88,SMB,control,28,0.9737100198089277,299.0366945885866,1,299.0366945885866
1323,Enterprise,treatment,62,1.1822402197552477,102.91263313129642,1,102.91263313129642
1323,Enterprise,treatment,0,1.1961760176339304,161.49674790320512,1,161.49674790320512
1323,Enterprise,treatment,42,1.1715803643256795,112.14316364363386,1,112.14316364363386
1323,Enterprise,treatment,1,1.1738530456149623,89.30298492674767,1,89.30298492674767
1323,Enterprise,treatment,76,1.1754884695068502,386.6257230534152,1,386.6257230534152
1741,Mid-Market,treatment,0,1.1081970664236365,108.14622948044858,1,108.14622948044858
1741,Mid-Market,treatment,22,1.154608663106254,98.76149016974462,1,98.76149016974462
706,SMB,control,67,0.9723935324735337,742.3500363158527,0,0.0
904,SMB,treatment,35,1.0630629410884203,326.1639303603585,1,326.1639303603585
283,Mid-Market,treatment,68,1.1077197485481276,55.47930641107416,0,0.0
283,Mid-Market,treatment,33,1.1592626017429009,629.900556211433,1,629.900556211433
2459,Mid-Market,control,85,0.9786993841630679,219.99132943121418,1,219.99132943121418
2459,Mid-Market,control,29,1.0383723383861503,35.02168833427758,1,35.02168833427758
2459,Mid-Market,control,3,1.004517167035768,260.3868667716054,1,260.3868667716054
694,Mid-Market,control,36,1.0200537232914342,710.8964515169602,1,710.8964515169602
694,Mid-Market,control,41,1.014364101629582,37.14371490567952,1,37.14371490567952
694,Mid-Market,control,76,0.9829919055622628,134.95231865873757,1,134.95231865873757
2090,SMB,control,87,1.0738684178693085,756.7671512952406,1,756.7671512952406
2090,SMB,control,42,1.0275506153081129,575.6610848430223,1,575.6610848430223
2067,SMB,treatment,54,1.062049137066992,244.40235589489174,1,244.40235589489174
258,Mid-Market,treatment,8,1.064466711479836,32.861608036257905,1,32.861608036257905
258,Mid-Market,treatment,10,1.1521904441433697,14.188472934376296,1,14.188472934376296
2645,Mid-Market,treatment,49,1.1194375446534635,108.36446835101528,1,108.36446835101528
2595,Mid-Market,treatment,15,1.1116919027250103,537.8078562254374,1,537.8078562254374
2595,Mid-Market,treatment,86,1.1173591445073747,137.99436534573988,0,0.0
2443,Mid-Market,control,37,1.0105483518945766,72.0763180846875,1,72.0763180846875
2884,Mid-Market,control,26,1.0511455223902058,42.42840188337169,1,42.42840188337169
1217,Mid-Market,control,73,0.9843057223021867,111.82987298897812,1,111.82987298897812
1217,Mid-Market,control,69,0.9322053220836192,54.16208973132538,1,54.16208973132538
1042,SMB,treatment,7,1.1034144796503675,39.452331157505874,1,39.452331157505874
2454,SMB,treatment,47,1.0380493655752123,172.44905973379485,1,172.44905973379485
150,Enterprise,treatment,65,1.1644511143214848,62.43212895746451,1,62.43212895746451
1737,Occasional,control,27,0.9412841380917369,148.42772314649653,1,148.42772314649653
1737,Occasional,control,61,0.9331478303798,265.3279211598978,1,265.3279211598978
2359,Occasional,treatment,68,1.0817299661723452,170.53310300283383,0,0.0
2393,Mid-Market,treatment,65,1.139929224030078,137.1831381758428,1,137.1831381758428
2393,Mid-Market,treatment,4,1.1500462695548377,267.26011202762527,1,267.26011202762527
2393,Mid-Market,treatment,56,1.1334498466002507,185.43944364383992,1,185.43944364383992
2393,Mid-Market,treatment,57,1.1114221180536807,89.04944643364307,0,0.0
2442,Mid-Market,control,1,0.9702256538895646,19.849434994056008,1,19.849434994056008
2442,Mid-Market,control,46,1.0026111547302392,171.8473466430718,1,171.8473466430718
2442,Mid-Market,control,61,1.0209972129382794,51.90559671413217,1,51.90559671413217
2442,Mid-Market,control,39,1.0086521075680743,100.11800977463072,1,100.11800977463072
2442,Mid-Market,control,27,1.033698101941555,126.17548310430188,1,126.17548310430188
2113,Mid-Market,control,67,0.9822448143093779,118.08124537963052,1,118.08124537963052
2113,Mid-Market,control,46,1.0229413208977887,630.1442069577776,1,630.1442069577776
2418,SMB,control,0,0.9803779785538542,262.14324919761214,1,262.14324919761214
2418,SMB,control,54,1.0214759583290438,204.47514683201962,1,204.47514683201962
2418,SMB,control,62,0.9902726875110702,81.35023537727477,1,81.35023537727477
135,SMB,treatment,69,1.0784524569622624,92.7010312691103,0,0.0
2931,SMB,control,45,0.9641566068181227,249.51440972880192,1,249.51440972880192
832,SMB,control,28,0.9875764970850355,472.8891645644655,1,472.8891645644655
1801,SMB,treatment,53,1.024342834248508,127.98455325926774,1,127.98455325926774
1801,SMB,treatment,34,1.0520569325047937,228.44021061568554,1,228.44021061568554
2930,SMB,treatment,15,1.0661664067560617,254.9387828616544,1,254.9387828616544
2989,Mid-Market,treatment,12,1.148934008633589,224.63517656594607,1,224.63517656594607
2989,Mid-Market,treatment,68,1.0856357504035805,32.43338117253489,0,0.0
2989,Mid-Market,treatment,4,1.0922927993725229,226.59462310922945,1,226.59462310922945
2989,Mid-Market,treatment,45,1.0956463755513262,320.84945919763874,1,320.84945919763874
1899,Enterprise,control,67,1.0253547127833884,79.59428390876973,1,79.59428390876973
1899,Enterprise,control,18,1.0326524802751442,301.1074318433786,1,301.1074318433786
1899,Enterprise,control,37,1.0458419928093285,218.19082980707492,1,218.19082980707492
865,Mid-Market,control,41,0.9373625338163478,133.7381934034419,1,133.7381934034419
865,Mid-Market,control,5,1.0136852124930318,89.62436410592686,1,89.62436410592686
865,Mid-Market,control,2,0.9806986451227674,104.43532748048762,1,104.43532748048762
865,Mid-Market,control,6,1.0015545299514128,459.8526814645934,1,459.8526814645934
529,SMB,treatment,52,1.062409979188936,75.1551030065963,0,0.0
529,SMB,treatment,69,1.0858106366785647,1728.219262621976,1,1728.219262621976
2220,Mid-Market,control,1,0.9485746992647514,86.44669263484062,1,86.44669263484062
2220,Mid-Market,control,65,0.9714645915417819,123.14235317366685,1,123.14235317366685
2220,Mid-Market,control,64,0.9811337127478712,73.18810595319827,1,73.18810595319827
2220,Mid-Market,control,82,0.9175743847255586,255.5796431898102,1,255.5796431898102
2220,Mid-Market,control,30,1.016139278758369,43.354609367582995,1,43.354609367582995
2220,Mid-Market,control,22,0.9740703642499953,180.6446308274473,1,180.6446308274473
2220,Mid-Market,control,4,1.0020926606120546,216.417084310459,1,216.417084310459
431,Occasional,treatment,28,1.0483969122813726,108.55264152380478,1,108.55264152380478
2744,SMB,control,49,0.9261580233490435,280.64887371523776,1,280.64887371523776
1745,SMB,control,69,0.9436550867793628,390.79992937124206,1,390.79992937124206
1745,SMB,control,51,0.9382604594694492,117.8389722626362,1,117.8389722626362
611,SMB,control,27,0.989571621532887,195.7775028533684,1,195.7775028533684
950,Mid-Market,treatment,87,1.0644440126135817,93.72779724295115,1,93.72779724295115
2812,Occasional,control,5,0.9215106450066763,22.893239607178092,0,0.0
222,SMB,control,74,0.9746625582133835,129.0519379866544,1,129.0519379866544
222,SMB,control,86,1.0226045262380685,223.002429180567,0,0.0
1916,Mid-Market,control,35,0.9784554637329812,218.1256520506642,1,218.1256520506642
1916,Mid-Market,control,8,0.9687343943883734,264.93744132391544,1,264.93744132391544
1916,Mid-Market,control,82,0.964700772762992,261.9842187915366,1,261.9842187915366
2412,Occasional,control,30,0.988613545565039,211.4446153374104,1,211.4446153374104
1037,Mid-Market,treatment,71,1.116436775717199,66.94337992678412,1,66.94337992678412
2646,Occasional,control,69,0.9612340632326697,177.480316026946,1,177.480316026946
933,Mid-Market,control,79,1.0041585946638414,149.62450193482184,1,149.62450193482184
933,Mid-Market,control,45,1.010506256888433,81.45061239420436,1,81.45061239420436
933,Mid-Market,control,28,0.9674863562640704,96.52840463790928,1,96.52840463790928
933,Mid-Market,control,76,0.9868149985710591,115.78906272835194,1,115.78906272835194
2556,SMB,control,28,0.98409713377471,53.09690085183122,1,53.09690085183122
174,Occasional,control,79,0.9403477391644369,29.103269829121512,1,29.103269829121512
566,SMB,treatment,51,1.0571547266206636,91.61938966208795,1,91.61938966208795
566,SMB,treatment,42,1.0400892693989718,143.77200112917245,1,143.77200112917245
1961,SMB,control,72,0.9991807166707206,44.43449015302975,0,0.0
813,Occasional,control,13,0.9981017473054797,96.96026533971532,1,96.96026533971532
2688,SMB,treatment,72,1.0351896090782395,46.67082716419355,1,46.67082716419355
2688,SMB,treatment,19,1.094303947406094,104.34350577478614,1,104.34350577478614
959,SMB,treatment,58,1.0801412276447295,44.03381728508864,1,44.03381728508864
528,Occasional,treatment,36,1.0778111870720475,151.2549828027014,1,151.2549828027014
1414,Occasional,control,3,0.9576498315804126,72.14435444162733,1,72.14435444162733
1612,SMB,treatment,17,1.110492257172727,37.991162801266604,1,37.991162801266604
273,Enterprise,treatment,70,1.1839191723704483,497.3602703387682,1,497.3602703387682
273,Enterprise,treatment,8,1.2333079992802753,200.2708021368358,1,200.2708021368358
273,Enterprise,treatment,71,1.2057933046897633,83.6564044779049,1,83.6564044779049
927,Mid-Market,treatment,23,1.1440430565927677,92.78183351650685,1,92.78183351650685
927,Mid-Market,treatment,42,1.1431410287179826,274.27838711289866,1,274.27838711289866
1740,SMB,control,82,0.9846587538173188,116.10344423683885,1,116.10344423683885
848,SMB,control,85,0.9319074945375153,345.3489639990488,1,345.3489639990488
848,SMB,control,1,0.9789627956287242,204.50940472517226,1,204.50940472517226
848,SMB,control,73,0.9773614623800956,62.60441092828816,1,62.60441092828816
953,Mid-Market,treatment,77,1.0783998097889715,538.081664040765,1,538.081664040765
1621,Mid-Market,control,26,0.9515824776180122,44.02305757449378,0,0.0
1621,Mid-Market,control,65,1.0490935040061662,33.01083883517142,0,0.0
3000,Mid-Market,treatment,42,1.1315316217679052,162.13006055930038,1,162.13006055930038
2316,Mid-Market,treatment,48,1.141741455286818,173.36907555214185,1,173.36907555214185
2316,Mid-Market,treatment,4,1.1479404179349812,175.55097660385374,1,175.55097660385374
2316,Mid-Market,treatment,2,1.1149943950095358,62.32013394619342,0,0.0
2316,Mid-Market,treatment,48,1.1409092486359815,359.7008117552359,1,359.7008117552359
1913,Occasional,treatment,83,1.0047275932561732,288.42682599577455,0,0.0
2594,Mid-Market,treatment,85,1.1907348919656071,121.25425097752684,1,121.25425097752684
2032,SMB,control,4,1.012221124486339,286.53257769639055,1,286.53257769639055
1101,Enterprise,treatment,76,1.1253407211072186,39.7412039665477,1,39.7412039665477
1101,Enterprise,treatment,82,1.16577883227974,322.15585797870176,1,322.15585797870176
1101,Enterprise,treatment,41,1.112260749942567,82.16808079612333,1,82.16808079612333
1101,Enterprise,treatment,21,1.2021594632635222,33.72111582978459,1,33.72111582978459
1293,SMB,control,52,0.9452434866607844,17.21626089878682,1,17.21626089878682
1293,SMB,control,3,1.0241692663948108,208.15239420151255,1,208.15239420151255
2876,Mid-Market,treatment,8,1.1322873689128514,279.12224200803763,1,279.12224200803763
2876,Mid-Market,treatment,17,1.0754103963168875,163.13882324047646,1,163.13882324047646
2876,Mid-Market,treatment,32,1.1068093566892543,514.5922649277281,1,514.5922649277281
2876,Mid-Market,treatment,47,1.1379931290967467,95.96375911197671,1,95.96375911197671
2876,Mid-Market,treatment,78,1.0862171009511747,46.21978568230633,1,46.21978568230633
169,Mid-Market,control,59,0.9477394384385127,169.1150592838808,1,169.1150592838808
169,Mid-Market,control,6,0.9889093468587032,355.66899453931825,1,355.66899453931825
169,Mid-Market,control,12,1.0254211203570431,534.0265097814695,1,534.0265097814695
169,Mid-Market,control,46,0.9970756072794108,179.39228301350212,1,179.39228301350212
2377,Occasional,control,86,0.8952329568756956,15.010019408281387,1,15.010019408281387
1468,Mid-Market,treatment,79,1.0618204123630528,106.43694516192893,1,106.43694516192893
1468,Mid-Market,treatment,67,1.1834323610713589,61.37844720522498,1,61.37844720522498
1468,Mid-Market,treatment,1,1.1188010352677307,69.49491313282196,1,69.49491313282196
2767,SMB,treatment,73,1.059574126702073,183.70799151006298,1,183.70799151006298
2767,SMB,treatment,19,1.0937710624140038,66.26195517171423,1,66.26195517171423
2767,SMB,treatment,65,1.0406496198116237,82.01988645352994,1,82.01988645352994
1399,SMB,treatment,65,1.0333587079562687,158.60367611159552,1,158.60367611159552
1229,Occasional,treatment,41,1.0377867227757382,533.3919557857275,1,533.3919557857275
2235,SMB,control,53,0.9643613597747965,496.64870870932873,1,496.64870870932873
1739,SMB,control,42,0.9653364660748275,125.88887634695725,1,125.88887634695725
368,SMB,treatment,81,1.0866515675074728,71.49050538266985,1,71.49050538266985
2276,Enterprise,treatment,52,1.185210560000076,89.7303400049066,1,89.7303400049066
2276,Enterprise,treatment,13,1.1649630710063414,247.49217592766345,1,247.49217592766345
2276,Enterprise,treatment,0,1.135461085320052,166.04158755139963,1,166.04158755139963
2276,Enterprise,treatment,14,1.19502692864291,188.41363646904352,1,188.41363646904352
2276,Enterprise,treatment,54,1.1693549131079017,48.31320457134966,1,48.31320457134966
868,SMB,treatment,47,1.101411447775866,47.66273740983193,1,47.66273740983193
1303,SMB,treatment,52,1.09222120911554,813.5824178429758,0,0.0
352,Mid-Market,treatment,22,1.1551638846092276,140.78842337271848,1,140.78842337271848
2395,SMB,control,18,0.9872617223005771,71.72112188416658,1,71.72112188416658
2504,SMB,treatment,54,1.0776172235106245,557.3930218354323,1,557.3930218354323
980,Mid-Market,control,38,0.9712527628247941,215.47850158652057,1,215.47850158652057
1848,SMB,control,10,0.9548021311953823,46.482452171872296,1,46.482452171872296
1848,SMB,control,12,1.0067156027377655,81.1320725041097,1,81.1320725041097
2371,SMB,control,22,0.9076423316989244,206.05271741169273,1,206.05271741169273
2371,SMB,control,13,1.0078387875997792,297.98150507711955,1,297.98150507711955
499,Mid-Market,treatment,39,1.0948995533022936,30.97322116018299,1,30.97322116018299
1629,Mid-Market,treatment,31,1.1289094647668663,105.1443219805706,1,105.1443219805706
211,SMB,control,8,0.9293895275512213,243.29658981340054,1,243.29658981340054
2471,SMB,treatment,76,1.0954661768610734,64.7450919617694,0,0.0
602,SMB,control,55,0.9670207983557129,71.43867181144148,1,71.43867181144148
228,SMB,treatment,51,1.056572591165101,313.51710545185813,1,313.51710545185813
228,SMB,treatment,29,1.0209889999058985,296.665915668255,1,296.665915668255
366,Mid-Market,control,34,1.013991298993353,137.39076151071933,0,0.0
366,Mid-Market,control,58,0.9798677285469053,60.0440822004475,1,60.0440822004475
366,Mid-Market,control,75,0.9912300310438853,62.12603832924261,1,62.12603832924261
366,Mid-Market,control,48,0.9948094943717436,209.6422173311153,0,0.0
582,SMB,treatment,79,1.0425364653364149,68.56094970038079,1,68.56094970038079
2856,Occasional,control,34,0.9235513584903114,30.1547861906285,1,30.1547861906285
2179,Mid-Market,control,76,1.0052420411082472,135.85577293295515,1,135.85577293295515
2179,Mid-Market,control,43,0.9525160230829365,412.9101060326401,1,412.9101060326401
2179,Mid-Market,control,65,1.0011090222131367,151.26593971605416,1,151.26593971605416
2019,SMB,treatment,44,1.0795438008932259,88.86223891893187,1,88.86223891893187
860,SMB,treatment,69,1.0469578857063087,25.349242970949255,1,25.349242970949255
860,SMB,treatment,23,1.0672788124875858,73.65740662848191,1,73.65740662848191
408,Occasional,control,2,0.9385143313076514,167.15809665719775,1,167.15809665719775
1921,SMB,treatment,35,1.0410778792320767,44.75925274054464,1,44.75925274054464
1921,SMB,treatment,62,1.0662776486945829,25.17379334777053,1,25.17379334777053
1614,Mid-Market,control,2,0.9660540906801852,190.30391498166844,1,190.30391498166844
679,Mid-Market,treatment,62,1.1610781956690919,500.46607314390616,1,500.46607314390616
679,Mid-Market,treatment,74,1.1191849486418548,436.1275460955475,1,436.1275460955475
679,Mid-Market,treatment,71,1.1483303304696866,116.79100772018927,1,116.79100772018927
1265,SMB,treatment,53,1.1048034202318728,154.85281077374077,1,154.85281077374077
2408,Mid-Market,control,50,0.9946610841092766,252.77713744214407,1,252.77713744214407
2408,Mid-Market,control,10,0.9976640133547521,122.52013598629654,1,122.52013598629654
692,Occasional,control,62,0.8707197988369288,132.7535742475894,1,132.7535742475894
8,SMB,treatment,21,0.9803881260312357,42.68595343511897,1,42.68595343511897
2868,SMB,treatment,19,1.0514926864637377,57.18063875368304,1,57.18063875368304
1205,Enterprise,control,69,0.9877222658151293,121.57582189808016,1,121.57582189808016
1205,Enterprise,control,37,1.017180418439719,450.3186406673511,1,450.3186406673511
2234,Occasional,treatment,89,1.0939874892059136,30.20578846172742,1,30.20578846172742
416,Mid-Market,control,11,0.9996343910521208,120.57685422807951,1,120.57685422807951
671,Mid-Market,control,19,1.007003797989704,486.88915757096845,1,486.88915757096845
671,Mid-Market,control,41,0.9910395106617531,73.65062948931553,1,73.65062948931553
811,Enterprise,control,57,1.0610342994180637,119.94045431040968,0,0.0
811,Enterprise,control,31,1.0520171845173387,286.1666273938109,1,286.1666273938109
1090,SMB,control,56,0.9697038948471572,160.86204570080835,1,160.86204570080835
1090,SMB,control,20,0.9273536868136775,94.45237106838806,1,94.45237106838806
200,Mid-Market,treatment,62,1.1503444067259734,447.13023957642986,1,447.13023957642986
200,Mid-Market,treatment,68,1.1555062410258716,298.1517457813789,0,0.0
200,Mid-Market,treatment,67,1.1308354994224519,95.45708123507666,1,95.45708123507666
284,Mid-Market,treatment,48,1.1191825546748768,23.494359315475567,1,23.494359315475567
284,Mid-Market,treatment,4,1.113760158131864,254.58787812585246,0,0.0
284,Mid-Market,treatment,73,1.0650758793164994,212.27682970732397,1,212.27682970732397
232,Mid-Market,control,55,0.9823862272218179,56.8671544176215,1,56.8671544176215
232,Mid-Market,control,35,1.0084055849748839,72.69362345291353,1,72.69362345291353
232,Mid-Market,control,17,1.058990287944255,97.55921340516012,1,97.55921340516012
232,Mid-Market,control,8,0.9880066502113859,98.07982939315818,1,98.07982939315818
2731,Enterprise,treatment,11,1.203545705973943,216.99812511206565,1,216.99812511206565
2731,Enterprise,treatment,34,1.19427813626681,262.3808106017071,1,262.3808106017071
2731,Enterprise,treatment,21,1.2184964363201802,45.588457965635605,1,45.588457965635605
2731,Enterprise,treatment,52,1.1368686883694297,326.3865927945471,1,326.3865927945471
2731,Enterprise,treatment,52,1.1755842242153247,292.3843751338892,1,292.3843751338892
2731,Enterprise,treatment,74,1.1568665578970665,125.88596050979447,1,125.88596050979447
2862,SMB,control,69,0.9295647692837667,302.65985487855596,1,302.65985487855596
2862,SMB,control,76,0.9771581457539781,180.8326588330318,1,180.8326588330318
97,Mid-Market,treatment,45,1.1924170722326464,811.9879255877755,1,811.9879255877755
1588,SMB,treatment,39,1.0605209465328624,138.70783194333458,0,0.0
1588,SMB,treatment,64,1.0264061767866046,865.2769828554207,1,865.2769828554207
2570,Occasional,control,29,0.9383113008872147,23.476485905060194,1,23.476485905060194
1607,Occasional,treatment,24,1.0731800319503257,227.01438149795717,0,0.0
677,Occasional,treatment,9,1.036490656525942,55.04764948052166,1,55.04764948052166
1861,SMB,control,41,1.0060433069788617,57.24614164321801,1,57.24614164321801
2782,Mid-Market,treatment,19,1.1092010535061405,82.57078696148281,1,82.57078696148281
2782,Mid-Market,treatment,7,1.1640320443562178,70.01134334693471,0,0.0
2782,Mid-Market,treatment,11,1.0939469959513446,22.481469853271538,1,22.481469853271538
2864,Mid-Market,control,40,0.9932949026918529,86.10963192508686,1,86.10963192508686
2864,Mid-Market,control,68,1.0060553129177605,196.03022507582173,1,196.03022507582173
2864,Mid-Market,control,42,1.0473137165546307,156.18948852441713,1,156.18948852441713
2588,Mid-Market,treatment,36,1.0889241413110438,146.24685049979738,1,146.24685049979738
2588,Mid-Market,treatment,10,1.1371595069954354,107.74045590416603,1,107.74045590416603
2588,Mid-Market,treatment,20,1.1734506359200494,137.2337420851078,1,137.2337420851078
1400,Mid-Market,control,58,0.9944199580236497,129.51432817098055,1,129.51432817098055
1371,Mid-Market,treatment,32,1.0682218537691568,108.71664220005562,1,108.71664220005562
1371,Mid-Market,treatment,21,1.133371492101036,96.40504848875207,1,96.40504848875207
105,SMB,treatment,81,1.0713408186674065,57.508888238022315,1,57.508888238022315
105,SMB,treatment,36,1.0677323297189254,248.0604543821449,1,248.0604543821449
2088,Mid-Market,control,78,1.0467449577480334,272.153427532574,1,272.153427532574
600,SMB,treatment,42,1.08531937704645,52.25292319149375,1,52.25292319149375
1757,Mid-Market,treatment,61,1.1141318591988174,803.5744386459046,1,803.5744386459046
1757,Mid-Market,treatment,29,1.1142873247510217,80.90727972393712,1,80.90727972393712
1324,SMB,control,77,1.0072047941066804,152.92347615137933,0,0.0
1324,SMB,control,54,0.9082840973536982,84.07344662219484,1,84.07344662219484
1324,SMB,control,6,0.9987610468242665,175.59883318298435,0,0.0
643,Enterprise,control,66,1.0368956335888713,186.80567091006097,1,186.80567091006097
643,Enterprise,control,65,1.089071072671825,116.92882790746637,1,116.92882790746637
643,Enterprise,control,40,0.9867932000594465,98.4382086767394,1,98.4382086767394
643,Enterprise,control,77,1.0176921328895467,110.67730106233871,1,110.67730106233871
643,Enterprise,control,57,1.0579576847646988,81.2707873057796,1,81.2707873057796
643,Enterprise,control,23,1.0831842161143432,197.4247653177606,1,197.4247653177606
701,Mid-Market,treatment,17,1.1192650283095043,1415.9189652577106,1,1415.9189652577106
701,Mid-Market,treatment,15,1.146698958789365,148.6359075884939,1,148.6359075884939
227,Enterprise,treatment,5,1.1669209622348098,29.929761663671062,1,29.929761663671062
227,Enterprise,treatment,45,1.1615881451384835,516.8273207396468,1,516.8273207396468
227,Enterprise,treatment,84,1.0990831710691218,33.06450947510841,1,33.06450947510841
227,Enterprise,treatment,25,1.2118865853357381,81.83680734312136,1,81.83680734312136
227,Enterprise,treatment,71,1.2175861950448017,189.33695395212337,1,189.33695395212337
1698,SMB,treatment,41,1.0530717972961523,53.092537830880794,1,53.092537830880794
1698,SMB,treatment,57,1.0910764187648145,245.8408373559662,1,245.8408373559662
1011,SMB,control,50,0.9711377854035124,39.48885043833933,1,39.48885043833933
1573,SMB,treatment,69,1.1196375319384209,287.33804373875506,0,0.0
777,SMB,control,85,0.9744753563929948,43.504479502351266,1,43.504479502351266
777,SMB,control,47,0.9783491901272845,86.77042948052156,1,86.77042948052156
1731,Occasional,treatment,20,1.0666363493527624,83.4708258491082,1,83.4708258491082
2827,SMB,treatment,49,1.032108952208767,103.00435606234505,1,103.00435606234505
2827,SMB,treatment,68,1.001532922627031,158.1511897940927,1,158.1511897940927
2229,Enterprise,treatment,16,1.144359373979881,161.75861460752404,1,161.75861460752404
2229,Enterprise,treatment,36,1.1442449093593474,37.701243666955406,1,37.701243666955406
2229,Enterprise,treatment,10,1.1627050590835613,154.19113095619622,1,154.19113095619622
2229,Enterprise,treatment,1,1.1848509330974122,343.01516763737817,1,343.01516763737817
2229,Enterprise,treatment,84,1.238079812018116,704.1697891238264,1,704.1697891238264
2795,Occasional,treatment,55,1.056237274334323,327.9806692267137,0,0.0
465,SMB,treatment,7,1.1220069404494544,82.67225810467518,1,82.67225810467518
2652,Mid-Market,treatment,89,1.119859142927057,101.74162730871099,1,101.74162730871099
2652,Mid-Market,treatment,14,1.1552890173584347,36.41333479860593,1,36.41333479860593
1094,Mid-Market,treatment,14,1.0981258530967273,158.84057453898274,1,158.84057453898274
1272,Mid-Market,control,63,0.911864282788464,50.326440022793335,0,0.0
1272,Mid-Market,control,33,0.9569697577150262,185.90887117320045,1,185.90887117320045
2924,SMB,treatment,58,1.1134217107606839,204.36962013752543,0,0.0
1581,Occasional,treatment,33,1.0788491805762193,205.89118298898077,1,205.89118298898077
1581,Occasional,treatment,59,1.0373555924309203,446.943637529109,0,0.0
1208,SMB,control,72,0.9475466305242934,839.1251199598557,1,839.1251199598557
213,Mid-Market,treatment,19,1.1174446760257033,42.262921131645,1,42.262921131645
13,SMB,control,2,0.979738301356552,129.3862710306829,1,129.3862710306829
13,SMB,control,12,0.9417270006826558,41.73142381959982,1,41.73142381959982
2973,Mid-Market,treatment,53,1.1263187011348668,166.32376664218484,1,166.32376664218484
2973,Mid-Market,treatment,81,1.044285251028623,74.41072918336464,1,74.41072918336464
423,Enterprise,treatment,84,1.1851336518777427,28.59757548519293,1,28.59757548519293
423,Enterprise,treatment,25,1.1893633008961713,114.64890649182792,1,114.64890649182792
1689,SMB,control,30,0.961433540914374,143.06121140173263,1,143.06121140173263
1689,SMB,control,89,0.9974297072849991,126.8116784460577,1,126.8116784460577
1780,SMB,treatment,78,1.0661911045272188,59.99673103683502,1,59.99673103683502
2640,Mid-Market,control,47,1.0381677669282081,163.5029698839516,1,163.5029698839516
2640,Mid-Market,control,79,0.9919683036053494,58.820055583737826,1,58.820055583737826
2640,Mid-Market,control,31,0.9556976391204086,70.57520903510004,1,70.57520903510004
2320,Occasional,treatment,89,1.0752297749387896,82.76625577089959,0,0.0
638,SMB,treatment,78,1.08533413856159,47.14871126718163,1,47.14871126718163
1279,Occasional,control,39,0.9543705554242599,233.99804530653176,1,233.99804530653176
1641,SMB,control,20,1.013941305469631,255.46406132054148,1,255.46406132054148
510,Mid-Market,control,66,0.977907754772558,106.8182633917334,1,106.8182633917334
510,Mid-Market,control,4,1.0142940961952889,281.25835007519066,0,0.0
510,Mid-Market,control,29,1.007449300088836,104.96080894887146,1,104.96080894887146
510,Mid-Market,control,67,0.9970608524272981,30.005813618652276,1,30.005813618652276
510,Mid-Market,control,52,0.9741067160673058,80.02058194297153,1,80.02058194297153
510,Mid-Market,control,11,0.9710646282244986,170.94885970240517,1,170.94885970240517
598,SMB,treatment,22,1.066982626053106,37.514126003931246,1,37.514126003931246
598,SMB,treatment,68,1.0302207915548385,209.53385682487104,1,209.53385682487104
598,SMB,treatment,75,1.0792256805366585,251.87019643567453,1,251.87019643567453
2713,Mid-Market,treatment,27,1.0974779738237364,42.09770197154168,1,42.09770197154168
2713,Mid-Market,treatment,64,1.0699895365899688,49.303978952391105,1,49.303978952391105
2635,SMB,control,28,1.0229233453619488,80.245899444974,1,80.245899444974
2365,SMB,control,82,0.9486372487515988,34.27006304937925,1,34.27006304937925
2365,SMB,control,67,1.0004321017147169,52.419974636140786,1,52.419974636140786
2365,SMB,control,57,0.9063810248569278,644.7094407811162,1,644.7094407811162
2644,Occasional,treatment,37,1.0710881964644825,24.232748023464797,1,24.232748023464797
519,Enterprise,control,88,1.0808052283123675,41.38977743711968,1,41.38977743711968
519,Enterprise,control,78,1.0294921526805332,59.83005557665642,1,59.83005557665642
519,Enterprise,control,39,1.0452297517018194,134.822673100216,1,134.822673100216
519,Enterprise,control,59,1.030627127624309,189.274694520572,1,189.274694520572
2794,Occasional,treatment,61,1.0717155135567324,55.366963858710825,1,55.366963858710825
574,SMB,treatment,65,1.1313191532345348,1150.7246021397164,0,0.0
2726,SMB,control,11,0.9702543180143858,359.95918236627193,1,359.95918236627193
1098,SMB,treatment,22,1.0625732803980643,315.1252414578908,1,315.1252414578908
1948,Occasional,control,43,0.904031302867092,219.03143891213102,1,219.03143891213102
1449,SMB,treatment,71,1.068996161690236,204.9800390790048,0,0.0
1585,SMB,control,8,0.9036468472471317,35.217170979160706,1,35.217170979160706
2597,Mid-Market,control,83,1.0249023517226998,139.25947008765155,1,139.25947008765155
965,Occasional,treatment,17,1.182636903780325,30.136711087263556,1,30.136711087263556
965,Occasional,treatment,29,1.0361141039729524,69.10855651081735,1,69.10855651081735
1019,Enterprise,control,42,1.087265013144627,100.50163276094675,1,100.50163276094675
1019,Enterprise,control,52,1.0604618175046796,43.93213792013686,1,43.93213792013686
1019,Enterprise,control,41,1.061064364952672,81.02822355238747,1,81.02822355238747
1019,Enterprise,control,82,1.0254634161862657,211.20513186186193,1,211.20513186186193
1019,Enterprise,control,50,1.0635429300149422,173.5032060711706,1,173.5032060711706
1019,Enterprise,control,53,0.995005484050074,41.096433007030164,1,41.096433007030164
2909,Occasional,control,23,0.9206477613458445,396.95950848469437,1,396.95950848469437
359,SMB,control,40,0.9458056979194027,42.83016747445438,1,42.83016747445438
359,SMB,control,82,1.0047910067903283,87.66092856403252,1,87.66092856403252
737,Mid-Market,treatment,85,1.1313937103440361,129.87526237747693,1,129.87526237747693
1785,Mid-Market,control,49,1.0011107728905202,99.84097202368937,1,99.84097202368937
1785,Mid-Market,control,56,0.9766204386272543,25.31712495768502,1,25.31712495768502
1785,Mid-Market,control,86,0.9100129360975426,204.75563880594277,1,204.75563880594277
1609,Mid-Market,treatment,86,1.124645394481405,394.9756075323887,0,0.0
1609,Mid-Market,treatment,27,1.1235405165917616,151.9225897092807,1,151.9225897092807
260,SMB,treatment,18,1.0553647368409418,133.8341704191141,1,133.8341704191141
2772,SMB,treatment,17,1.0632614290631912,95.5922724288376,1,95.5922724288376
2643,SMB,control,25,0.9793962964013875,257.7083949602254,1,257.7083949602254
2743,Mid-Market,control,73,0.9876934879383574,313.3245252396577,1,313.3245252396577
2743,Mid-Market,control,75,1.0142930720587182,51.9239878639102,1,51.9239878639102
2743,Mid-Market,control,52,1.0490009356726533,193.53743751305572,1,193.53743751305572
2743,Mid-Market,control,2,0.984660059842969,108.01254989554543,1,108.01254989554543
2384,Enterprise,treatment,5,1.2085191280222245,129.9312108550991,1,129.9312108550991
2384,Enterprise,treatment,80,1.1377881700750925,183.39973098896849,1,183.39973098896849
2384,Enterprise,treatment,82,1.2117587210375123,117.84627499101478,1,117.84627499101478
1030,Mid-Market,treatment,3,1.1159787586211163,46.52849757397963,1,46.52849757397963
2409,Mid-Market,control,35,1.0122199829283915,151.7047022740064,0,0.0
970,Mid-Market,treatment,55,1.1581290730494975,100.10337041134515,1,100.10337041134515
2991,SMB,control,10,0.9921718125329851,73.06589363977263,1,73.06589363977263
2991,SMB,control,8,0.940584207576946,104.80489804734451,1,104.80489804734451
820,Mid-Market,treatment,8,1.1519837831708302,94.51391085686221,1,94.51391085686221
2717,SMB,treatment,35,1.0765858321113,58.14604022464672,1,58.14604022464672
2326,Occasional,control,59,0.9859254893210944,73.88547705426137,1,73.88547705426137
457,Occasional,treatment,25,1.106220805654378,178.36667071968546,1,178.36667071968546
463,Occasional,control,57,0.9869469285565703,218.60324911262785,1,218.60324911262785
2345,SMB,treatment,52,1.089407904224956,104.11573852842766,1,104.11573852842766
2689,Mid-Market,control,66,0.9784484126829259,69.58434247329359,1,69.58434247329359
2689,Mid-Market,control,2,0.9504366292957204,462.30008043272454,1,462.30008043272454
2689,Mid-Market,control,3,1.016733222090163,272.5185857526394,1,272.5185857526394
382,Occasional,control,87,0.9423423210420021,79.62531697481182,1,79.62531697481182
1892,SMB,control,88,1.0097942591828375,782.4665875587639,1,782.4665875587639
1833,SMB,treatment,12,1.0566406403762882,86.38119859600499,1,86.38119859600499
2309,SMB,treatment,4,1.034623815020259,167.43618653730235,1,167.43618653730235
1507,SMB,treatment,86,1.0731867335144671,157.54869182496657,1,157.54869182496657
806,Mid-Market,control,53,0.9982940969554075,38.76285710687717,1,38.76285710687717
806,Mid-Market,control,82,0.9647743388666166,80.34265522918284,1,80.34265522918284
806,Mid-Market,control,74,0.9945992219978191,165.51526443293196,1,165.51526443293196
806,Mid-Market,control,72,1.0011606395840242,515.1389772891995,1,515.1389772891995
806,Mid-Market,control,61,1.0084094397205803,196.06094035632685,1,196.06094035632685
806,Mid-Market,control,84,0.910459334580406,146.58134679844207,1,146.58134679844207
2439,SMB,treatment,0,1.089587051744886,342.77267673198725,1,342.77267673198725
757,Mid-Market,treatment,41,1.0791899714711515,257.4671432533786,1,257.4671432533786
757,Mid-Market,treatment,37,1.0805588969748554,81.30486202985503,1,81.30486202985503
757,Mid-Market,treatment,9,1.149885723021184,393.44556107179255,1,393.44556107179255
757,Mid-Market,treatment,54,1.1360542204207293,35.67768222049784,1,35.67768222049784
2516,Occasional,control,9,0.9470935429988386,33.83184305514813,1,33.83184305514813
1254,SMB,control,31,0.9418407533884482,131.43709840171402,0,0.0
1254,SMB,control,64,1.0261042912826983,145.13028104590146,1,145.13028104590146
1254,SMB,control,38,0.9128847744299866,36.28084328098453,1,36.28084328098453
870,Mid-Market,control,84,0.9696300962177881,215.82304813861384,1,215.82304813861384
870,Mid-Market,control,89,0.9819687218170783,75.40716024568228,1,75.40716024568228
870,Mid-Market,control,79,0.9866368990969985,68.54690041314846,1,68.54690041314846
2065,Mid-Market,control,70,0.9738127951274071,74.3633833775416,1,74.3633833775416
2065,Mid-Market,control,69,0.9828722588141529,109.80908601520593,0,0.0
2065,Mid-Market,control,33,0.9648406478349421,336.0521162493587,1,336.0521162493587
1411,Occasional,control,81,0.9895883566230951,72.87229034891432,1,72.87229034891432
2361,Occasional,treatment,17,1.058491561469674,1448.574961930462,1,1448.574961930462
2288,SMB,control,84,0.9794963128050129,100.7521760837755,1,100.7521760837755
2288,SMB,control,88,0.9983729230133186,85.3056426943273,1,85.3056426943273
2859,SMB,control,57,0.9286802092791615,20.10344040264946,1,20.10344040264946
1174,SMB,control,89,0.9396131455314638,13.103967734349563,1,13.103967734349563
543,Occasional,control,61,0.9501008863540263,488.5981701384162,1,488.5981701384162
2105,SMB,control,21,0.9598078997295733,402.7689677205846,1,402.7689677205846
1256,Occasional,control,80,0.93031076181088,105.29511477689667,1,105.29511477689667
1767,Occasional,treatment,10,1.0062977181381003,72.67989479148217,1,72.67989479148217
1766,Enterprise,treatment,74,1.1701127351340723,732.6359836828748,1,732.6359836828748
1766,Enterprise,treatment,33,1.1113108950235875,75.0098795643937,1,75.0098795643937
1766,Enterprise,treatment,8,1.1698077013143182,216.5459332642505,0,0.0
1766,Enterprise,treatment,46,1.1938733818170346,167.49924440756772,1,167.49924440756772
1766,Enterprise,treatment,67,1.1628640131341332,160.13495023460712,1,160.13495023460712
1766,Enterprise,treatment,29,1.1983109313737823,39.431505546124086,1,39.431505546124086
1290,SMB,treatment,57,1.0427303445332452,326.9234603471246,1,326.9234603471246
1290,SMB,treatment,18,1.1045452780404863,892.7046740808944,1,892.7046740808944
2422,Mid-Market,treatment,42,1.1075670916488078,541.2539184921286,1,541.2539184921286
2422,Mid-Market,treatment,25,1.0816992571938049,192.24275917472607,1,192.24275917472607
2422,Mid-Market,treatment,47,1.1488022646309572,48.04762206472251,1,48.04762206472251
2528,Occasional,control,4,0.9676419517923751,598.9770074455007,1,598.9770074455007
1344,SMB,control,69,0.9639524187944941,245.12254243469215,1,245.12254243469215
1526,Mid-Market,treatment,29,1.106335340369092,79.88734439916854,1,79.88734439916854
2895,Occasional,treatment,24,1.059623839179194,349.6053752639154,1,349.6053752639154
2687,Mid-Market,control,33,0.9401880317765309,22.919206860303202,0,0.0
2687,Mid-Market,control,24,1.0177767510781748,84.38829049103681,1,84.38829049103681
2195,SMB,treatment,34,1.0715951489643616,341.8423162922379,1,341.8423162922379
2421,Mid-Market,control,69,1.0245901145201668,106.02209876965414,0,0.0
1678,SMB,control,15,0.9426015021762136,29.770659859517668,1,29.770659859517668
1287,Mid-Market,control,0,1.0153286018065983,459.91999241865824,1,459.91999241865824
1287,Mid-Market,control,42,0.9965320220327315,615.8489324381579,1,615.8489324381579
1287,Mid-Market,control,40,1.0280952200052802,1377.5637793927706,1,1377.5637793927706
1287,Mid-Market,control,65,0.9693676661696936,75.9676861581354,1,75.9676861581354
436,Mid-Market,treatment,82,1.1227970596563088,23.79459872062919,0,0.0
1728,Occasional,control,75,1.0040497605300212,382.0948020899542,1,382.0948020899542
238,SMB,control,49,0.9372309024917981,103.20176218507396,1,103.20176218507396
2348,Occasional,control,35,0.9998654049640892,288.1881436145746,1,288.1881436145746
110,Occasional,treatment,31,1.0524051300203459,144.6289302803965,1,144.6289302803965
2275,Occasional,control,34,1.008595556786454,112.55540212834693,1,112.55540212834693
164,Enterprise,treatment,11,1.1076947400366264,85.03150107800992,0,0.0
164,Enterprise,treatment,44,1.213559683850415,168.35957276341318,1,168.35957276341318
289,SMB,control,39,0.9593943399241821,101.8797367988506,1,101.8797367988506
253,SMB,treatment,42,1.0118935953547892,73.73880092543217,1,73.73880092543217
2584,Mid-Market,treatment,5,1.1394806022077713,63.12492803639719,1,63.12492803639719
2584,Mid-Market,treatment,15,1.1643901007817594,148.5435755804794,1,148.5435755804794
2584,Mid-Market,treatment,68,1.1413109141280398,410.5823291835264,1,410.5823291835264
1965,SMB,control,82,0.9292330977419299,59.37319562088884,1,59.37319562088884
1289,SMB,treatment,15,1.0752783635479772,372.04239231334446,1,372.04239231334446
1289,SMB,treatment,78,1.0531676127954406,197.70003953508578,1,197.70003953508578
1289,SMB,treatment,83,1.148599958934333,37.54028150296363,1,37.54028150296363
745,SMB,treatment,6,1.0390918854425386,191.70935723121113,1,191.70935723121113
1207,SMB,control,87,0.9234719067193637,191.08773446869571,1,191.08773446869571
2420,Occasional,treatment,51,1.0850948307194561,211.5671696346498,1,211.5671696346498
1392,Occasional,control,80,0.9630128490249819,135.3909638485419,1,135.3909638485419
2334,Mid-Market,treatment,63,1.1246470353961515,451.5563207101815,1,451.5563207101815
991,SMB,control,27,0.9895444140692407,136.98059438100702,1,136.98059438100702
840,SMB,control,58,0.9256784186052235,207.2405730654279,1,207.2405730654279
1150,Occasional,control,16,0.9593384869766838,56.86305505298841,0,0.0
1150,Occasional,control,16,0.9389518645738636,132.9331327616839,1,132.9331327616839
1222,Mid-Market,control,1,0.9859810043899527,670.7957721645888,1,670.7957721645888
1222,Mid-Market,control,0,0.9987569163840936,23.620260336599937,1,23.620260336599937
1744,Occasional,treatment,12,1.0696886990818526,130.98210699786026,1,130.98210699786026
1744,Occasional,treatment,17,1.0724895072347254,267.83593538964465,1,267.83593538964465
2401,SMB,treatment,34,1.0494585541152144,611.9448583626233,1,611.9448583626233
2401,SMB,treatment,44,1.1047720797408291,155.37376279635507,1,155.37376279635507
462,Mid-Market,treatment,0,1.0705815302534565,63.238867553287236,1,63.238867553287236
462,Mid-Market,treatment,14,1.1300903633257862,101.41519513568258,1,101.41519513568258
462,Mid-Market,treatment,25,1.1043432558134212,46.18901149346733,1,46.18901149346733
462,Mid-Market,treatment,67,1.1315572691625195,134.6268607486316,1,134.6268607486316
1310,Occasional,treatment,47,1.074413367116115,96.30960807003063,1,96.30960807003063
1310,Occasional,treatment,3,1.0881972891053173,873.435742659296,1,873.435742659296
1436,Occasional,control,13,0.964118653531912,160.25237736749156,1,160.25237736749156
158,SMB,treatment,45,1.1074090989433751,71.10467012648793,1,71.10467012648793
158,SMB,treatment,67,1.0787242170820148,47.65834301132633,1,47.65834301132633
1912,Mid-Market,treatment,43,1.0954289457105277,226.873416089439,0,0.0
1912,Mid-Market,treatment,47,1.110534643113278,155.76844662666429,1,155.76844662666429
1912,Mid-Market,treatment,39,1.119681162293776,158.6826091802054,1,158.6826091802054
1912,Mid-Market,treatment,77,1.0938650201358937,320.6059657772279,1,320.6059657772279
2360,Mid-Market,treatment,83,1.1269515384119915,137.01258709740398,1,137.01258709740398
2360,Mid-Market,treatment,87,1.1132006674589756,207.37109075997233,1,207.37109075997233
2360,Mid-Market,treatment,68,1.0863805628623944,764.8231663354275,1,764.8231663354275
2360,Mid-Market,treatment,80,1.1455980789698688,136.1075109786625,1,136.1075109786625
678,SMB,treatment,7,1.0581283520547549,382.92722053801117,1,382.92722053801117
2849,SMB,treatment,51,1.065654407039714,148.13164943199274,1,148.13164943199274
1873,Occasional,control,49,0.8978710150665784,47.976904414043084,1,47.976904414043084
239,Enterprise,control,65,1.0290507607187884,389.6622273005149,1,389.6622273005149
239,Enterprise,control,63,1.0421187699796257,119.5887729289537,1,119.5887729289537
239,Enterprise,control,6,1.0248457774544466,59.03495090029571,1,59.03495090029571
239,Enterprise,control,64,1.0364789881472416,103.14507669402153,1,103.14507669402153
239,Enterprise,control,5,0.9889367126034823,105.33295366408532,1,105.33295366408532
2918,Occasional,treatment,60,1.0490863300217679,59.86881647167873,1,59.86881647167873
1092,SMB,treatment,69,1.0680144624357375,20.850118415330094,1,20.850118415330094
2871,SMB,treatment,24,1.0526570141480782,119.54244144746471,1,119.54244144746471
2871,SMB,treatment,63,1.0115657576179626,677.6153036963252,1,677.6153036963252
101,Occasional,treatment,24,1.0833435035520715,170.36529611697054,1,170.36529611697054
316,Mid-Market,control,88,0.9548376354310929,63.85466017342627,1,63.85466017342627
316,Mid-Market,control,56,0.9967812936496975,128.86164395514825,1,128.86164395514825
316,Mid-Market,control,53,0.9941639512404664,86.70275806278494,1,86.70275806278494
1024,SMB,control,1,0.9541617368820687,266.7376887482574,1,266.7376887482574
2747,Mid-Market,treatment,62,1.1042656257448262,77.36682032976437,1,77.36682032976437
2747,Mid-Market,treatment,16,1.078505652512156,29.28895319001637,1,29.28895319001637
2747,Mid-Market,treatment,14,1.109368036826308,22.788009237590494,1,22.788009237590494
2747,Mid-Market,treatment,16,1.146462356661891,53.44932519345589,1,53.44932519345589
2747,Mid-Market,treatment,37,1.0816691276976955,271.5972366539236,1,271.5972366539236
768,Enterprise,control,73,1.0800757842266249,298.252012745757,1,298.252012745757
768,Enterprise,control,64,1.0183318074589103,139.61262165288375,1,139.61262165288375
1345,Occasional,control,33,0.9183682747718369,167.3052321581948,1,167.3052321581948
262,SMB,control,57,0.9693023212197357,74.76919198161386,0,0.0
1452,SMB,treatment,79,1.0588728536170287,59.602639601483496,0,0.0
1452,SMB,treatment,20,1.0495784134242836,128.88256110655777,1,128.88256110655777
2835,SMB,treatment,33,1.0524725651167868,152.7025056512814,1,152.7025056512814
2835,SMB,treatment,75,1.0737137326718529,13.492338282570554,1,13.492338282570554
2835,SMB,treatment,34,1.1256840598409825,32.73409290407221,1,32.73409290407221
2835,SMB,treatment,58,1.0825957838777438,255.43902398547564,1,255.43902398547564
196,Mid-Market,treatment,14,1.126481355078876,99.49976739166331,0,0.0
196,Mid-Market,treatment,81,1.0948561892276998,192.00282451834957,0,0.0
196,Mid-Market,treatment,76,1.12597749192885,264.0949756173627,1,264.0949756173627
1776,SMB,treatment,25,1.0560239149780348,84.78881039352181,1,84.78881039352181
1776,SMB,treatment,55,1.037555810577205,129.37968487920284,1,129.37968487920284
2842,SMB,control,17,0.972306849362499,45.35618593445479,1,45.35618593445479
2842,SMB,control,69,0.937797479104259,45.95448522416575,1,45.95448522416575
2842,SMB,control,74,0.9441371793510362,160.22426867250778,1,160.22426867250778
1736,SMB,treatment,6,1.0647817765087653,423.74261703369734,0,0.0
1736,SMB,treatment,3,1.1031743167777825,756.1366100317423,1,756.1366100317423
1736,SMB,treatment,44,1.061633295250428,97.8588419199578,1,97.8588419199578
1736,SMB,treatment,35,1.0899619674015892,151.74214560387378,1,151.74214560387378
180,SMB,control,21,0.988901148910072,64.5633323352566,1,64.5633323352566
2923,Mid-Market,control,57,0.9518317776027124,362.705575758049,0,0.0
2923,Mid-Market,control,74,0.9894734375337508,68.59288700177918,1,68.59288700177918
2923,Mid-Market,control,28,1.0505177449122083,51.01088246712055,1,51.01088246712055
2923,Mid-Market,control,3,1.0212409771296758,731.5638811516078,0,0.0
2923,Mid-Market,control,39,0.9955457520270612,204.88409062028364,1,204.88409062028364
2923,Mid-Market,control,2,1.0710524331635527,136.1619332513389,1,136.1619332513389
341,Mid-Market,treatment,23,1.124959341185771,118.87231010965468,1,118.87231010965468
1100,Mid-Market,control,16,0.9843008203677956,135.2852782630514,1,135.2852782630514
1100,Mid-Market,control,54,0.9584782963384948,53.164120333681815,1,53.164120333681815
1100,Mid-Market,control,24,1.0093298622612805,101.14000332850812,1,101.14000332850812
1100,Mid-Market,control,74,0.9838247792789033,362.34829394984496,1,362.34829394984496
1544,Mid-Market,treatment,77,1.100075664494633,168.16159990912521,1,168.16159990912521
749,SMB,control,38,0.9643777219910983,275.095007159892,1,275.095007159892
749,SMB,control,21,0.9779416341354545,142.6858261792833,1,142.6858261792833
749,SMB,control,46,1.0326664804490189,135.6914002854685,1,135.6914002854685
2756,SMB,treatment,19,1.119840938256544,67.85163829710136,0,0.0
2756,SMB,treatment,88,1.0934291531480447,190.4593003375158,1,190.4593003375158
663,Mid-Market,control,34,0.9609688668253809,18.647154218075816,1,18.647154218075816
481,Mid-Market,control,52,0.9921507511417177,92.56591001286816,1,92.56591001286816
481,Mid-Market,control,54,0.9666789302329035,119.91425335935217,1,119.91425335935217
2139,SMB,treatment,84,1.0662332493229743,30.093635337585734,1,30.093635337585734
872,Enterprise,control,7,1.0388309830264555,92.9310468369716,1,92.9310468369716
872,Enterprise,control,30,1.0081293083629426,122.83625305942553,0,0.0
872,Enterprise,control,56,1.0153266051289054,256.43022902892045,1,256.43022902892045
872,Enterprise,control,43,1.040259121784132,135.69592551764944,1,135.69592551764944
872,Enterprise,control,58,1.032837169898843,73.99105775805667,1,73.99105775805667
1454,Occasional,control,4,0.9981835851616422,176.98397731716832,1,176.98397731716832
2953,Mid-Market,control,74,1.0124391188250645,182.16364003212996,1,182.16364003212996
2953,Mid-Market,control,57,1.0743718822114412,32.05645390194777,0,0.0
2953,Mid-Market,control,0,0.9631578280516273,59.05668777926012,1,59.05668777926012
550,SMB,treatment,19,1.0573468575941574,342.99375858797396,1,342.99375858797396
2021,SMB,treatment,56,1.0965906125578306,62.55169802047887,1,62.55169802047887
2709,Mid-Market,treatment,83,1.0772306121776412,88.48482679591154,1,88.48482679591154
743,Occasional,treatment,45,1.095515155531748,44.21893643917631,1,44.21893643917631
2416,Mid-Market,treatment,66,1.143245858515562,133.2604875090659,1,133.2604875090659
2416,Mid-Market,treatment,52,1.0986551175244577,364.14276100501746,1,364.14276100501746
2416,Mid-Market,treatment,60,1.116094863514853,77.46194186190424,1,77.46194186190424
2638,Mid-Market,control,71,1.0002041113696596,355.0528792063374,1,355.0528792063374
2638,Mid-Market,control,82,1.0486663472846403,115.4027963621975,0,0.0
2638,Mid-Market,control,22,0.9825374885822745,433.6411109503201,1,433.6411109503201
2567,Enterprise,control,86,1.0712009016008917,104.76695299013795,1,104.76695299013795
2567,Enterprise,control,34,1.0800844278207187,199.91390808919755,1,199.91390808919755
2567,Enterprise,control,86,1.0738028428087831,558.8714053697264,1,558.8714053697264
2293,SMB,control,59,0.9789070619671683,137.50196564959685,1,137.50196564959685
2293,SMB,control,3,1.0418218919752213,118.68320388695555,1,118.68320388695555
1910,Occasional,control,61,0.9612550801338388,221.49939781477508,1,221.49939781477508
791,Mid-Market,treatment,51,1.0998025181920095,409.2749237096787,1,409.2749237096787
791,Mid-Market,treatment,9,1.1344548059312922,61.92880997328639,0,0.0
791,Mid-Market,treatment,12,1.1077863976840219,456.10765533944584,1,456.10765533944584
791,Mid-Market,treatment,55,1.0758649914995115,402.36083040409346,1,402.36083040409346
2121,Mid-Market,treatment,46,1.0886026549397059,216.27161199744523,1,216.27161199744523
2121,Mid-Market,treatment,42,1.1477448363359835,111.75768046748537,1,111.75768046748537
2121,Mid-Market,treatment,79,1.12076878465684,305.20918703461285,1,305.20918703461285
2121,Mid-Market,treatment,25,1.1219119105124804,198.3303895422735,1,198.3303895422735
1447,Occasional,treatment,88,1.0385850887683774,210.948389270137,1,210.948389270137
248,Mid-Market,control,69,1.0233875180001704,249.27584939401467,1,249.27584939401467
248,Mid-Market,control,35,0.9882325387621534,55.265488655888454,1,55.265488655888454
248,Mid-Market,control,62,1.023192555032867,72.35327931426829,1,72.35327931426829
248,Mid-Market,control,6,1.009159084590712,154.5754761459446,1,154.5754761459446
248,Mid-Market,control,74,0.9853811740150811,112.96708444144959,1,112.96708444144959
248,Mid-Market,control,22,0.9570879985088144,73.94410150685106,1,73.94410150685106
248,Mid-Market,control,4,0.9501340419821109,956.7798843501022,1,956.7798843501022
830,Mid-Market,treatment,3,1.1112944619622045,85.34625845774393,1,85.34625845774393
830,Mid-Market,treatment,74,1.178176561339914,58.85877835151732,1,58.85877835151732
830,Mid-Market,treatment,86,1.0736786238213032,697.7128297043993,1,697.7128297043993
1125,Mid-Market,treatment,15,1.1590212863503682,46.342526494248965,0,0.0
1125,Mid-Market,treatment,85,1.1098115871507108,192.3848534322927,1,192.3848534322927
2721,SMB,treatment,79,1.0522548095362594,135.00165924772122,1,135.00165924772122
627,SMB,treatment,74,1.0410549558550852,290.69407405882197,1,290.69407405882197
348,Mid-Market,control,2,1.0208522241764708,96.15700872004892,1,96.15700872004892
348,Mid-Market,control,69,1.020224700002774,55.81454311506794,1,55.81454311506794
279,Occasional,control,60,1.0315783060525345,38.330068076235094,1,38.330068076235094
1784,Mid-Market,treatment,75,1.111028257548983,292.28181630013466,1,292.28181630013466
1784,Mid-Market,treatment,13,1.1449622535669701,121.03569218149153,1,121.03569218149153
1784,Mid-Market,treatment,49,1.1143289953080746,67.15288984705636,1,67.15288984705636
2281,Mid-Market,treatment,28,1.1405212951031418,126.36904605195032,1,126.36904605195032
2281,Mid-Market,treatment,89,1.1083135115995217,47.56063357998708,1,47.56063357998708
656,Mid-Market,control,82,1.0205654675597173,453.92957225367974,1,453.92957225367974
656,Mid-Market,control,52,0.9224012744608755,113.273660891348,1,113.273660891348
1214,Mid-Market,treatment,25,1.1499346170430107,114.57158081501763,0,0.0
1214,Mid-Market,treatment,6,1.1655032952432847,107.78502920531112,1,107.78502920531112
1214,Mid-Market,treatment,37,1.1257236921100813,442.57442964565917,1,442.57442964565917
839,Mid-Market,control,42,0.9628245017099591,60.02533821125815,1,60.02533821125815
839,Mid-Market,control,58,0.9683591991137082,155.775484313894,1,155.775484313894
839,Mid-Market,control,85,0.9670799968931786,173.3945327832179,1,173.3945327832179
2625,SMB,treatment,53,1.1198177078074392,1320.533887765905,1,1320.533887765905
2589,SMB,treatment,57,1.0817473876861219,85.28130252836546,1,85.28130252836546
2351,Enterprise,treatment,76,1.2156753185528932,106.56967164078593,1,106.56967164078593
1710,Mid-Market,treatment,85,1.1189955493415273,864.5237078278847,1,864.5237078278847
1710,Mid-Market,treatment,45,1.1279487200502,233.7035790733397,1,233.7035790733397
1710,Mid-Market,treatment,14,1.1049795061349594,379.26471201976483,0,0.0
1710,Mid-Market,treatment,56,1.122436269433943,173.35311508842014,0,0.0
1710,Mid-Market,treatment,85,1.1767935775324616,275.02610453380123,1,275.02610453380123
1710,Mid-Market,treatment,77,1.1156808859006944,704.3489908063989,1,704.3489908063989
2024,Mid-Market,control,69,0.9985062307114584,116.47978087976257,1,116.47978087976257
977,SMB,control,32,0.9498995844170619,63.13281419970268,1,63.13281419970268
446,SMB,control,57,0.980893046194841,630.1667263613158,1,630.1667263613158
446,SMB,control,23,1.001157796787032,1223.1065497890058,1,1223.1065497890058
618,Mid-Market,treatment,19,1.160716932304766,178.67225534764736,0,0.0
618,Mid-Market,treatment,22,1.157358316653169,2237.153496542185,1,2237.153496542185
618,Mid-Market,treatment,49,1.1121444796059254,57.58629018346831,1,57.58629018346831
618,Mid-Market,treatment,14,1.0977245885606122,123.34771737545496,1,123.34771737545496
618,Mid-Market,treatment,57,1.1203509521487132,111.58984065249612,1,111.58984065249612
1475,SMB,treatment,41,1.1081104379348272,154.76295743473105,1,154.76295743473105
1779,Mid-Market,treatment,63,1.1688828269614588,1149.3408282318023,1,1149.3408282318023
2518,Mid-Market,treatment,41,1.08765604829849,166.84140506049977,1,166.84140506049977
2518,Mid-Market,treatment,50,1.0808323535546644,231.69606884940674,1,231.69606884940674
2518,Mid-Market,treatment,40,1.1325473921884914,121.6428813522894,1,121.6428813522894
2518,Mid-Market,treatment,25,1.0561393757512758,76.28357575376388,0,0.0
2518,Mid-Market,treatment,15,1.157210835735727,423.06918872271535,1,423.06918872271535
1245,Mid-Market,control,32,1.002923510260637,1149.3501450089339,1,1149.3501450089339
1245,Mid-Market,control,15,1.0056672524449897,44.09924455282299,1,44.09924455282299
1245,Mid-Market,control,7,0.9713300634132301,161.5521447838941,1,161.5521447838941
1245,Mid-Market,control,77,1.0141831937564363,92.60199191088776,1,92.60199191088776
1245,Mid-Market,control,31,0.9976094661501907,156.94513976773322,1,156.94513976773322
2996,SMB,control,86,0.9700587044301151,57.92984080613198,1,57.92984080613198
2553,SMB,control,29,0.9986526118930072,69.93570306930643,1,69.93570306930643
548,Mid-Market,treatment,72,1.1393707388113048,175.95619027809914,1,175.95619027809914
2211,Occasional,treatment,6,1.0468900054086065,46.37432262446336,1,46.37432262446336
1624,Mid-Market,control,79,0.9556471223198313,162.63900927422605,1,162.63900927422605
264,Mid-Market,control,35,1.0016881180861175,194.32323225868998,1,194.32323225868998
1398,Occasional,treatment,35,1.0634713816562145,703.9423025913171,1,703.9423025913171
1398,Occasional,treatment,32,1.1121923184899039,141.37584242791235,1,141.37584242791235
2354,SMB,treatment,4,1.054693267603056,506.36795178012994,1,506.36795178012994
1816,SMB,control,20,0.970385256955228,119.01783973884915,1,119.01783973884915
354,SMB,treatment,15,1.0434325623388607,114.6445463434551,1,114.6445463434551
354,SMB,treatment,38,1.0572255980705811,127.67710770259191,1,127.67710770259191
354,SMB,treatment,71,1.0930320324883551,99.10352029303981,1,99.10352029303981
354,SMB,treatment,19,1.0482130034667898,300.41555736110496,1,300.41555736110496
1076,Mid-Market,control,20,0.986031686259464,46.32893599676817,1,46.32893599676817
209,Mid-Market,control,4,0.9899955888881267,186.84917895217578,1,186.84917895217578
209,Mid-Market,control,33,0.9604857276477771,83.16766164981856,1,83.16766164981856
614,Occasional,control,21,0.8975935461396675,84.1440723183884,1,84.1440723183884
2091,Mid-Market,control,12,0.9764786655958211,89.08548886932408,0,0.0
2091,Mid-Market,control,22,1.019634277893085,180.35609716673017,1,180.35609716673017
2100,Mid-Market,treatment,50,1.1241758753145181,410.9553936211354,1,410.9553936211354
1499,Mid-Market,control,21,1.0118023038199133,25.729575460644348,1,25.729575460644348
1499,Mid-Market,control,22,1.0266449934141082,50.30835759189664,1,50.30835759189664
1499,Mid-Market,control,65,1.0255105245820733,151.79369006663882,0,0.0
1499,Mid-Market,control,89,0.9831194114793871,46.930876766755055,1,46.930876766755055
1499,Mid-Market,control,18,1.004960747463283,619.9123155786867,1,619.9123155786867
1499,Mid-Market,control,69,0.9582851615672118,113.88806669517342,1,113.88806669517342
1136,Mid-Market,treatment,70,1.1576784937119426,115.52379750836917,1,115.52379750836917
2881,Mid-Market,control,32,0.9935624090540404,608.3610357615522,1,608.3610357615522
2881,Mid-Market,control,77,0.9436449100302575,48.045308812731406,1,48.045308812731406
2079,Mid-Market,control,69,1.021593840933515,112.68744380533626,1,112.68744380533626
2079,Mid-Market,control,7,0.9961132381816964,199.3067864260069,1,199.3067864260069
58,SMB,control,71,0.9936410975668362,573.0674705399064,1,573.0674705399064
58,SMB,control,31,0.9331417223131762,61.50098067152227,1,61.50098067152227
2484,Mid-Market,control,73,1.0217077667121486,91.07921216488677,1,91.07921216488677
2484,Mid-Market,control,24,0.9971512435017849,202.50926382656147,1,202.50926382656147
2484,Mid-Market,control,82,0.9938403865889205,19.71241832498418,1,19.71241832498418
812,Enterprise,treatment,15,1.1093005390878177,81.5625216791197,1,81.5625216791197
812,Enterprise,treatment,34,1.165458640686205,172.82211672159818,1,172.82211672159818
812,Enterprise,treatment,82,1.196621976277366,141.00302976980169,1,141.00302976980169
812,Enterprise,treatment,74,1.1586035259276275,243.7179316065521,1,243.7179316065521
812,Enterprise,treatment,82,1.1566236303971595,1200.864982056944,1,1200.864982056944
2196,SMB,treatment,48,1.063564457265391,27.346521075747017,1,27.346521075747017
562,Mid-Market,treatment,82,1.100702304325005,1427.9756852052003,1,1427.9756852052003
562,Mid-Market,treatment,8,1.1682392376210202,223.94123654411214,1,223.94123654411214
2944,Mid-Market,control,7,1.0124135259197136,127.54655700198356,1,127.54655700198356
230,Mid-Market,treatment,14,1.1439540569392321,216.83673335700018,1,216.83673335700018
230,Mid-Market,treatment,2,1.1389544293968297,891.1849833829426,1,891.1849833829426
230,Mid-Market,treatment,18,1.1355700224819376,91.73462747449554,1,91.73462747449554
2510,SMB,control,47,0.9426408987464637,942.6223761005868,1,942.6223761005868
1722,Mid-Market,control,30,0.9408242223231441,79.58538445221058,1,79.58538445221058
1722,Mid-Market,control,83,0.9937665437363788,38.46239901834934,1,38.46239901834934
1722,Mid-Market,control,88,0.9953326504276188,480.3190880836637,0,0.0
1722,Mid-Market,control,50,0.9756105845491487,139.23212015701867,0,0.0
2180,Occasional,control,63,0.9315044036522449,204.3525073991242,1,204.3525073991242
1451,SMB,control,53,0.9720642804349179,26.66234449610682,1,26.66234449610682
1235,Mid-Market,control,10,0.9803382682714117,106.97007147315212,1,106.97007147315212
1235,Mid-Market,control,46,0.9149081654937177,278.4202816913995,1,278.4202816913995
1235,Mid-Market,control,84,1.016749232136004,87.52875038142116,1,87.52875038142116
1235,Mid-Market,control,72,0.9991459019785648,392.34675433756456,1,392.34675433756456
1235,Mid-Market,control,72,0.9488544610596022,254.94134697433046,1,254.94134697433046
1235,Mid-Market,control,21,0.9865249339097644,298.82342143726,1,298.82342143726
1235,Mid-Market,control,59,0.9736407722613892,348.15713530777265,1,348.15713530777265
1072,SMB,treatment,78,1.1009026238384183,44.01733087749941,1,44.01733087749941
1072,SMB,treatment,86,1.0596594515778885,168.97143625144852,0,0.0
1072,SMB,treatment,3,1.114471748193407,814.7257246541417,1,814.7257246541417
1072,SMB,treatment,74,1.0551291032987635,94.7330793483217,1,94.7330793483217
2850,Mid-Market,control,67,1.0299882127027438,455.461411603188,1,455.461411603188
1038,Mid-Market,control,81,0.9446381922650798,221.4364015233113,1,221.4364015233113
1038,Mid-Market,control,64,0.9510175729059663,227.1290963340714,1,227.1290963340714
1038,Mid-Market,control,71,0.9623570553046682,72.29414369248424,1,72.29414369248424
1038,Mid-Market,control,62,0.9725497843390662,155.8315187049158,1,155.8315187049158
890,SMB,control,17,1.0333337785354766,261.12136631966837,0,0.0
1054,Mid-Market,treatment,3,1.1143314799661017,153.00262185430478,1,153.00262185430478
708,SMB,treatment,27,1.0453099896513989,72.35932035337875,1,72.35932035337875
425,SMB,treatment,43,1.0625851781125821,405.0608178128492,1,405.0608178128492
425,SMB,treatment,26,1.0512848653368128,127.44128015782883,1,127.44128015782883
70,SMB,control,59,0.9671756046449835,199.99957334217052,1,199.99957334217052
2250,Mid-Market,control,80,1.002219173179685,710.2052099523687,1,710.2052099523687
2250,Mid-Market,control,7,1.0205454538318808,224.85159822553084,1,224.85159822553084
2250,Mid-Market,control,84,0.9750862702150637,64.0086176454088,1,64.0086176454088
2536,SMB,control,60,0.9118442857585011,40.50115059141131,1,40.50115059141131
2840,Enterprise,control,89,0.964344680419827,63.26938187830121,1,63.26938187830121
2840,Enterprise,control,19,1.0611870058097626,70.40295043153866,1,70.40295043153866
2840,Enterprise,control,21,1.0106580880158047,24.997317483090303,0,0.0
2840,Enterprise,control,82,1.0408324182692974,107.04657588669669,1,107.04657588669669
2840,Enterprise,control,24,1.0495943728559947,143.26576988609142,1,143.26576988609142
2840,Enterprise,control,35,1.0117823495017493,262.02673389805227,1,262.02673389805227
2840,Enterprise,control,66,1.0365471186059676,206.40996037244204,1,206.40996037244204
2407,SMB,control,16,0.9839440530076093,418.3880037373332,1,418.3880037373332
2964,SMB,control,10,0.9323377772903494,210.6939374080417,1,210.6939374080417
2964,SMB,control,45,0.9915495602592611,23.366475508927994,1,23.366475508927994
2582,Occasional,treatment,8,1.0411974706614762,68.67543091018246,1,68.67543091018246
2093,SMB,control,46,0.9741452534528419,60.5690547133549,1,60.5690547133549
941,Mid-Market,control,51,0.9830917273979788,714.9863472000338,1,714.9863472000338
941,Mid-Market,control,24,0.9448347401502591,73.83693033927275,1,73.83693033927275
621,SMB,treatment,82,1.1683912530620713,220.9684422060264,1,220.9684422060264
621,SMB,treatment,78,1.0433545207003982,250.1414288661884,0,0.0
2520,Mid-Market,treatment,72,1.0876108832766127,68.50483688716007,1,68.50483688716007
1197,Mid-Market,treatment,12,1.1557798728022457,1220.967793093793,1,1220.967793093793
1197,Mid-Market,treatment,12,1.119633432038858,137.45318773665622,0,0.0
1197,Mid-Market,treatment,63,1.1060488963765929,383.6729947666856,0,0.0
2068,Occasional,control,77,0.9264707384703972,242.67611987292295,0,0.0
1033,SMB,treatment,68,1.0567045840074736,60.920775990818505,1,60.920775990818505
1506,SMB,treatment,81,1.0223436800795669,203.00119547815143,1,203.00119547815143
1577,SMB,control,13,0.9748925291888922,82.41212913214889,1,82.41212913214889
1577,SMB,control,86,0.9911664067403142,349.0824311416474,1,349.0824311416474
1577,SMB,control,28,1.0169888035869892,82.63102911162584,1,82.63102911162584
2131,Mid-Market,treatment,39,1.163183825040035,95.28426969050805,1,95.28426969050805
2131,Mid-Market,treatment,69,1.100403451074247,217.51517054575194,1,217.51517054575194
2131,Mid-Market,treatment,8,1.14797662460753,118.12602433994476,1,118.12602433994476
2045,Occasional,treatment,28,1.1199962947316413,525.9385873787345,1,525.9385873787345
1396,Mid-Market,treatment,71,1.0948984684525065,922.3760453583382,1,922.3760453583382
280,Occasional,control,26,0.9659538098766446,54.829976866439445,1,54.829976866439445
1466,SMB,control,12,0.9945003553035516,426.1924993034653,1,426.1924993034653
1504,Mid-Market,treatment,72,1.0975124282926234,447.75726653496986,1,447.75726653496986
2283,Mid-Market,control,35,0.9459306723991401,215.6820159943624,1,215.6820159943624
2283,Mid-Market,control,75,0.9851552663808655,84.56281487258782,1,84.56281487258782
2283,Mid-Market,control,47,0.9591221440170627,51.30650100817901,1,51.30650100817901
2839,Mid-Market,control,62,1.0195773353051456,148.25630697791263,1,148.25630697791263
2839,Mid-Market,control,67,0.9634409482358696,155.61088074822578,1,155.61088074822578
2839,Mid-Market,control,37,1.0661834613338845,365.3936402343735,1,365.3936402343735
2724,Mid-Market,control,38,1.0127111289113224,209.21460292117297,1,209.21460292117297
2724,Mid-Market,control,32,1.0173701577569356,83.96672085657991,0,0.0
554,Occasional,control,31,0.9565956712530739,141.19038476471306,0,0.0
835,SMB,treatment,85,1.04132748580898,216.52390283237372,1,216.52390283237372
963,Mid-Market,control,29,0.9743838495463749,177.51592699814742,1,177.51592699814742
963,Mid-Market,control,60,1.0483187402915113,50.12603490458616,0,0.0
963,Mid-Market,control,3,0.9830181095678854,178.33734726806003,1,178.33734726806003
963,Mid-Market,control,42,0.9779234672888413,273.95040636088953,1,273.95040636088953
597,SMB,control,32,1.0150617396841728,23.750309581254854,0,0.0
597,SMB,control,42,1.0191548866656703,33.0996741436804,1,33.0996741436804
2452,SMB,control,57,0.9715867522786493,118.60847878244952,1,118.60847878244952
803,Occasional,treatment,84,1.0422698730187152,147.39562984993998,0,0.0
2137,Mid-Market,treatment,72,1.2297237269111618,490.72198991630864,0,0.0
2137,Mid-Market,treatment,89,1.1266425257874373,216.13222750148245,1,216.13222750148245
2986,Mid-Market,control,30,1.030857064663541,511.52509522181947,0,0.0
2986,Mid-Market,control,81,1.000093688930642,469.33401576903356,1,469.33401576903356
2720,SMB,treatment,39,1.0788024849900464,80.87879855140214,1,80.87879855140214
441,Occasional,treatment,25,1.0804646671561582,81.9414988166595,0,0.0
509,SMB,treatment,76,1.0397934204307484,44.10252140192983,1,44.10252140192983
77,Mid-Market,treatment,76,1.11524925218623,206.7160977997103,0,0.0
77,Mid-Market,treatment,17,1.1478605724613,61.13521500321957,1,61.13521500321957
77,Mid-Market,treatment,86,1.0868070272723471,136.56934312727927,1,136.56934312727927
2482,Mid-Market,control,85,0.9758488745683082,74.0955929253914,1,74.0955929253914
2482,Mid-Market,control,11,1.0328425223594293,204.08367090441322,1,204.08367090441322
2482,Mid-Market,control,89,0.961986555227625,168.96092581784802,1,168.96092581784802
650,Enterprise,treatment,83,1.1596922698378913,92.58350859379259,1,92.58350859379259
650,Enterprise,treatment,69,1.1621493500776259,133.68563402590078,0,0.0
650,Enterprise,treatment,46,1.1159233554047652,90.1509633821977,1,90.1509633821977
523,Mid-Market,treatment,28,1.115142915562439,166.1678084526651,1,166.1678084526651
523,Mid-Market,treatment,70,1.112703637069085,227.1323836182259,1,227.1323836182259
523,Mid-Market,treatment,23,1.1093364925887397,282.6842973047743,1,282.6842973047743
523,Mid-Market,treatment,26,1.1577681058846443,115.7121328192201,1,115.7121328192201
523,Mid-Market,treatment,32,1.1681426898299916,193.81217297159952,1,193.81217297159952
1488,SMB,control,37,0.9801247742030577,79.60184064741114,1,79.60184064741114
1488,SMB,control,33,0.9672330002659607,353.11214471484607,1,353.11214471484607
1488,SMB,control,19,0.9971072359687623,242.45133020343215,1,242.45133020343215
2209,Mid-Market,control,48,0.9599518541949749,125.67443497451873,1,125.67443497451873
1495,Mid-Market,treatment,34,1.1090867119829937,1092.1762816493876,1,1092.1762816493876
1495,Mid-Market,treatment,0,1.1372361286571144,251.37925022139294,1,251.37925022139294
1495,Mid-Market,treatment,55,1.1334526213919183,33.42984843106817,1,33.42984843106817
655,Occasional,control,40,0.9688802819728878,34.736610146571614,0,0.0
2817,Mid-Market,control,70,0.9753163574302425,119.05864781480197,1,119.05864781480197
2817,Mid-Market,control,54,0.9180874838555493,319.9066185740092,1,319.9066185740092
2817,Mid-Market,control,79,0.9767876806488625,232.19755079520286,1,232.19755079520286
2817,Mid-Market,control,31,0.9683583645248072,409.22552371480134,1,409.22552371480134
1539,SMB,control,74,0.9817588053501652,168.118068428079,1,168.118068428079
1424,Mid-Market,control,27,0.9730030551081413,18.599572835792696,1,18.599572835792696
1652,Mid-Market,control,64,0.9795894658045453,80.0575441947198,1,80.0575441947198
631,Occasional,treatment,32,1.0425540803456002,168.88900520364032,1,168.88900520364032
2542,SMB,treatment,30,1.1047160698456957,589.127792621493,1,589.127792621493
1508,SMB,control,11,0.9132428284172096,113.64313973793595,1,113.64313973793595
2942,Mid-Market,control,2,1.0231233609699772,31.296211724144964,1,31.296211724144964
2942,Mid-Market,control,59,1.0263980341858685,269.9244909314253,1,269.9244909314253
2942,Mid-Market,control,86,0.9686673319344055,420.20531295153546,1,420.20531295153546
2942,Mid-Market,control,26,0.933961896547902,75.01744070353375,1,75.01744070353375
483,SMB,control,78,0.9406942857319864,31.28912107680211,1,31.28912107680211
483,SMB,control,18,0.9696770357201131,321.70849623769516,1,321.70849623769516
483,SMB,control,43,0.9498034211201881,54.11300022657991,1,54.11300022657991
1928,SMB,control,43,0.9654162759125622,798.4984058497165,1,798.4984058497165
1928,SMB,control,62,0.9319077276582276,229.6085511052117,1,229.6085511052117
1928,SMB,control,37,0.9979907477995766,18.123004251541914,1,18.123004251541914
1928,SMB,control,36,0.9887041769736277,649.127673223932,1,649.127673223932
1114,Occasional,control,42,0.8812622613611576,95.6786739170355,1,95.6786739170355
2564,SMB,control,60,0.9737404733668622,520.7557595895879,1,520.7557595895879
2564,SMB,control,54,0.9516568090318059,51.48646807393397,1,51.48646807393397
1089,SMB,treatment,26,1.0646590884151832,69.9696897433034,1,69.9696897433034
439,SMB,control,21,0.9633745542727472,19.25629077713462,1,19.25629077713462
439,SMB,control,11,1.0120832133431366,69.91461686495005,1,69.91461686495005
439,SMB,control,54,0.9877548524787974,69.55489262735414,1,69.55489262735414
439,SMB,control,30,0.9724893855293769,60.859642270142245,1,60.859642270142245
1718,SMB,control,49,1.0399584479438375,110.80921766293848,0,0.0
1718,SMB,control,26,1.009674402867162,207.28345878024425,1,207.28345878024425
2444,SMB,treatment,60,1.0564276084684758,170.849850443615,1,170.849850443615
2444,SMB,treatment,63,1.0329378175820505,413.8860916423969,1,413.8860916423969
2444,SMB,treatment,21,1.08022650738243,77.60287642629392,1,77.60287642629392
2444,SMB,treatment,40,1.088312133429224,33.74879680446159,1,33.74879680446159
857,SMB,control,43,0.9697845819704265,254.91854035402395,1,254.91854035402395
857,SMB,control,87,0.9680868315889113,60.143451829745686,1,60.143451829745686
1984,Mid-Market,control,72,1.0251506533535129,23.94675765540074,1,23.94675765540074
1984,Mid-Market,control,67,0.9978497557555348,45.397124173140796,1,45.397124173140796
1984,Mid-Market,control,1,1.021978108353046,33.44212137177967,1,33.44212137177967
167,SMB,treatment,42,1.0613969923260647,605.8509532381706,1,605.8509532381706
60,Mid-Market,control,78,0.9808174090579675,58.19030314942964,1,58.19030314942964
60,Mid-Market,control,36,1.0087457136565117,237.88501440559568,1,237.88501440559568
60,Mid-Market,control,43,1.0130513929118075,35.077540342662694,1,35.077540342662694
60,Mid-Market,control,38,1.0054735058768398,137.18688166305088,1,137.18688166305088
60,Mid-Market,control,35,1.0120207720039214,148.99001117845162,1,148.99001117845162
60,Mid-Market,control,52,0.9817306086356438,390.835925061317,1,390.835925061317
612,SMB,control,53,1.0075066225595237,76.98366635008885,1,76.98366635008885
531,SMB,treatment,59,1.0874026712118612,229.83372574105914,1,229.83372574105914
531,SMB,treatment,89,1.087450577002563,113.07203153722853,1,113.07203153722853
531,SMB,treatment,17,1.047929657614817,71.93992219948973,1,71.93992219948973
2788,SMB,control,21,1.0074888219622753,167.64514493631577,1,167.64514493631577
2788,SMB,control,48,0.9596920448702003,34.57900924549963,1,34.57900924549963
50,Mid-Market,treatment,84,1.1098802640669156,216.6222188784129,0,0.0
50,Mid-Market,treatment,6,1.1481447370686975,156.8331487743299,1,156.8331487743299
50,Mid-Market,treatment,52,1.1129503158906882,338.19461611208135,1,338.19461611208135
1884,SMB,control,52,0.9898764164734082,22.659644745880616,1,22.659644745880616
1884,SMB,control,38,1.0628023339011574,242.490087852722,1,242.490087852722
1884,SMB,control,60,0.9975139765658424,39.099227517294764,1,39.099227517294764
1012,SMB,control,81,0.9521814550383015,187.3128909106795,1,187.3128909106795
859,Mid-Market,control,52,0.9751644700838804,116.14749308803921,1,116.14749308803921
859,Mid-Market,control,77,0.9512257826795184,134.00325577368207,1,134.00325577368207
1018,Occasional,control,85,0.90676417951468,199.97589358272592,1,199.97589358272592
49,SMB,control,57,0.9648699190042084,274.3759309347605,1,274.3759309347605
49,SMB,control,4,0.9819400819210029,205.60197941469923,1,205.60197941469923
720,Occasional,treatment,54,1.0554287940819844,300.3652827925944,1,300.3652827925944
2391,SMB,treatment,45,1.104176946591118,44.24794623925156,1,44.24794623925156
2391,SMB,treatment,7,1.055373882518864,155.4368963837073,0,0.0
2653,SMB,treatment,39,1.0894821550594074,75.43855963986648,1,75.43855963986648
2247,Mid-Market,control,9,1.0180249044567975,58.867045837601154,1,58.867045837601154
2247,Mid-Market,control,86,0.9600592476709946,130.72975575909868,1,130.72975575909868
1160,SMB,control,16,0.9951753114146297,78.64892300356685,1,78.64892300356685
633,Enterprise,control,83,1.067247019030182,121.99312940192796,1,121.99312940192796
633,Enterprise,control,31,1.0782541078747863,24.583742741155454,1,24.583742741155454
633,Enterprise,control,61,1.0318585936109022,558.6486936418011,1,558.6486936418011
633,Enterprise,control,55,0.9943086971791489,282.97718043939255,1,282.97718043939255
1339,Occasional,treatment,20,1.0970642080577566,89.85801139633796,1,89.85801139633796
2128,Mid-Market,treatment,9,1.1295315040927774,252.88304207206764,1,252.88304207206764
2128,Mid-Market,treatment,34,1.1256345441056992,276.93157953602133,1,276.93157953602133
2128,Mid-Market,treatment,69,1.124854480966607,81.28523092593585,1,81.28523092593585
2603,SMB,treatment,76,1.0696514650357876,167.7931287272333,1,167.7931287272333
1437,Mid-Market,control,76,0.9920504593990034,95.4660584529817,1,95.4660584529817
1437,Mid-Market,control,29,1.0005583269754181,210.0938879251525,1,210.0938879251525
26,Mid-Market,control,42,1.0252277472064677,34.7028118475261,1,34.7028118475261
26,Mid-Market,control,58,0.9657313145662341,99.9103589798069,1,99.9103589798069
2966,SMB,control,76,0.9830337678796196,170.19984726836486,1,170.19984726836486
220,Mid-Market,control,59,0.9401568427463808,149.4281716031992,1,149.4281716031992
2819,SMB,treatment,0,1.1250052146391056,132.90900280203718,1,132.90900280203718
277,Mid-Market,control,11,0.9598484211003714,35.389572623470265,1,35.389572623470265
2158,Mid-Market,treatment,79,1.1076621509711713,551.0955180171194,1,551.0955180171194
2158,Mid-Market,treatment,29,1.0975401232315698,95.74772004287607,1,95.74772004287607
2158,Mid-Market,treatment,21,1.0600390599364962,39.80814766305803,1,39.80814766305803
2158,Mid-Market,treatment,20,1.135576434325484,134.720342526533,1,134.720342526533
1481,Mid-Market,treatment,26,1.108430134391414,60.06075068403518,1,60.06075068403518
1481,Mid-Market,treatment,38,1.1429270842277675,170.6519757202492,1,170.6519757202492
1481,Mid-Market,treatment,34,1.1305204605151238,274.6674255690288,1,274.6674255690288
1481,Mid-Market,treatment,46,1.0742918043836542,156.2648012452119,1,156.2648012452119
1481,Mid-Market,treatment,59,1.1623001680855123,97.76535027159424,1,97.76535027159424
1481,Mid-Market,treatment,28,1.1014556311870543,148.42086825521991,1,148.42086825521991
1481,Mid-Market,treatment,55,1.1101916724483631,298.3679382335289,1,298.3679382335289
1481,Mid-Market,treatment,39,1.0840652384797278,269.42572024940563,1,269.42572024940563
1236,Mid-Market,control,74,1.003847907367755,51.766470898692226,1,51.766470898692226
1594,Mid-Market,control,34,0.9728421377579263,218.5147296655178,1,218.5147296655178
1000,Mid-Market,treatment,10,1.1386021421727928,438.62011468759533,1,438.62011468759533
1000,Mid-Market,treatment,61,1.145010679969569,383.3865889782279,1,383.3865889782279
1000,Mid-Market,treatment,3,1.0926813510283113,71.70867801134692,1,71.70867801134692
1000,Mid-Market,treatment,26,1.0943917957662672,69.0937245112258,1,69.0937245112258
2141,Occasional,control,14,0.9376827618887497,77.67788603668018,1,77.67788603668018
362,Mid-Market,treatment,30,1.1072278908916393,123.75090314230191,1,123.75090314230191
1458,SMB,control,54,0.9953457146483915,78.94917348572807,1,78.94917348572807
1458,SMB,control,27,0.9672132901402691,86.25672132139138,0,0.0
1994,Enterprise,control,31,1.0155987428850126,33.90809197185046,1,33.90809197185046
1994,Enterprise,control,28,1.0471561070229103,136.8980216079654,1,136.8980216079654
1994,Enterprise,control,19,1.0474106391288756,273.66859549339256,1,273.66859549339256
1994,Enterprise,control,35,1.0098077618638013,52.84414490021678,1,52.84414490021678
1994,Enterprise,control,36,1.1143809836040013,203.95112797033812,1,203.95112797033812
1994,Enterprise,control,11,1.055332249415699,104.23387416340236,1,104.23387416340236
1994,Enterprise,control,43,1.0514271247787284,113.84906920611641,1,113.84906920611641
1994,Enterprise,control,10,0.984565014138795,551.7424849465067,1,551.7424849465067
1672,SMB,treatment,28,1.0929539517196547,119.28399688523932,1,119.28399688523932
2335,Mid-Market,treatment,43,1.1626334594844656,544.1463861708883,1,544.1463861708883
2335,Mid-Market,treatment,87,1.118466153913759,160.9347655235159,0,0.0
2335,Mid-Market,treatment,18,1.093235357619438,220.3553713355269,1,220.3553713355269
1651,Mid-Market,treatment,0,1.1191466716665337,153.5930068394416,1,153.5930068394416
1651,Mid-Market,treatment,63,1.1195136058766144,104.85844620161569,0,0.0
1836,Mid-Market,control,83,0.9712689172081984,14.380493757561341,1,14.380493757561341
1115,Occasional,treatment,21,1.0602164679016584,62.352891063073585,1,62.352891063073585
1847,Mid-Market,control,87,0.9843631526403664,135.0208734802749,1,135.0208734802749
1318,Enterprise,treatment,24,1.1682820018987465,334.3452152381635,1,334.3452152381635
1318,Enterprise,treatment,68,1.1681858539224936,233.88114159861195,1,233.88114159861195
1318,Enterprise,treatment,18,1.1415718129789036,129.05123535139904,1,129.05123535139904
1318,Enterprise,treatment,51,1.164882293704903,116.45508839020995,1,116.45508839020995
1318,Enterprise,treatment,76,1.1761832123008984,240.30205400248042,1,240.30205400248042
2630,Mid-Market,control,53,0.9773283573081767,1469.103005135574,1,1469.103005135574
2630,Mid-Market,control,75,1.0005591298522842,321.3331167490171,1,321.3331167490171
2630,Mid-Market,control,54,0.9929831024426156,562.8084996649928,1,562.8084996649928
2630,Mid-Market,control,51,1.018915381811873,123.14679321658518,1,123.14679321658518
298,SMB,treatment,70,1.0537508753319431,103.15315765303225,1,103.15315765303225
1314,Enterprise,control,81,1.0217466530769723,45.952638485879824,1,45.952638485879824
1314,Enterprise,control,72,1.066178517050053,104.40966663187542,1,104.40966663187542
938,Mid-Market,treatment,74,1.150000723514362,476.30438595644404,1,476.30438595644404
938,Mid-Market,treatment,13,1.0948922697406924,134.772304834864,1,134.772304834864
241,SMB,control,37,0.9806163402169098,417.83224609713704,1,417.83224609713704
1433,Enterprise,control,62,1.0387545112895218,54.83224982117295,1,54.83224982117295
1433,Enterprise,control,82,1.0615610388198071,704.3866297045431,1,704.3866297045431
583,Mid-Market,treatment,40,1.1663132343761438,328.6532538491623,0,0.0
583,Mid-Market,treatment,36,1.1275053385137455,216.56511593490274,1,216.56511593490274
583,Mid-Market,treatment,13,1.09380332725429,71.19280321223987,1,71.19280321223987
2907,Occasional,treatment,18,1.071980497953037,172.38801738270845,1,172.38801738270845
1955,Occasional,control,29,0.9594535547605637,94.36208250989239,1,94.36208250989239
1335,Occasional,control,83,0.9579917394300433,527.3171158919303,1,527.3171158919303
1730,Mid-Market,control,78,0.9704625443787296,143.52943194247257,1,143.52943194247257
1730,Mid-Market,control,30,0.9954666697686594,65.96659358907624,1,65.96659358907624
1730,Mid-Market,control,7,0.9787094225721984,193.54659970310007,1,193.54659970310007
1673,SMB,treatment,19,1.1229174358869745,78.9491498710946,0,0.0
351,SMB,control,31,1.003430522111594,101.45644898604228,1,101.45644898604228
2746,SMB,treatment,50,1.0846424790227858,33.81683424791976,1,33.81683424791976
1221,Enterprise,control,5,1.0118437534431233,152.07932413730177,1,152.07932413730177
1221,Enterprise,control,69,1.077750322258895,514.1617555842009,1,514.1617555842009
1221,Enterprise,control,88,1.0134365496862396,190.02589040477224,1,190.02589040477224
1221,Enterprise,control,62,1.0718628091593998,156.35277209651275,1,156.35277209651275
350,Mid-Market,treatment,87,1.062699306139446,404.1513010050232,1,404.1513010050232
1519,Mid-Market,treatment,59,1.1376772129040889,83.4727158934538,1,83.4727158934538
1519,Mid-Market,treatment,39,1.1264500160735762,58.68150620680743,1,58.68150620680743
2548,Mid-Market,control,49,0.9950113260137028,240.14417474615948,1,240.14417474615948
2548,Mid-Market,control,6,1.0034347346695351,59.8017382590313,1,59.8017382590313
2548,Mid-Market,control,37,0.9218061658018512,235.41899363819874,1,235.41899363819874
644,Mid-Market,control,42,1.0114392809094679,47.93555531733291,1,47.93555531733291
644,Mid-Market,control,5,0.9845466740424023,320.64625683249585,1,320.64625683249585
2836,SMB,control,32,1.0002129025853084,55.292297376151375,1,55.292297376151375
945,SMB,control,64,0.9385804768659783,61.97922131431218,1,61.97922131431218
1463,Mid-Market,control,15,0.9641307512040874,191.68668734286263,1,191.68668734286263
1463,Mid-Market,control,25,0.9779546653667179,186.00872988710847,1,186.00872988710847
1463,Mid-Market,control,51,1.0248325242288072,80.29456800438719,1,80.29456800438719
1463,Mid-Market,control,36,0.9673991903559788,46.018552141391126,1,46.018552141391126
658,Mid-Market,control,73,0.9786128516519843,179.46073689284253,1,179.46073689284253
658,Mid-Market,control,76,0.9517501422817066,232.19793454437527,0,0.0
2703,Mid-Market,treatment,62,1.1089580129952394,219.66067524233634,1,219.66067524233634
2703,Mid-Market,treatment,7,1.125910090349012,44.30626416085785,1,44.30626416085785
2894,SMB,treatment,31,1.1105129177624713,23.646532667108428,0,0.0
1237,Mid-Market,treatment,38,1.118456150882633,98.93576777113304,1,98.93576777113304
1237,Mid-Market,treatment,26,1.1032069248260339,49.64401494489635,1,49.64401494489635
2468,SMB,control,35,0.9711670393710966,83.29276651853591,1,83.29276651853591
648,SMB,control,43,0.9398627697753713,18.005145834431847,1,18.005145834431847
1126,SMB,control,11,0.9350831128717975,126.99667463665558,1,126.99667463665558
1126,SMB,control,47,0.9704692055481464,119.97681951091323,1,119.97681951091323
1111,Mid-Market,treatment,4,1.1314332577700483,242.59187778214806,1,242.59187778214806
2651,Occasional,treatment,41,1.0799832738147355,71.74843458045295,0,0.0
1941,Mid-Market,control,49,0.9891082824904486,311.6766663456036,1,311.6766663456036
539,Mid-Market,treatment,68,1.15530149080393,329.42497643732196,1,329.42497643732196
539,Mid-Market,treatment,72,1.1458379087720243,184.3107659541968,1,184.3107659541968
539,Mid-Market,treatment,32,1.1083699203430066,61.1288966317331,1,61.1288966317331
539,Mid-Market,treatment,18,1.0996358971908657,82.78095811993155,1,82.78095811993155
539,Mid-Market,treatment,58,1.1322052483766183,77.81619045816188,1,77.81619045816188
539,Mid-Market,treatment,80,1.1102825585347207,219.10093487362505,1,219.10093487362505
1049,Occasional,control,18,0.9623621608094496,164.1974125446219,1,164.1974125446219
1049,Occasional,control,61,0.935766882151274,158.38456216558532,1,158.38456216558532
2984,SMB,treatment,83,1.073016234348397,200.57237109544118,0,0.0
2984,SMB,treatment,88,1.10185510004348,122.22076758596975,1,122.22076758596975
2984,SMB,treatment,87,1.0509080123780554,72.57177061753876,1,72.57177061753876
2984,SMB,treatment,24,1.003437031774869,131.2864634130868,1,131.2864634130868
2984,SMB,treatment,63,1.0973012581527697,289.73193309599026,1,289.73193309599026
2376,Mid-Market,treatment,70,1.1382838681572722,150.13529915153472,1,150.13529915153472
2210,Mid-Market,control,42,1.0082515266152887,224.3070763326037,1,224.3070763326037
2210,Mid-Market,control,55,0.9849395228095965,78.74091058818351,1,78.74091058818351
2210,Mid-Market,control,78,1.0328996263376482,633.0541665499726,0,0.0
2210,Mid-Market,control,35,1.0264723035355439,89.64459767751373,1,89.64459767751373
2210,Mid-Market,control,15,0.9942785182007381,320.2898301042663,1,320.2898301042663
2339,SMB,treatment,70,1.054763919909503,79.9980340449842,1,79.9980340449842
2339,SMB,treatment,61,1.055399940576318,890.7673767758937,1,890.7673767758937
2339,SMB,treatment,53,1.0557933073644563,164.51709419443353,1,164.51709419443353
2163,Mid-Market,control,88,1.026057662276705,1085.1647762806253,1,1085.1647762806253
2163,Mid-Market,control,88,0.9813371286748459,35.688060824801035,1,35.688060824801035
802,Mid-Market,control,70,0.9772671417816985,114.49818736336927,1,114.49818736336927
802,Mid-Market,control,2,1.0295593911566527,97.90896695229495,1,97.90896695229495
787,SMB,treatment,59,1.0440779833248865,160.82452239583176,1,160.82452239583176
787,SMB,treatment,70,1.0818408976281435,41.58034968676283,1,41.58034968676283
2695,Occasional,treatment,32,1.0821406251716876,123.81229978547697,1,123.81229978547697
2041,Mid-Market,treatment,34,1.0625418468573362,118.98380242109634,1,118.98380242109634
2041,Mid-Market,treatment,63,1.1804687356844328,165.61361120580472,1,165.61361120580472
789,SMB,control,57,0.9223331471927282,50.584008012935875,1,50.584008012935875
789,SMB,control,15,0.9341055358190179,455.25907128038125,1,455.25907128038125
789,SMB,control,43,0.9658300278042546,187.11275222860937,1,187.11275222860937
2184,Mid-Market,treatment,42,1.1665985622845718,44.33540982663447,0,0.0
2469,SMB,control,64,1.0023299575636362,165.75602652660868,1,165.75602652660868
2014,SMB,treatment,40,1.0618166967558262,122.41626662687786,1,122.41626662687786
715,SMB,treatment,26,1.0423712698728134,45.670557765656895,1,45.670557765656895
715,SMB,treatment,4,1.1145026486446723,79.98110204342164,1,79.98110204342164
715,SMB,treatment,25,1.1167313346844259,177.69337808018153,1,177.69337808018153
804,SMB,treatment,17,1.082878308182186,301.39778236483687,1,301.39778236483687
2009,Mid-Market,control,14,1.027321475183831,62.532989872180124,1,62.532989872180124
2009,Mid-Market,control,1,1.0079173431908888,899.8640004355049,1,899.8640004355049
2009,Mid-Market,control,19,0.9897882609888222,279.6549097604914,1,279.6549097604914
2009,Mid-Market,control,19,0.9731396561253706,60.20769149890763,1,60.20769149890763
2762,Occasional,control,25,0.9578096792500311,109.68986299069272,1,109.68986299069272
124,Mid-Market,treatment,51,1.098522731832404,55.51427609125367,0,0.0
1809,Mid-Market,control,38,0.9352627345494483,231.77119413440317,0,0.0
2287,Occasional,control,42,0.8991743631513135,28.157676272888864,1,28.157676272888864
2148,Occasional,treatment,12,1.038085292373495,54.415330245394664,1,54.415330245394664
619,Mid-Market,treatment,18,1.0801237062952742,153.7473107758147,1,153.7473107758147
407,Mid-Market,control,8,0.9858724571847636,301.8752237822937,1,301.8752237822937
407,Mid-Market,control,73,1.0247910412762373,376.8101752533328,1,376.8101752533328
1158,Enterprise,control,21,1.0455081784645872,273.7955618627448,1,273.7955618627448
1158,Enterprise,control,58,1.0176777603811868,235.1351370098834,1,235.1351370098834
1158,Enterprise,control,18,1.046620154344869,102.26983073781152,1,102.26983073781152
1158,Enterprise,control,30,1.0777065351779913,136.2955337398458,1,136.2955337398458
1069,Enterprise,control,42,1.0449979846158857,105.48947474924708,1,105.48947474924708
1069,Enterprise,control,4,1.0847569489774371,240.80825333850032,1,240.80825333850032
1134,SMB,control,46,1.0183312269730427,70.99848249144954,1,70.99848249144954
1134,SMB,control,54,0.9287414308546753,35.25210024349507,1,35.25210024349507
2906,SMB,treatment,73,1.070117938897888,241.11089110298025,1,241.11089110298025
498,SMB,control,10,1.0038005054984074,68.79119274278436,1,68.79119274278436
1062,SMB,control,6,0.8902220031762789,170.29914620382732,1,170.29914620382732
326,SMB,control,81,1.0088529307969605,225.59048090661886,1,225.59048090661886
326,SMB,control,89,0.9351543543892151,196.00395477485532,0,0.0
343,SMB,treatment,6,1.07815996198466,68.83902770009857,1,68.83902770009857
2357,SMB,control,34,0.9736898193985071,129.03964779629237,1,129.03964779629237
2267,SMB,treatment,76,1.0143584869367392,1268.502491062924,1,1268.502491062924
783,SMB,control,32,1.009135325783419,384.60930573058437,1,384.60930573058437
2368,Mid-Market,treatment,35,1.157941619008339,107.0696219795812,1,107.0696219795812
2368,Mid-Market,treatment,57,1.0969772801111948,55.00396978839167,1,55.00396978839167
300,SMB,control,25,0.8959988511589907,82.43157450734327,1,82.43157450734327
1462,SMB,treatment,85,1.0857294651778124,100.14133331077907,1,100.14133331077907
1462,SMB,treatment,12,1.1194464983998496,237.80764892507486,1,237.80764892507486
2374,Mid-Market,treatment,44,1.0831885548755644,163.19106898353658,1,163.19106898353658
2374,Mid-Market,treatment,11,1.1138230012346133,84.75223583826126,1,84.75223583826126
2374,Mid-Market,treatment,52,1.1401243331671675,515.5560574510844,1,515.5560574510844
2374,Mid-Market,treatment,9,1.1325725679848158,229.7836439907698,1,229.7836439907698
304,SMB,treatment,64,1.099511603691316,231.95648406927003,1,231.95648406927003
304,SMB,treatment,3,1.1127915324175168,31.573385192090498,1,31.573385192090498
1238,Mid-Market,treatment,59,1.138686628551215,120.79597906049084,1,120.79597906049084
2572,SMB,control,7,0.9451928236622162,68.71993935464577,1,68.71993935464577
1657,Mid-Market,treatment,74,1.1092880498445439,187.8166290468585,0,0.0
1657,Mid-Market,treatment,40,1.095994108193724,334.8102009211313,1,334.8102009211313
1657,Mid-Market,treatment,13,1.1237824381709052,84.04572366851241,1,84.04572366851241
665,Mid-Market,control,13,0.9446913451429749,74.73204778046393,1,74.73204778046393
1691,SMB,treatment,46,1.0438918094595329,79.84021782126982,1,79.84021782126982
221,Mid-Market,treatment,11,1.146200680716088,210.9588132270779,1,210.9588132270779
1627,Mid-Market,control,83,0.9812100363939906,434.7832038725761,1,434.7832038725761
1189,Mid-Market,treatment,84,1.1200008440706724,115.40703687220366,1,115.40703687220366
1189,Mid-Market,treatment,74,1.1455159228515623,133.25743329410062,1,133.25743329410062
1189,Mid-Market,treatment,1,1.0963890201804238,162.88822909425434,0,0.0
1456,Mid-Market,control,66,1.074765479606556,269.29106842284176,1,269.29106842284176
1456,Mid-Market,control,12,1.0203158080752326,420.7919337151559,1,420.7919337151559
1456,Mid-Market,control,22,0.9856292744899624,66.78434439581105,1,66.78434439581105
1456,Mid-Market,control,66,1.0147128296620291,201.78730067142698,1,201.78730067142698
1456,Mid-Market,control,28,1.0073482802474802,25.440240309559154,1,25.440240309559154
450,SMB,treatment,13,1.0376858465284136,68.12512918050514,1,68.12512918050514
2003,Occasional,treatment,9,1.0660763257205785,907.6761529075483,1,907.6761529075483
2617,Mid-Market,control,20,0.9354502746952833,9.558124659570533,1,9.558124659570533
2617,Mid-Market,control,83,1.0118735181517347,142.51927578964148,1,142.51927578964148
85,Enterprise,treatment,75,1.1725631062955373,576.7706486694351,1,576.7706486694351
85,Enterprise,treatment,48,1.215893745001965,267.7464470857474,1,267.7464470857474
85,Enterprise,treatment,24,1.1840579342956328,177.19444888623715,1,177.19444888623715
85,Enterprise,treatment,5,1.1756027643374225,52.754592763327615,1,52.754592763327615
942,Occasional,control,75,0.9630748775357235,30.62324855396548,1,30.62324855396548
962,SMB,control,58,0.9424508254703736,1238.71002001662,1,1238.71002001662
842,SMB,control,14,0.9834835913561503,184.94141713064897,1,184.94141713064897
1327,Mid-Market,treatment,0,1.1306001865828943,293.06581609898694,1,293.06581609898694
2379,Mid-Market,control,46,0.981758519204974,217.4702276991792,1,217.4702276991792
2379,Mid-Market,control,14,0.9548617264818362,143.8940665913387,1,143.8940665913387
2379,Mid-Market,control,60,0.9387984728773215,336.9899574587472,1,336.9899574587472
2379,Mid-Market,control,3,0.971154984798177,177.70043888318477,1,177.70043888318477
2379,Mid-Market,control,89,1.0331537732683158,450.7340457258374,1,450.7340457258374
2379,Mid-Market,control,88,0.9390041110542713,625.6458291055208,1,625.6458291055208
2379,Mid-Market,control,84,1.0387020070994588,101.57983055122433,1,101.57983055122433
2431,SMB,control,21,0.9577183681952384,191.20863980972098,1,191.20863980972098
1374,SMB,control,43,0.9687971121698392,147.09443741940436,1,147.09443741940436
1374,SMB,control,88,0.9536802265094884,178.8134831043374,1,178.8134831043374
291,Occasional,treatment,32,1.0274837158425465,274.14624617561833,1,274.14624617561833
1868,Mid-Market,control,87,1.0343190816863708,34.426665182419484,1,34.426665182419484
1868,Mid-Market,control,68,0.9906069162629673,406.5193261364511,1,406.5193261364511
1555,Mid-Market,control,21,1.021974039740832,189.88765949921864,1,189.88765949921864
1555,Mid-Market,control,16,1.0153809818227004,224.0146852851561,1,224.0146852851561
1555,Mid-Market,control,85,0.9798296893431272,162.63300749881185,1,162.63300749881185
605,Occasional,treatment,17,1.1008263207576208,158.99365150315555,1,158.99365150315555
605,Occasional,treatment,1,1.0006373521967247,267.30684393236356,1,267.30684393236356
2033,Mid-Market,treatment,76,1.13834843044452,73.42081422051609,1,73.42081422051609
2033,Mid-Market,treatment,36,1.1860258746002101,77.66083041032897,1,77.66083041032897
917,Enterprise,treatment,48,1.1418621408788776,125.5780615876029,1,125.5780615876029
917,Enterprise,treatment,8,1.1880326927959994,219.75149010951264,1,219.75149010951264
2633,Occasional,treatment,29,1.0761599794879988,621.0554555726441,1,621.0554555726441
2338,Mid-Market,treatment,0,1.120207120386987,396.75335186558647,1,396.75335186558647
2099,Mid-Market,control,54,1.0033391022308535,179.03806586947627,1,179.03806586947627
2099,Mid-Market,control,39,1.03752988511487,272.5510050704853,1,272.5510050704853
2438,SMB,control,75,0.9899634064495219,60.5937183896204,1,60.5937183896204
2438,SMB,control,23,0.9467461283608438,37.528942443844876,1,37.528942443844876
2438,SMB,control,77,0.9751175222326786,76.61149088744986,1,76.61149088744986
822,SMB,treatment,84,1.0222921958932287,82.66426996101299,1,82.66426996101299
822,SMB,treatment,73,1.0939039584145578,81.45107241235439,1,81.45107241235439
822,SMB,treatment,35,1.0570951216647952,116.86211180672424,1,116.86211180672424
2470,Mid-Market,treatment,60,1.1358796598308565,161.65927517833848,1,161.65927517833848
2470,Mid-Market,treatment,12,1.135723543072519,174.81842983449187,1,174.81842983449187
2470,Mid-Market,treatment,24,1.112307200863954,143.75659222118426,1,143.75659222118426
2470,Mid-Market,treatment,7,1.1378977082864272,214.9203461733219,1,214.9203461733219
2470,Mid-Market,treatment,21,1.1728123171510663,229.71379024872778,1,229.71379024872778
1001,Enterprise,control,52,1.0710680490237423,223.96948775085758,1,223.96948775085758
1001,Enterprise,control,34,1.0494880013505945,280.0488808254891,1,280.0488808254891
1001,Enterprise,control,24,1.0627461075859768,77.82956800108215,1,77.82956800108215
1001,Enterprise,control,79,1.0239124375189117,417.2190546474676,1,417.2190546474676
1001,Enterprise,control,12,0.9962331522137411,46.38333292780841,1,46.38333292780841
1001,Enterprise,control,65,1.0277837232892928,40.865230742656095,1,40.865230742656095
1001,Enterprise,control,13,1.0384027895775925,57.467458781473404,1,57.467458781473404
1001,Enterprise,control,25,1.0583932312816116,557.146499095507,1,557.146499095507
1001,Enterprise,control,13,1.093298991576787,55.23994172959663,1,55.23994172959663
1704,SMB,treatment,54,1.0342622887865238,59.01593440262713,0,0.0
19,SMB,control,67,1.0176567145401145,153.0850089627906,1,153.0850089627906
19,SMB,control,8,1.0058820117723712,46.85204084637196,1,46.85204084637196
19,SMB,control,18,0.9692068589444565,64.02264153853854,0,0.0
1778,SMB,treatment,34,1.1052749185027586,84.23684065843024,1,84.23684065843024
1209,Mid-Market,treatment,32,1.0754113230334104,58.07979345305494,1,58.07979345305494
1209,Mid-Market,treatment,43,1.134690276582385,153.96888845161797,1,153.96888845161797
1209,Mid-Market,treatment,20,1.1074860773225361,225.76182497544616,1,225.76182497544616
1209,Mid-Market,treatment,32,1.1219456316241674,346.3367362698671,1,346.3367362698671
2561,SMB,control,31,0.9737658600386657,38.71029013111822,1,38.71029013111822
1937,SMB,treatment,88,1.0759426294724914,228.23588697785738,1,228.23588697785738
1719,SMB,treatment,54,1.1187879634592914,1658.1952134238466,0,0.0
1428,Enterprise,control,6,1.052720515395472,283.5404162752033,1,283.5404162752033
2242,Enterprise,treatment,62,1.237829286844171,69.0232726218547,1,69.0232726218547
2311,Occasional,treatment,70,1.0943470075808543,155.9164083712901,1,155.9164083712901
1358,SMB,treatment,49,1.1218049183963223,107.5535187936913,1,107.5535187936913
1358,SMB,treatment,7,1.0483123011581772,101.89632103195585,1,101.89632103195585
1358,SMB,treatment,52,1.087522772185364,69.48408627914672,1,69.48408627914672
2058,SMB,control,8,1.0098415214518686,71.81936673557756,0,0.0
361,Occasional,control,11,0.9678511906380474,207.3101452734804,1,207.3101452734804
2271,SMB,treatment,14,1.060352979000879,944.5535227913489,1,944.5535227913489
2085,SMB,control,74,0.9058310901866893,146.6525901462207,1,146.6525901462207
1565,SMB,control,42,0.9794325335703986,331.27420094826107,1,331.27420094826107
345,SMB,treatment,89,1.0327611902841871,66.12847354550084,1,66.12847354550084
987,Mid-Market,treatment,66,1.125790316586094,623.625120603412,0,0.0
987,Mid-Market,treatment,20,1.1078746203336876,51.024080591457896,1,51.024080591457896
987,Mid-Market,treatment,60,1.0975951737277732,89.81069039303748,1,89.81069039303748
1261,Enterprise,treatment,79,1.1365579419851466,373.87290975148176,1,373.87290975148176
1261,Enterprise,treatment,15,1.1701168162505728,455.7851414088656,1,455.7851414088656
1261,Enterprise,treatment,79,1.1728077771260967,136.5894360693493,1,136.5894360693493
1261,Enterprise,treatment,35,1.2178676050364796,172.71212257893345,1,172.71212257893345
1261,Enterprise,treatment,47,1.198159427767168,378.71304214534655,1,378.71304214534655
1261,Enterprise,treatment,78,1.2161370293230935,259.48353708238704,1,259.48353708238704
1261,Enterprise,treatment,41,1.119313332905803,707.545058539827,1,707.545058539827
1714,Occasional,treatment,86,1.0711254105136954,81.60266049461902,1,81.60266049461902
1721,Enterprise,control,77,1.0145578249460265,282.60908359722134,1,282.60908359722134
1721,Enterprise,control,29,1.0083791542298512,159.07753073170048,1,159.07753073170048
1721,Enterprise,control,55,1.0628097245518815,219.8272506702232,1,219.8272506702232
1721,Enterprise,control,88,1.0154994491295,55.11292449734905,1,55.11292449734905
1721,Enterprise,control,83,1.0323813643514959,156.67622975204176,1,156.67622975204176
1721,Enterprise,control,37,1.112064598575153,317.05067429850203,1,317.05067429850203
2647,SMB,control,70,0.9821617613804113,72.36164938841534,1,72.36164938841534
2887,Enterprise,control,41,1.0722745621575445,75.82430196318015,1,75.82430196318015
1576,Mid-Market,control,74,0.9655077958779171,664.7943150664537,1,664.7943150664537
86,Mid-Market,control,86,0.9387547526669892,243.06827533892593,1,243.06827533892593
86,Mid-Market,control,76,1.0023117275034592,178.23777443815482,1,178.23777443815482
86,Mid-Market,control,77,0.9568765707899418,64.19387764351877,1,64.19387764351877
86,Mid-Market,control,81,0.9974274430545493,256.2510852095735,1,256.2510852095735
2064,Mid-Market,treatment,64,1.137063763604048,211.3647661552923,1,211.3647661552923
2064,Mid-Market,treatment,51,1.1447581045335007,308.28627396364266,0,0.0
2064,Mid-Market,treatment,70,1.125850902931268,56.56088651936089,1,56.56088651936089
669,Mid-Market,treatment,86,1.1203954144045107,319.7722195274477,1,319.7722195274477
1015,Mid-Market,treatment,48,1.0647641144636857,77.70567319743114,1,77.70567319743114
1015,Mid-Market,treatment,85,1.1415836180013395,120.15791128621007,1,120.15791128621007
1015,Mid-Market,treatment,52,1.1261415165984119,280.6870072004797,1,280.6870072004797
129,Mid-Market,treatment,31,1.1179907980737396,62.93919117552375,1,62.93919117552375
129,Mid-Market,treatment,88,1.0759564563033608,151.42239944348017,1,151.42239944348017
1874,Occasional,control,15,0.9493724794418997,82.95822218892278,1,82.95822218892278
1147,SMB,control,36,0.9832077191831935,14.994406760872112,1,14.994406760872112
1147,SMB,control,57,0.9583340814300678,367.8013357906759,1,367.8013357906759
1147,SMB,control,57,0.9382029226538652,128.71606745059287,1,128.71606745059287
892,Occasional,control,41,0.9396551197183732,272.33252405605725,1,272.33252405605725
2472,Occasional,treatment,18,1.0506098037199043,70.4287626591384,1,70.4287626591384
308,SMB,treatment,37,1.0591480631410581,226.89804123118134,1,226.89804123118134
384,SMB,control,67,0.9518138565212834,250.0114514528142,1,250.0114514528142
1834,Mid-Market,control,57,1.0280514231387217,70.69482019117895,1,70.69482019117895
1834,Mid-Market,control,86,0.9818958963064084,239.29256184161537,1,239.29256184161537
1128,SMB,control,81,0.9875356070690998,26.76694668689444,1,26.76694668689444
1128,SMB,control,26,0.979031863085776,170.1436668133008,1,170.1436668133008
427,Mid-Market,treatment,39,1.1243146739795742,245.72818818886452,1,245.72818818886452
427,Mid-Market,treatment,80,1.1255120442043662,789.0294256584551,0,0.0
495,SMB,treatment,64,1.1028396739932924,70.75303984087319,1,70.75303984087319
1566,SMB,treatment,84,1.1363367204114758,101.08520881936117,1,101.08520881936117
2792,Enterprise,control,89,1.052941342140536,176.09782387773717,1,176.09782387773717
2792,Enterprise,control,74,1.004820711237837,312.49974704127766,1,312.49974704127766
2792,Enterprise,control,19,1.0356012921944195,28.787808948334977,1,28.787808948334977
2792,Enterprise,control,9,1.0913472648597848,510.4270607098056,1,510.4270607098056
2792,Enterprise,control,68,0.9670533519781223,86.2066601883266,1,86.2066601883266
2792,Enterprise,control,16,1.055732373977336,18.344305145591477,1,18.344305145591477
2792,Enterprise,control,89,1.0781813860295215,1307.2768644858256,1,1307.2768644858256
2792,Enterprise,control,2,1.0406986248218313,75.25682073995621,1,75.25682073995621
2612,SMB,control,37,0.9438103950805321,160.98631813122356,1,160.98631813122356
1252,Mid-Market,treatment,11,1.1549416894321032,358.4842916355679,1,358.4842916355679
1252,Mid-Market,treatment,6,1.0911453492830878,41.60192799149566,1,41.60192799149566
1296,Mid-Market,control,18,1.0034774175304941,257.4347087074725,1,257.4347087074725
1296,Mid-Market,control,35,1.0310120535002745,314.01401494364376,1,314.01401494364376
1296,Mid-Market,control,34,0.9551802341599921,128.782473338134,1,128.782473338134
276,Mid-Market,treatment,70,1.0772561623455292,451.39656067582865,1,451.39656067582865
276,Mid-Market,treatment,35,1.1089477035686464,45.92009958303268,1,45.92009958303268
276,Mid-Market,treatment,45,1.1393625805645606,128.53469425368343,1,128.53469425368343
276,Mid-Market,treatment,11,1.0697705353352651,288.44950106741027,1,288.44950106741027
276,Mid-Market,treatment,17,1.0915455396492615,97.07722444073227,0,0.0
490,SMB,control,10,0.980976967662921,51.705903889148225,1,51.705903889148225
490,SMB,control,88,0.9228944568079649,211.3989996365862,1,211.3989996365862
1958,Enterprise,control,41,1.0292049243742958,151.62278429868638,1,151.62278429868638
1958,Enterprise,control,18,1.0607843620061455,225.9740243357425,1,225.9740243357425
691,Mid-Market,control,73,0.9808568593837609,298.9154776725813,1,298.9154776725813
2052,Enterprise,control,80,1.0250532177740321,136.27654618708104,1,136.27654618708104
2052,Enterprise,control,75,1.0287673840491147,325.21711794742697,1,325.21711794742697
2052,Enterprise,control,51,1.045392920614824,327.80377410799827,1,327.80377410799827
2239,Mid-Market,control,35,0.9579652895394382,199.577008827051,1,199.577008827051
2239,Mid-Market,control,54,0.9739359288830242,100.70186079478773,1,100.70186079478773
1243,Mid-Market,control,12,0.9587845291348271,25.585726842669448,1,25.585726842669448
1243,Mid-Market,control,34,0.9451792764045113,199.29363637436404,1,199.29363637436404
1243,Mid-Market,control,74,0.9621380688788336,186.61471826672084,1,186.61471826672084
2674,SMB,treatment,81,1.090245935317027,1411.0185307959882,1,1411.0185307959882
2674,SMB,treatment,72,1.0502717290294763,33.93075712846233,1,33.93075712846233
2080,Enterprise,treatment,40,1.171096964813949,432.0507610408467,1,432.0507610408467
2080,Enterprise,treatment,69,1.190365489981585,161.5069076833855,1,161.5069076833855
2080,Enterprise,treatment,6,1.2089263185612658,1021.4979878914738,1,1021.4979878914738
2080,Enterprise,treatment,54,1.1314594776358813,262.8720728402004,1,262.8720728402004
2080,Enterprise,treatment,27,1.1523562733775794,60.14123802067535,1,60.14123802067535
2080,Enterprise,treatment,43,1.1846153234191488,71.84805962366836,0,0.0
2080,Enterprise,treatment,20,1.2242089446279814,42.94819734999292,1,42.94819734999292
1059,SMB,control,37,0.952126899816462,121.86404448501244,1,121.86404448501244
119,SMB,control,36,0.9949460942116001,30.46727296697434,1,30.46727296697434
1996,SMB,treatment,48,1.1148713748933994,808.3706680576994,1,808.3706680576994
2286,Mid-Market,treatment,42,1.164346325782402,412.02947533211824,1,412.02947533211824
282,Mid-Market,treatment,8,1.132638751451898,518.9212627631669,1,518.9212627631669
282,Mid-Market,treatment,85,1.0710728434099028,77.26228031289665,1,77.26228031289665
282,Mid-Market,treatment,86,1.1496179215032913,143.3308191373461,1,143.3308191373461
2808,SMB,treatment,72,1.0604129360511878,50.625232804843705,0,0.0
2808,SMB,treatment,29,1.0531998372426916,133.30189755709017,0,0.0
2808,SMB,treatment,8,1.0824298194845472,229.69145842368874,1,229.69145842368874
2336,SMB,control,82,0.9984530331146187,118.04713559998436,1,118.04713559998436
2763,Mid-Market,control,89,1.0450567636817176,63.72201761070187,1,63.72201761070187
2763,Mid-Market,control,68,0.9863862814554389,381.0258727480605,0,0.0
2763,Mid-Market,control,73,0.9968330564805099,1181.4313506657063,1,1181.4313506657063
2946,Mid-Market,treatment,15,1.0837095537159187,85.46987931010379,1,85.46987931010379
2946,Mid-Market,treatment,18,1.0817024477554886,380.87315302341597,1,380.87315302341597
2946,Mid-Market,treatment,2,1.15083240581364,132.33822464470364,0,0.0
1180,Mid-Market,treatment,4,1.134131381689974,494.6549849001117,0,0.0
1603,SMB,control,12,0.9260013439896885,98.06416975540637,1,98.06416975540637
2117,Mid-Market,control,17,0.9929047483301787,255.29479314045398,1,255.29479314045398
305,Occasional,treatment,70,1.0530465287853001,142.1575152814371,1,142.1575152814371
1845,Mid-Market,control,23,0.9981463956998741,42.49487088325771,1,42.49487088325771
1845,Mid-Market,control,44,0.9787595478696834,50.43031779476322,1,50.43031779476322
1357,SMB,treatment,78,1.0566999181712151,194.31036767118474,0,0.0
2437,SMB,treatment,16,1.062521599598471,90.4165887681894,1,90.4165887681894
2437,SMB,treatment,58,1.100145471089506,33.86247471126762,1,33.86247471126762
2437,SMB,treatment,76,1.0897530806116074,42.39082993014776,1,42.39082993014776
576,SMB,control,78,0.9365310501988793,87.89532432527345,0,0.0
1872,SMB,treatment,73,1.026927213631798,420.254777312654,1,420.254777312654
2846,SMB,control,9,0.9365052212569347,28.067535755841927,1,28.067535755841927
2624,Occasional,treatment,40,1.1046929232721567,147.2517135659991,1,147.2517135659991
1418,SMB,control,3,0.9450709301259608,451.5114387276523,1,451.5114387276523
1418,SMB,control,21,0.9635699104368347,67.84404988684196,1,67.84404988684196
1796,Mid-Market,treatment,2,1.0712750620137965,142.54076167777842,1,142.54076167777842
1796,Mid-Market,treatment,31,1.1399999768600453,57.486348682234016,1,57.486348682234016
1796,Mid-Market,treatment,39,1.0906678209702532,91.08734685463314,1,91.08734685463314
1796,Mid-Market,treatment,27,1.1472560464088772,53.4188163648204,1,53.4188163648204
844,Mid-Market,control,62,0.966955896419751,182.29465726182934,1,182.29465726182934
844,Mid-Market,control,52,0.9964017653601209,74.31382826864676,1,74.31382826864676
2813,SMB,treatment,8,1.053501870966956,336.48907317443064,1,336.48907317443064
270,Enterprise,treatment,43,1.1908007698116272,1171.5850452844259,1,1171.5850452844259
270,Enterprise,treatment,41,1.144605575833338,203.72615427324158,1,203.72615427324158
270,Enterprise,treatment,22,1.1911005200634832,146.9880590909911,1,146.9880590909911
270,Enterprise,treatment,80,1.1957938982477627,186.07665255425297,1,186.07665255425297
630,SMB,treatment,47,1.0477684951018176,102.40288514403402,0,0.0
630,SMB,treatment,15,1.04293648710385,464.9699644880984,0,0.0
1034,Occasional,treatment,7,1.0767314992451564,72.54377977209485,1,72.54377977209485
287,Enterprise,control,35,1.0326997424417959,78.05163968957997,1,78.05163968957997
2212,SMB,control,57,0.9427589110872695,59.17877883169897,0,0.0
301,SMB,control,70,0.9176625226998185,49.529197328786935,1,49.529197328786935
1511,Mid-Market,treatment,41,1.0816028851982915,772.7244056656247,1,772.7244056656247
1511,Mid-Market,treatment,8,1.1194175146433343,729.5489863655247,1,729.5489863655247
1812,SMB,control,57,0.929365326958177,107.3032527130903,1,107.3032527130903
66,SMB,treatment,50,1.0698893279725912,35.93660876552169,1,35.93660876552169
2398,Mid-Market,treatment,38,1.186652780300904,46.85062845273805,1,46.85062845273805
2398,Mid-Market,treatment,16,1.1353481057289163,252.0039252408771,1,252.0039252408771
891,Mid-Market,treatment,4,1.1477991866567683,435.26568570994,1,435.26568570994
891,Mid-Market,treatment,73,1.1278070351766314,88.51132181515189,1,88.51132181515189
1768,Enterprise,control,81,1.0688896983445713,46.05390697706086,1,46.05390697706086
1732,Enterprise,control,15,1.0119831587021737,173.57555661227977,1,173.57555661227977
1377,SMB,treatment,35,1.101898712742763,220.1521311085563,1,220.1521311085563
231,Mid-Market,treatment,60,1.1098620205561767,59.29962547880523,1,59.29962547880523
231,Mid-Market,treatment,68,1.1234608600313112,151.5042915971867,1,151.5042915971867
231,Mid-Market,treatment,3,1.0909949583039902,111.96096226758348,1,111.96096226758348
504,SMB,treatment,60,1.0902198516413997,57.359517469793296,0,0.0
504,SMB,treatment,29,1.019498056819274,75.56890798964625,0,0.0
2460,SMB,treatment,4,1.1264930838023692,224.20985023632662,1,224.20985023632662
2460,SMB,treatment,6,1.0451424700132361,159.25740941630227,1,159.25740941630227
2460,SMB,treatment,59,1.0570221035874416,69.0546328060876,1,69.0546328060876
2460,SMB,treatment,70,1.066483099908304,66.74420531144048,1,66.74420531144048
1351,SMB,treatment,82,1.0802300563584932,156.87311330882545,1,156.87311330882545
1351,SMB,treatment,67,1.0301220373702122,119.64800594817721,1,119.64800594817721
1445,Mid-Market,control,6,0.9761509099117386,64.03306651933983,1,64.03306651933983
1445,Mid-Market,control,65,0.9719050670107151,186.8261575484011,1,186.8261575484011
1445,Mid-Market,control,20,0.9497464470001056,193.77197430548836,1,193.77197430548836
1445,Mid-Market,control,19,0.9990476825194724,602.4018646443678,0,0.0
2552,SMB,control,82,0.9851351186527506,89.6735356662247,1,89.6735356662247
1005,SMB,control,77,0.9483042357881869,459.3443901361878,1,459.3443901361878
837,SMB,control,32,1.0462251397450777,60.28583669381315,1,60.28583669381315
837,SMB,control,41,1.0161130803681648,149.97381760842777,1,149.97381760842777
1589,Mid-Market,treatment,55,1.1160532008013262,260.4966625472317,1,260.4966625472317
1589,Mid-Market,treatment,62,1.07186583594743,41.9108917541779,0,0.0
1589,Mid-Market,treatment,12,1.1608130459323907,68.6397491463347,1,68.6397491463347
375,Mid-Market,treatment,53,1.1606667327404778,89.02179843231484,1,89.02179843231484
375,Mid-Market,treatment,4,1.0863130976619941,241.13381444898206,1,241.13381444898206
375,Mid-Market,treatment,71,1.1148539577673293,600.2859726496861,1,600.2859726496861
1353,Mid-Market,control,19,0.9696080182087974,835.1291823446969,1,835.1291823446969
1353,Mid-Market,control,13,0.9971941245150484,58.32279128863371,1,58.32279128863371
1353,Mid-Market,control,33,0.970472970203568,47.75615820815648,1,47.75615820815648
1353,Mid-Market,control,74,0.969359141494364,100.79325015693274,1,100.79325015693274
2111,SMB,treatment,73,1.0796954791389282,37.88106672998791,1,37.88106672998791
2111,SMB,treatment,31,1.087599584543987,93.66671261394187,0,0.0
2111,SMB,treatment,79,1.0582426158465459,107.38656596628014,1,107.38656596628014
1787,Mid-Market,control,68,0.971068659519961,209.4634110515806,1,209.4634110515806
1787,Mid-Market,control,32,0.9737973695294546,37.18067027779817,1,37.18067027779817
1787,Mid-Market,control,50,1.0384701614489342,59.36148089627197,1,59.36148089627197
1787,Mid-Market,control,48,0.9868126090180368,35.502650646046426,0,0.0
1787,Mid-Market,control,72,1.0039066846719238,153.61196777422668,1,153.61196777422668
1804,SMB,control,24,0.9638436891750083,143.1025493408683,1,143.1025493408683
1804,SMB,control,21,0.999817522271927,195.0120351627296,1,195.0120351627296
2072,SMB,treatment,61,1.0482547442795986,19.047239443605577,1,19.047239443605577
752,Mid-Market,control,49,0.9884496367329219,78.17797673536919,1,78.17797673536919
752,Mid-Market,control,74,0.9852481358380082,102.38820271052897,1,102.38820271052897
752,Mid-Market,control,30,1.0336240937273722,452.7293244375581,1,452.7293244375581
752,Mid-Market,control,14,1.0173997369734489,51.961123977473946,1,51.961123977473946
100,Occasional,treatment,81,1.025061112756429,140.97925021481714,1,140.97925021481714
1724,SMB,control,68,1.00573941611409,562.7942313468438,1,562.7942313468438
867,Occasional,control,80,0.9415365098794353,178.2634283918005,1,178.2634283918005
867,Occasional,control,9,0.9918166961507595,35.740398471799416,1,35.740398471799416
911,SMB,treatment,7,1.0593726519550408,808.6714787211242,1,808.6714787211242
911,SMB,treatment,5,1.0977167163285957,126.64140371463675,1,126.64140371463675
2010,SMB,control,16,0.9799897533284981,29.914672227172233,1,29.914672227172233
2010,SMB,control,24,1.0318045143300245,355.74128987880897,1,355.74128987880897
2010,SMB,control,62,0.940439691740397,31.79339510517814,1,31.79339510517814
530,Mid-Market,treatment,42,1.150769186709681,392.1181135958755,1,392.1181135958755
530,Mid-Market,treatment,59,1.1415309547437422,58.045114912245104,1,58.045114912245104
637,SMB,control,76,0.942705113904888,696.7086433436358,1,696.7086433436358
186,SMB,control,8,0.9981343868103913,195.39258060566843,1,195.39258060566843
186,SMB,control,33,0.9329451451688718,382.61147956762227,1,382.61147956762227
1188,Occasional,control,18,0.9568127782390672,113.68896097873315,1,113.68896097873315
1972,Occasional,control,36,0.9699827706856352,83.66472524184343,0,0.0
932,Mid-Market,control,24,0.9278081943906132,82.75468232919903,0,0.0
932,Mid-Market,control,49,1.0038119801420602,689.2863739905292,1,689.2863739905292
932,Mid-Market,control,23,0.9974444037542615,901.29817905031,1,901.29817905031
1382,Enterprise,treatment,54,1.2117776557876199,123.80218353786368,1,123.80218353786368
1382,Enterprise,treatment,4,1.156078722409349,195.8922407127963,1,195.8922407127963
2296,Enterprise,treatment,7,1.1512657086157994,166.92509707021352,1,166.92509707021352
2296,Enterprise,treatment,5,1.1164283979919403,118.13543045887563,1,118.13543045887563
2296,Enterprise,treatment,33,1.1690703023588096,192.04340271543808,1,192.04340271543808
2383,Mid-Market,control,73,1.0418583183109904,64.52260980963977,1,64.52260980963977
2383,Mid-Market,control,6,1.0079558354728853,49.11876407544643,1,49.11876407544643
2402,SMB,treatment,65,1.0811971598377255,36.08511990952921,1,36.08511990952921
2402,SMB,treatment,76,1.0815013901322204,84.12960798948394,1,84.12960798948394
2000,SMB,treatment,36,1.081638160493868,53.26885840813069,1,53.26885840813069
2000,SMB,treatment,77,1.0178746161222085,142.07329890365511,1,142.07329890365511
608,Mid-Market,treatment,12,1.1319407989899704,64.90811496824513,1,64.90811496824513
608,Mid-Market,treatment,8,1.1493150414322015,103.22322955745042,1,103.22322955745042
2897,Occasional,control,41,0.9355103471855138,175.15401880489205,1,175.15401880489205
2897,Occasional,control,19,0.9960823267732193,779.7636980440337,1,779.7636980440337
2897,Occasional,control,80,0.8839879037677494,89.10498710127312,1,89.10498710127312
152,Occasional,treatment,65,1.0393115812528433,138.01521040636084,1,138.01521040636084
1284,SMB,control,60,1.0147374135912843,340.1272159164052,1,340.1272159164052
2263,SMB,control,64,0.9482097036824441,90.34570934684395,1,90.34570934684395
732,Enterprise,treatment,16,1.1255171929703318,157.02531048139872,1,157.02531048139872
732,Enterprise,treatment,19,1.218075740411917,54.544255197085455,1,54.544255197085455
732,Enterprise,treatment,33,1.2016768028679954,378.74121620765396,1,378.74121620765396
1338,SMB,treatment,45,1.0633707153847771,251.94532641986825,1,251.94532641986825
1599,SMB,treatment,58,1.1093542979690547,146.25658625257026,1,146.25658625257026
2841,SMB,control,81,0.9260833195540747,150.57657508191454,1,150.57657508191454
24,Occasional,treatment,46,1.0872955416749914,236.38729121174256,1,236.38729121174256
2858,SMB,treatment,77,1.1219069888812738,650.420493784653,1,650.420493784653
2858,SMB,treatment,14,1.0712409802760408,157.74901283744535,1,157.74901283744535
159,SMB,control,38,1.0059887092473205,82.6133561072861,0,0.0
862,SMB,control,73,1.012140022324961,392.1075538390896,1,392.1075538390896
903,Enterprise,control,77,0.983894930485532,35.046855387771636,1,35.046855387771636
2656,Occasional,control,20,1.0100481376828765,347.04967799984564,1,347.04967799984564
2656,Occasional,control,60,0.9869015524401703,252.0495711556931,1,252.0495711556931
2938,Mid-Market,treatment,27,1.0941040979305763,644.0821865937147,1,644.0821865937147
2938,Mid-Market,treatment,62,1.1560184363820836,178.26064057554015,1,178.26064057554015
2938,Mid-Market,treatment,58,1.146485884937034,159.4584447268692,1,159.4584447268692
445,Mid-Market,treatment,38,1.1393208904833494,175.0632474448984,0,0.0
445,Mid-Market,treatment,26,1.1491452499368318,281.5062715821011,1,281.5062715821011
2939,Mid-Market,treatment,0,1.1152847644345254,61.74654022058964,1,61.74654022058964
2939,Mid-Market,treatment,7,1.1292936783755432,396.0556835226443,1,396.0556835226443
2939,Mid-Market,treatment,73,1.1123801054779072,266.81059590551354,1,266.81059590551354
2939,Mid-Market,treatment,47,1.1310434467201336,274.22445446495726,1,274.22445446495726
2939,Mid-Market,treatment,33,1.1091997031027292,118.87551218176664,1,118.87551218176664
755,SMB,treatment,20,1.0651427510031652,50.293042724160415,1,50.293042724160415
755,SMB,treatment,80,1.0768472519386758,492.33694028487,0,0.0
924,SMB,treatment,48,1.025716232429686,110.61763612883058,1,110.61763612883058
924,SMB,treatment,3,1.1349687200539444,433.48402617214924,0,0.0
2971,SMB,treatment,5,1.046348625125539,293.76948978670185,0,0.0
2103,SMB,treatment,62,1.0513378178687005,29.160028242370274,1,29.160028242370274
312,Mid-Market,treatment,44,1.086880700727599,59.17665011500323,1,59.17665011500323
312,Mid-Market,treatment,89,1.1287459836342197,540.3395044788404,1,540.3395044788404
312,Mid-Market,treatment,5,1.0987161373410446,777.0849465861808,1,777.0849465861808
312,Mid-Market,treatment,29,1.1318009463392875,309.6641234399345,1,309.6641234399345
549,SMB,treatment,15,1.0245210901072415,172.5181780864451,1,172.5181780864451
1946,Occasional,control,60,0.9105504497237485,156.80779271430367,1,156.80779271430367
1457,Mid-Market,control,71,0.9360840706698329,30.013854030726797,1,30.013854030726797
307,Mid-Market,control,67,0.9355802874995113,82.04498373785304,1,82.04498373785304
307,Mid-Market,control,10,0.9753705102441065,253.2346578261696,0,0.0
307,Mid-Market,control,69,0.9726906207775828,143.53439038440666,0,0.0
288,Mid-Market,control,46,0.9863143267717873,46.10342794978772,1,46.10342794978772
288,Mid-Market,control,52,0.9785554403423257,95.56901947082675,1,95.56901947082675
288,Mid-Market,control,81,0.9872492896274913,70.60708090111929,0,0.0
288,Mid-Market,control,6,0.9906495548443786,58.32130271864854,1,58.32130271864854
695,Occasional,treatment,30,1.040570005532445,117.81482475163952,1,117.81482475163952
309,Mid-Market,treatment,42,1.1084733377826048,154.74396168848833,1,154.74396168848833
309,Mid-Market,treatment,64,1.0964744241450624,259.2129505019446,1,259.2129505019446
2321,Enterprise,control,47,1.0473533696630215,350.58893038858804,1,350.58893038858804
2321,Enterprise,control,79,1.0622576560632586,35.81924499502066,0,0.0
2321,Enterprise,control,51,1.0795677515954607,42.24648139288826,1,42.24648139288826
2321,Enterprise,control,20,1.0070168774468597,673.9966251680299,1,673.9966251680299
2321,Enterprise,control,42,1.0059860173664947,87.61699756312345,1,87.61699756312345
2321,Enterprise,control,87,1.0446950245136357,79.72837621973795,0,0.0
750,Occasional,control,31,0.8923740007400057,98.53391629194711,1,98.53391629194711
2816,SMB,control,83,0.9866721925299021,204.35684558954483,1,204.35684558954483
2816,SMB,control,85,0.9327940059691872,186.41666507512576,1,186.41666507512576
2816,SMB,control,32,1.0166912015737033,59.37958197391137,1,59.37958197391137
1240,Mid-Market,treatment,47,1.1708105479746798,107.21469970133569,0,0.0
1240,Mid-Market,treatment,42,1.1634474367501384,276.2108459446206,1,276.2108459446206
1240,Mid-Market,treatment,31,1.1132252608307711,655.8608039626856,1,655.8608039626856
1240,Mid-Market,treatment,29,1.123322163025738,204.85726197977792,1,204.85726197977792
909,Mid-Market,control,48,1.0418829615012923,272.6221293845757,1,272.6221293845757
909,Mid-Market,control,5,1.0113292611902593,52.881942729211445,1,52.881942729211445
1881,SMB,control,88,0.9621194957792641,289.15993640452865,1,289.15993640452865
1881,SMB,control,65,0.9844495310745596,81.31044170717134,0,0.0
2381,Occasional,control,81,0.9628514547425832,103.39787487008208,1,103.39787487008208
1407,Occasional,control,65,0.9419641499112156,51.41441735984546,1,51.41441735984546
2495,Occasional,control,62,0.957317357147608,99.59530991350722,1,99.59530991350722
971,Mid-Market,treatment,0,1.1182127639676718,221.4964488256057,1,221.4964488256057
971,Mid-Market,treatment,87,1.111316022955987,280.28230817713523,1,280.28230817713523
14,SMB,treatment,37,1.0780391779657141,137.29094551476175,0,0.0
874,Mid-Market,control,83,1.0027806609796652,149.33920925430255,1,149.33920925430255
874,Mid-Market,control,21,1.0208572535043237,85.39066284200425,1,85.39066284200425
874,Mid-Market,control,20,0.9939745119780447,49.84571671770156,1,49.84571671770156
874,Mid-Market,control,9,0.9782261806206555,376.8964574682395,1,376.8964574682395
809,SMB,control,18,0.9883363317262004,197.20359728095235,1,197.20359728095235
2579,Mid-Market,treatment,85,1.0803340231194773,557.7500067858259,1,557.7500067858259
2579,Mid-Market,treatment,70,1.1357005243220173,196.02662793343902,1,196.02662793343902
2579,Mid-Market,treatment,29,1.1071692919108829,431.9491949530366,1,431.9491949530366
515,Mid-Market,treatment,6,1.1185805915773552,111.21302679186037,1,111.21302679186037
2414,SMB,control,11,0.9846315000650423,149.0740378463499,1,149.0740378463499
410,Occasional,control,26,0.9772049595658792,438.17047970159507,1,438.17047970159507
2834,SMB,treatment,53,1.101000438331166,20.184997117582967,1,20.184997117582967
2260,Mid-Market,treatment,14,1.1852495735482182,248.81011345697556,1,248.81011345697556
2260,Mid-Market,treatment,1,1.112731557513645,147.0340962127844,1,147.0340962127844
2260,Mid-Market,treatment,7,1.1416088239005777,268.73868017167047,1,268.73868017167047
2824,Occasional,control,29,0.9489881400173866,635.4743438227023,1,635.4743438227023
1226,Occasional,control,21,0.9431661247191094,733.7356105494363,1,733.7356105494363
1656,Mid-Market,control,46,1.0194561402511653,163.7885527229715,1,163.7885527229715
1656,Mid-Market,control,32,1.020732371787332,99.97463464391964,1,99.97463464391964
1656,Mid-Market,control,48,1.1045792512498185,122.69905428934405,1,122.69905428934405
1656,Mid-Market,control,59,0.98676607456827,588.8626122840948,1,588.8626122840948
1611,Mid-Market,treatment,53,1.0945185082110194,157.86573268262126,1,157.86573268262126
1611,Mid-Market,treatment,81,1.0922862297415246,37.36381842601803,1,37.36381842601803
383,SMB,control,10,0.9986069863235619,488.10945914138034,1,488.10945914138034
2107,SMB,treatment,25,1.0353204680551256,62.612256125519195,1,62.612256125519195
2188,SMB,treatment,35,1.090640763145972,231.66461642688333,1,231.66461642688333
1622,SMB,treatment,13,1.0449003604510954,55.64015099503885,0,0.0
2832,SMB,treatment,12,1.0380649381763019,104.48829222304978,1,104.48829222304978
2832,SMB,treatment,83,1.0698779741883246,147.9971788365131,1,147.9971788365131
553,Mid-Market,control,61,1.0153313341678754,86.34146197446795,0,0.0
553,Mid-Market,control,30,0.9889203432966562,75.28819361169256,1,75.28819361169256
553,Mid-Market,control,75,0.9671257958124709,194.70005298397425,1,194.70005298397425
553,Mid-Market,control,19,0.9521254313728423,143.38390555864848,1,143.38390555864848
223,SMB,treatment,47,1.079976351754492,109.96118837180575,0,0.0
1097,Mid-Market,treatment,80,1.0740315596708374,710.5503528930067,1,710.5503528930067
1097,Mid-Market,treatment,40,1.0803507473675626,166.67807744021331,1,166.67807744021331
2755,Occasional,control,17,0.9336398238615916,46.35947068478376,1,46.35947068478376
9,Mid-Market,treatment,84,1.1314002905878957,24.73068601006198,1,24.73068601006198
9,Mid-Market,treatment,58,1.1417805747747376,455.6380344837575,1,455.6380344837575
9,Mid-Market,treatment,37,1.1282722036304447,265.73648237788467,1,265.73648237788467
1477,SMB,treatment,0,1.1339311328578536,98.85028812789041,1,98.85028812789041
1477,SMB,treatment,6,1.1078248488015368,111.05344859211571,1,111.05344859211571
317,Mid-Market,treatment,35,1.1437785720577092,269.06651145704933,1,269.06651145704933
317,Mid-Market,treatment,57,1.0405931548498115,189.94869911092565,1,189.94869911092565
317,Mid-Market,treatment,65,1.1616162468020221,135.962175227142,0,0.0
428,Occasional,treatment,54,1.1015806659587495,112.02022474071433,1,112.02022474071433
1986,Occasional,treatment,83,1.1124041039962052,516.5385326609661,0,0.0
106,SMB,control,25,0.948156894153375,23.751756987481652,1,23.751756987481652
2016,SMB,control,83,0.9714940608084038,189.6167950724554,1,189.6167950724554
2016,SMB,control,73,0.9983080813811511,365.22187021811015,0,0.0
143,Occasional,treatment,71,1.029340310770303,565.7747927841572,1,565.7747927841572
143,Occasional,treatment,20,1.109269464756566,112.67674430201347,1,112.67674430201347
122,SMB,control,51,0.9599140489756812,51.638967859974706,1,51.638967859974706
2372,Mid-Market,treatment,46,1.1357676423583765,192.34525537930918,1,192.34525537930918
2372,Mid-Market,treatment,49,1.1523217824355032,136.29962100061636,1,136.29962100061636
2372,Mid-Market,treatment,60,1.0947872703473567,123.74331999131137,1,123.74331999131137
2866,Mid-Market,control,6,1.0168182499180742,52.61634902107085,1,52.61634902107085
1190,SMB,control,24,0.9857593896000901,38.34988354800946,1,38.34988354800946
1190,SMB,control,49,0.9607885965606419,36.54071128063586,1,36.54071128063586
1190,SMB,control,28,0.9733882688976173,53.91856200146755,1,53.91856200146755
2962,Occasional,treatment,18,1.0497526295258315,148.37642636208335,1,148.37642636208335
2601,Mid-Market,control,79,0.9594710531590296,313.60280350800065,1,313.60280350800065
2601,Mid-Market,control,34,0.9346191096475001,28.93778603315717,1,28.93778603315717
1658,Occasional,treatment,68,1.0830757098269796,100.40332077794042,1,100.40332077794042
116,Occasional,control,69,0.9403994456517084,158.5247746176161,1,158.5247746176161
1406,Mid-Market,control,5,1.0046863109648334,651.9249885670478,1,651.9249885670478
1406,Mid-Market,control,21,0.9958893244092943,7.910638290250457,1,7.910638290250457
1406,Mid-Market,control,59,0.9862688751305982,89.4492735343109,1,89.4492735343109
1406,Mid-Market,control,61,0.9627707615117146,86.9589348597933,1,86.9589348597933
1512,Mid-Market,control,4,0.997063338711297,51.08119348596672,1,51.08119348596672
1512,Mid-Market,control,14,0.9514558173611591,285.1997312814485,1,285.1997312814485
1512,Mid-Market,control,27,0.9808978522586457,180.86614129750856,1,180.86614129750856
2493,Enterprise,treatment,24,1.1718026729336886,465.6541645562089,1,465.6541645562089
2798,Mid-Market,control,32,0.9670646329922822,74.31669655047192,1,74.31669655047192
2798,Mid-Market,control,60,0.9617978754947928,40.043282549191346,1,40.043282549191346
2798,Mid-Market,control,52,0.9422313236380798,53.90218923893725,1,53.90218923893725
2798,Mid-Market,control,3,0.9784840010833373,31.786450349843367,1,31.786450349843367
2798,Mid-Market,control,20,0.9444430149120259,627.6364741574444,1,627.6364741574444
2949,Occasional,control,60,0.9710780069819709,69.95467607166326,1,69.95467607166326
1597,Mid-Market,treatment,23,1.1449219318151544,70.56621670278363,1,70.56621670278363
2890,Mid-Market,control,76,0.9943328538993698,122.75373301522656,1,122.75373301522656
2890,Mid-Market,control,11,0.9690331951872979,611.9049643281664,1,611.9049643281664
673,Occasional,control,65,0.8683449956684544,155.60123248960025,1,155.60123248960025
673,Occasional,control,4,0.897950405288128,69.58871363687243,1,69.58871363687243
1432,SMB,control,81,0.9704691575683181,295.31981298625686,1,295.31981298625686
2173,SMB,treatment,15,1.1414226297135468,138.89073989999105,1,138.89073989999105
2173,SMB,treatment,55,1.0308050724637408,210.126467424702,1,210.126467424702
2173,SMB,treatment,8,1.0641342330372758,116.46317925729312,1,116.46317925729312
592,SMB,treatment,55,1.0253485727684566,362.9316887215852,1,362.9316887215852
592,SMB,treatment,27,1.0589511696328477,91.07394421932601,1,91.07394421932601
592,SMB,treatment,61,1.1048088978648605,136.50384326809848,1,136.50384326809848
1403,Occasional,control,21,0.928979841582543,154.40707741420664,1,154.40707741420664
889,Mid-Market,control,18,0.9937314437344666,92.0543582910982,1,92.0543582910982
889,Mid-Market,control,38,0.9822104095101314,616.788276276907,1,616.788276276907
1755,Mid-Market,treatment,61,1.1350984086058415,65.64487414053647,1,65.64487414053647
1755,Mid-Market,treatment,83,1.1004290263012195,119.95429246088034,1,119.95429246088034
1755,Mid-Market,treatment,27,1.1366603799114678,145.1399187225627,1,145.1399187225627
1367,Mid-Market,control,53,1.0037584605660024,69.45542343219822,1,69.45542343219822
1367,Mid-Market,control,19,0.9551062796313957,55.09587407545765,1,55.09587407545765
1367,Mid-Market,control,74,0.9520945851979661,144.632258226814,1,144.632258226814
1367,Mid-Market,control,73,0.9353631789127346,146.21197548703316,1,146.21197548703316
2397,Mid-Market,treatment,65,1.0684151475816077,149.71266519092867,1,149.71266519092867
2397,Mid-Market,treatment,80,1.1424193886794947,1000.2097456686071,1,1000.2097456686071
214,SMB,treatment,14,1.0685399903773882,182.64926759913794,1,182.64926759913794
2008,Mid-Market,control,45,0.9913542685594039,50.78505797063625,1,50.78505797063625
2008,Mid-Market,control,31,1.0003131538005794,46.4259890536838,1,46.4259890536838
2149,SMB,control,43,0.9498457646021455,34.36792440439774,1,34.36792440439774
2149,SMB,control,4,0.9936540757741993,162.39411268852245,1,162.39411268852245
801,SMB,treatment,27,1.0560533908044294,57.12629143137893,1,57.12629143137893
2481,SMB,control,40,0.9786019345692318,194.6989788441726,1,194.6989788441726
2481,SMB,control,89,1.0024603271136847,78.66142055779723,1,78.66142055779723
2440,SMB,control,68,0.9600306965738628,456.2282302951921,1,456.2282302951921
2284,SMB,treatment,45,1.0398132804205606,161.59775251429323,0,0.0
2284,SMB,treatment,53,1.1064870892360652,124.10546885999767,1,124.10546885999767
2663,Mid-Market,control,59,0.9799851791288908,160.43936766505206,1,160.43936766505206
2712,Mid-Market,control,48,1.0099270506157967,131.0042307999809,1,131.0042307999809
2712,Mid-Market,control,47,1.0227189122618923,162.89365252749624,1,162.89365252749624
2712,Mid-Market,control,71,0.9365298048156848,130.73830761019136,1,130.73830761019136
2712,Mid-Market,control,23,0.9884033903791736,191.24697825810722,1,191.24697825810722
274,SMB,treatment,59,1.0576553625534177,56.73863647270242,1,56.73863647270242
274,SMB,treatment,78,1.0872406138827075,56.728805033123834,1,56.728805033123834
72,Mid-Market,control,4,0.901121046825351,139.53538429570392,1,139.53538429570392
72,Mid-Market,control,82,0.9541562828094683,659.8152488882383,1,659.8152488882383
1790,Enterprise,control,86,1.047007674334018,84.55254693720961,1,84.55254693720961
1088,SMB,control,23,0.9346707289613246,517.4109118595997,0,0.0
395,Enterprise,control,71,1.069835196744417,74.45769900351466,1,74.45769900351466
395,Enterprise,control,62,1.0507495193237044,276.05320619064804,1,276.05320619064804
395,Enterprise,control,40,1.05748862433373,523.7719379895142,1,523.7719379895142
584,Mid-Market,treatment,9,1.1622901355666122,297.6675805706616,1,297.6675805706616
2081,Mid-Market,treatment,18,1.1415770678386519,139.31512667637776,1,139.31512667637776
2081,Mid-Market,treatment,82,1.131888150121021,36.50072034351665,1,36.50072034351665
1981,Occasional,treatment,20,1.0529357158800245,143.50463034705965,0,0.0
501,SMB,control,9,0.9696725287811451,164.31525651009034,1,164.31525651009034
2015,Mid-Market,control,69,0.9432657083288003,1111.0262267102337,1,1111.0262267102337
2224,Mid-Market,treatment,31,1.140242823889802,296.4984728720718,0,0.0
2224,Mid-Market,treatment,49,1.1273252903262754,82.78617300340748,1,82.78617300340748
2224,Mid-Market,treatment,65,1.1244721716495376,210.18221286363107,1,210.18221286363107
2980,Occasional,control,45,0.9669322290958199,89.43376849980397,1,89.43376849980397
2741,Mid-Market,treatment,34,1.148363592567048,260.18782918423574,1,260.18782918423574
2319,SMB,treatment,62,1.0659698974594072,127.80148121603285,0,0.0
1260,Occasional,treatment,61,1.0294214671321518,53.77461155425348,1,53.77461155425348
1743,Enterprise,control,22,1.0518715731752726,260.6121207269257,1,260.6121207269257
1743,Enterprise,control,40,1.0668851876647645,1215.5231432477271,1,1215.5231432477271
1743,Enterprise,control,64,1.0453612418342948,372.7586705218401,1,372.7586705218401
1743,Enterprise,control,33,1.0761254026536555,474.31386042660523,1,474.31386042660523
1743,Enterprise,control,88,0.9965556808444254,144.7476287266945,1,144.7476287266945
1743,Enterprise,control,81,1.046560903570269,165.48679689093868,1,165.48679689093868
206,Mid-Market,treatment,30,1.139308687637013,168.9049658240344,1,168.9049658240344
734,Mid-Market,control,79,1.002191717746013,184.64491106960992,1,184.64491106960992
734,Mid-Market,control,75,0.9904580251958368,170.48192699174737,1,170.48192699174737
734,Mid-Market,control,26,0.9305663127837541,148.4479222300891,1,148.4479222300891
734,Mid-Market,control,46,0.9534232605600627,120.05017210545992,1,120.05017210545992
734,Mid-Market,control,41,0.9523967241476824,84.66069995714203,1,84.66069995714203
734,Mid-Market,control,83,1.0147771390601035,363.2180316365376,1,363.2180316365376
2503,Occasional,control,69,0.9286959069880256,542.3005223566124,1,542.3005223566124
527,Occasional,treatment,81,1.0895259019583712,405.3879472403922,1,405.3879472403922
1376,Mid-Market,control,22,1.0211161397525998,32.316482394367405,0,0.0
1376,Mid-Market,control,39,0.972907460235209,190.86588249831306,1,190.86588249831306
1376,Mid-Market,control,52,1.0065765106064566,383.1631182241404,1,383.1631182241404
1376,Mid-Market,control,73,1.0296400412839128,447.4588257548271,0,0.0
899,Mid-Market,treatment,55,1.0814392717263446,97.34914813591195,1,97.34914813591195
899,Mid-Market,treatment,57,1.1060500177234356,170.8286538923667,1,170.8286538923667
899,Mid-Market,treatment,68,1.1441171002815012,64.09890336847877,1,64.09890336847877
899,Mid-Market,treatment,69,1.1160879468184817,172.52108034682684,1,172.52108034682684
378,SMB,treatment,7,1.0350378476240965,114.96605819975235,1,114.96605819975235
1727,Mid-Market,control,7,0.9588054921070138,235.20977486485074,1,235.20977486485074
1727,Mid-Market,control,67,0.9925711971426734,77.15163575356559,1,77.15163575356559
2683,Mid-Market,treatment,71,1.11462894864828,51.628097360633,1,51.628097360633
2723,Mid-Market,treatment,36,1.1856118511975355,115.32436526141257,1,115.32436526141257
387,SMB,control,67,0.9829599133219147,135.18667488591493,1,135.18667488591493
387,SMB,control,4,0.9950109165958057,415.22830483279444,1,415.22830483279444
387,SMB,control,48,0.9468954660353689,323.59401335982875,1,323.59401335982875
387,SMB,control,44,0.9680664116023932,117.4145161705955,1,117.4145161705955
199,Mid-Market,control,27,1.010222566529828,104.87895547373512,1,104.87895547373512
199,Mid-Market,control,37,0.9318488885300514,127.13989104578225,1,127.13989104578225
199,Mid-Market,control,24,0.994500112942327,22.929046775568924,1,22.929046775568924
1051,SMB,control,43,0.9539111713359754,106.57844652167566,1,106.57844652167566
1051,SMB,control,19,0.957346208655663,43.128860413399565,1,43.128860413399565
591,Occasional,control,73,0.9817897865358963,137.0299866411029,1,137.0299866411029
520,SMB,control,3,0.9946328673899988,582.3392088937755,1,582.3392088937755
2951,Mid-Market,treatment,88,1.1073150257462472,147.7934625316583,1,147.7934625316583
430,SMB,control,84,1.0230832009734763,159.38008493451122,1,159.38008493451122
430,SMB,control,11,0.9518943230294479,334.5302777390499,1,334.5302777390499
1084,Occasional,treatment,86,1.0813439022304425,72.46077466717625,1,72.46077466717625
208,SMB,treatment,0,1.1029441084748595,173.0493629278191,1,173.0493629278191
492,SMB,control,23,0.9255118201969063,110.78005569998369,1,110.78005569998369
1610,SMB,control,38,0.9446098106480761,542.665573373102,1,542.665573373102
2913,SMB,control,41,0.9199497093676552,175.24740114376885,1,175.24740114376885
2913,SMB,control,71,0.9293158883980615,36.45259379264492,1,36.45259379264492
793,Mid-Market,treatment,50,1.0961681304834892,409.23997902017356,1,409.23997902017356
793,Mid-Market,treatment,33,1.1458016096235706,153.3094808344841,1,153.3094808344841
793,Mid-Market,treatment,20,1.1738400639048219,636.4602253015374,1,636.4602253015374
793,Mid-Market,treatment,1,1.0703389266509717,18.279001500206462,1,18.279001500206462
793,Mid-Market,treatment,46,1.1800448524714715,1328.6238588963101,1,1328.6238588963101
793,Mid-Market,treatment,19,1.121625251052097,407.85040817796033,1,407.85040817796033
2020,Mid-Market,control,62,1.0044410412137714,316.2983212086504,1,316.2983212086504
2020,Mid-Market,control,54,1.0386758155380529,193.46876515904256,1,193.46876515904256
1187,Mid-Market,control,36,0.9619500350371091,185.04857718480025,1,185.04857718480025
1186,SMB,treatment,32,1.1165024395047352,94.09920181153718,1,94.09920181153718
2182,Occasional,control,45,0.9287214109834305,187.00729040762562,1,187.00729040762562
1341,Mid-Market,control,61,0.9667060266755821,64.60130111677535,1,64.60130111677535
1341,Mid-Market,control,86,0.9967239168980643,102.81618430550955,1,102.81618430550955
1341,Mid-Market,control,42,0.954947787387507,588.1064048685722,1,588.1064048685722
2233,Mid-Market,control,75,0.9683680185183916,209.4995963339991,1,209.4995963339991
2233,Mid-Market,control,86,0.9841190191671421,57.456465294714434,1,57.456465294714434
84,Mid-Market,treatment,72,1.131601412250547,50.44215444648159,1,50.44215444648159
84,Mid-Market,treatment,63,1.161535349879636,261.0828538028765,1,261.0828538028765
84,Mid-Market,treatment,36,1.0920181013710273,137.11688277783307,1,137.11688277783307
84,Mid-Market,treatment,89,1.1401142641866482,228.61828590360048,1,228.61828590360048
84,Mid-Market,treatment,4,1.103364260833941,119.34523576420641,1,119.34523576420641
2370,SMB,control,45,0.9829651960889676,223.0294325927218,1,223.0294325927218
2227,SMB,control,62,0.9959889474389136,56.061717336020294,1,56.061717336020294
2227,SMB,control,37,1.0154801434412462,171.5501316813637,1,171.5501316813637
2227,SMB,control,33,1.0051484967837385,81.83293816509673,1,81.83293816509673
21,SMB,control,36,0.9710549146166955,450.815496348604,1,450.815496348604
1379,SMB,treatment,49,1.0970246411478106,136.06417803660253,1,136.06417803660253
1559,SMB,treatment,3,1.085427477612665,31.641970711504687,1,31.641970711504687
1939,Mid-Market,treatment,5,1.0856511557358601,361.3596702092829,1,361.3596702092829
1939,Mid-Market,treatment,76,1.1000819612456094,91.23691460842983,1,91.23691460842983
1939,Mid-Market,treatment,79,1.1436397077740126,316.06913267761735,1,316.06913267761735
1939,Mid-Market,treatment,32,1.09594523843687,116.00750454117298,1,116.00750454117298
2838,Mid-Market,control,73,0.9850448576504278,69.85062077167031,1,69.85062077167031
2838,Mid-Market,control,69,1.0091885041748265,22.198031436196192,1,22.198031436196192
2838,Mid-Market,control,20,0.9806871989824293,272.3319005000562,1,272.3319005000562
1938,SMB,control,28,0.9816854519397694,111.20484407567412,1,111.20484407567412
974,Occasional,treatment,63,1.011095820926326,454.85329490595973,1,454.85329490595973
2790,Mid-Market,treatment,48,1.1221048147639734,143.0364091507486,1,143.0364091507486
884,SMB,control,67,0.9263671870469556,37.165976419156614,1,37.165976419156614
884,SMB,control,13,0.979359037437978,68.71204316720124,0,0.0
1099,Occasional,control,32,0.9306886172744471,98.52091482544864,1,98.52091482544864
157,Mid-Market,treatment,26,1.111796547233837,24.230621405761287,1,24.230621405761287
157,Mid-Market,treatment,7,1.072523424753493,72.00942784885655,1,72.00942784885655
157,Mid-Market,treatment,66,1.1222857542752454,300.80045287897553,1,300.80045287897553
2277,SMB,control,70,0.9812305250986618,149.87972076205904,0,0.0
2277,SMB,control,79,1.0292653432398984,51.73605228642322,1,51.73605228642322
2277,SMB,control,63,0.9826392524622091,332.24453182859287,1,332.24453182859287
887,Mid-Market,treatment,78,1.0769882244591376,77.87332385381558,1,77.87332385381558
887,Mid-Market,treatment,37,1.103242641924279,255.4564618021552,1,255.4564618021552
887,Mid-Market,treatment,67,1.099284975387782,47.75755333146682,1,47.75755333146682
2999,Occasional,treatment,74,1.0912204189934702,82.48255706805452,1,82.48255706805452
1592,Enterprise,treatment,19,1.189424186750127,1185.300846940188,1,1185.300846940188
1592,Enterprise,treatment,71,1.1486231159403963,53.328864506657034,1,53.328864506657034
1592,Enterprise,treatment,70,1.15255680270506,83.73269980828965,1,83.73269980828965
1592,Enterprise,treatment,0,1.1527334570118413,92.19503909857066,1,92.19503909857066
1592,Enterprise,treatment,59,1.174447119474641,100.71112199337306,1,100.71112199337306
2479,Mid-Market,control,34,0.9281301381162554,420.76506564018723,0,0.0
2718,Occasional,control,5,0.9935450292134147,41.02333572482329,1,41.02333572482329
2535,Occasional,control,30,1.0145769448082729,35.190843695618156,1,35.190843695618156
2118,Enterprise,treatment,66,1.1958686558603413,83.44446434440137,1,83.44446434440137
2118,Enterprise,treatment,21,1.1690113194105574,345.51173191464704,1,345.51173191464704
2118,Enterprise,treatment,30,1.1201019062568662,1098.8606600248625,1,1098.8606600248625
1473,Mid-Market,treatment,88,1.0960725644881077,167.1836468746051,0,0.0
1473,Mid-Market,treatment,24,1.139005253261717,145.24849467157424,1,145.24849467157424
2649,SMB,control,40,0.9932579398121498,58.744822986464264,0,0.0
459,SMB,control,1,0.99379990178592,25.23641812387556,1,25.23641812387556
459,SMB,control,2,0.9799136264972079,28.368905048090525,1,28.368905048090525
459,SMB,control,12,1.0171155243454069,30.00510635915655,1,30.00510635915655
2499,SMB,treatment,54,1.0916123271074822,105.73372163795936,1,105.73372163795936
2499,SMB,treatment,0,1.1265925631476732,401.0721157756599,0,0.0
79,SMB,control,54,0.9761142448839306,261.03978515744075,1,261.03978515744075
79,SMB,control,26,0.9843750898198143,80.14529607670423,1,80.14529607670423
2915,SMB,control,16,0.9531964282796405,345.607368996914,1,345.607368996914
2915,SMB,control,79,1.0158808261113799,508.18196307129807,1,508.18196307129807
2915,SMB,control,48,0.967057847630101,57.44822322509642,1,57.44822322509642
1057,Occasional,control,28,0.9278695604524783,596.7111247505823,1,596.7111247505823
907,SMB,control,48,0.9784529751572618,219.03819728574717,1,219.03819728574717
1564,Occasional,treatment,41,1.0666356013803422,104.42554375388718,1,104.42554375388718
2427,Enterprise,control,50,1.0332776815763853,171.34035400056925,1,171.34035400056925
2697,SMB,control,18,0.9853367485940077,223.7215008994962,1,223.7215008994962
2697,SMB,control,36,0.9601768303447826,222.37528116234304,0,0.0
2697,SMB,control,1,0.9675949039055836,32.802538320835325,1,32.802538320835325
2697,SMB,control,2,0.9726778611033402,42.986789663634134,1,42.986789663634134
2697,SMB,control,73,0.9409882732539074,26.16576633505989,1,26.16576633505989
381,SMB,treatment,45,1.107640348267231,72.93790005122094,1,72.93790005122094
948,Occasional,treatment,18,1.058130577843705,405.45599124093064,0,0.0
1713,Occasional,control,11,0.940204438488633,120.16768431926313,1,120.16768431926313
2757,Occasional,treatment,61,1.0467325456535008,248.91312746625567,1,248.91312746625567
2757,Occasional,treatment,1,1.0453618593390972,63.90499624748134,1,63.90499624748134
2757,Occasional,treatment,77,1.069026157794496,36.65669466175424,0,0.0
716,Mid-Market,control,59,0.9522597486766916,571.4029626700386,1,571.4029626700386
716,Mid-Market,control,9,0.9974734369649138,153.77842225254415,1,153.77842225254415
716,Mid-Market,control,42,0.985739623342378,373.55344821354765,1,373.55344821354765
1914,SMB,control,46,1.0285451527590768,126.96072469353449,1,126.96072469353449
687,Mid-Market,treatment,85,1.1208170703174516,1204.2665376531365,1,1204.2665376531365
687,Mid-Market,treatment,54,1.0960483529860874,101.08203787039814,1,101.08203787039814
687,Mid-Market,treatment,23,1.130404287459626,121.20686268013239,0,0.0
687,Mid-Market,treatment,20,1.116063934472977,558.6696131600016,0,0.0
2671,SMB,control,50,1.0002843208383998,58.006026766462355,1,58.006026766462355
1294,Mid-Market,control,12,0.9865722075569098,66.9602412785973,1,66.9602412785973
1294,Mid-Market,control,42,1.0088620227176184,248.81891320196732,1,248.81891320196732
306,SMB,treatment,32,1.1059427987297055,131.57294987827007,1,131.57294987827007
306,SMB,treatment,24,1.0924128484305355,101.069057971246,1,101.069057971246
210,SMB,control,55,0.9875238723074864,164.03633809930363,1,164.03633809930363
210,SMB,control,87,0.950064324520968,407.4521177736412,1,407.4521177736412
210,SMB,control,29,0.9469284502434854,134.03833327139063,0,0.0
2012,Mid-Market,treatment,11,1.1225046396741596,330.4489538618739,1,330.4489538618739
2222,SMB,treatment,37,1.0943524760365175,89.1433520240222,1,89.1433520240222
2976,SMB,treatment,87,1.0846044172301659,48.43383755069193,1,48.43383755069193
1538,SMB,treatment,28,1.0577124210579771,293.88180464816213,1,293.88180464816213
886,Mid-Market,control,62,0.9353656265054566,88.1712872106396,0,0.0
1860,Mid-Market,control,76,1.0283435174042999,116.29248398695434,1,116.29248398695434
1860,Mid-Market,control,52,0.9679332611079593,154.8990421802869,1,154.8990421802869
918,Mid-Market,treatment,87,1.1419347953165206,116.03627339939473,1,116.03627339939473
1887,Mid-Market,control,6,0.9745239248150036,93.43027758182629,1,93.43027758182629
1887,Mid-Market,control,48,0.9597759130801672,227.98963002584188,1,227.98963002584188
1887,Mid-Market,control,56,0.9775846495332271,142.64406840535722,1,142.64406840535722
1661,Mid-Market,treatment,59,1.1087078830531507,533.1033453131206,1,533.1033453131206
1661,Mid-Market,treatment,1,1.1384573982128505,120.4954923569101,1,120.4954923569101
192,Mid-Market,treatment,17,1.0735594954877559,277.1738979938661,1,277.1738979938661
1748,SMB,control,34,0.9835677379125841,47.73838675387839,1,47.73838675387839
2132,SMB,treatment,2,1.0840942490362127,905.1894132460974,1,905.1894132460974
1266,SMB,treatment,86,1.0761316996816517,1459.8843072322097,1,1459.8843072322097
1266,SMB,treatment,7,1.073120050908252,132.98364781537822,1,132.98364781537822
1266,SMB,treatment,82,1.0604020669088035,88.96180838143327,1,88.96180838143327
484,Mid-Market,control,4,0.9519443797533064,222.56585851775935,1,222.56585851775935
484,Mid-Market,control,5,1.0229259141093496,170.77244475215517,1,170.77244475215517
484,Mid-Market,control,84,1.0349329919988608,181.68041817019468,1,181.68041817019468
916,Occasional,control,41,0.9604139556060073,35.70277505015194,1,35.70277505015194
2600,Occasional,treatment,31,1.0535698949857262,364.56022382153225,1,364.56022382153225
278,SMB,treatment,2,1.0647236110264957,43.74830445142803,1,43.74830445142803
989,Mid-Market,treatment,50,1.1317987399055598,176.3868373408976,0,0.0
989,Mid-Market,treatment,54,1.1522567098420247,169.58810216391353,1,169.58810216391353
989,Mid-Market,treatment,64,1.1119217921921534,268.17964190493404,1,268.17964190493404
989,Mid-Market,treatment,40,1.1408838164548174,127.03397470073809,1,127.03397470073809
989,Mid-Market,treatment,13,1.1064292446753794,64.84355551584534,1,64.84355551584534
989,Mid-Market,treatment,23,1.11842212979167,98.87423078705756,1,98.87423078705756
989,Mid-Market,treatment,81,1.08610848422949,369.67349527669023,1,369.67349527669023
989,Mid-Market,treatment,50,1.1389188324207764,168.35312176718762,1,168.35312176718762
1988,SMB,treatment,66,1.108024849075073,59.84206826044162,0,0.0
1988,SMB,treatment,68,1.134016729966016,26.733380782939722,1,26.733380782939722
1895,Mid-Market,control,37,0.9658444133830112,159.87539896361503,1,159.87539896361503
1870,Occasional,treatment,7,1.0927375363475187,185.49208043926808,1,185.49208043926808
572,Occasional,control,51,0.9656537007201641,179.0365680636641,1,179.0365680636641
994,Mid-Market,control,61,0.9700947112761686,86.75662922183116,1,86.75662922183116
2796,SMB,control,45,0.9584910414260842,77.3591939299852,1,77.3591939299852
2947,Mid-Market,treatment,36,1.074392427769995,77.62733428370242,1,77.62733428370242
2947,Mid-Market,treatment,38,1.0894067219103776,124.62560575238386,1,124.62560575238386
2947,Mid-Market,treatment,5,1.158137302417338,546.7756164615774,1,546.7756164615774
586,SMB,control,20,0.9623341416774798,189.87120273488134,1,189.87120273488134
2329,SMB,treatment,53,1.0553554465205672,244.0898009421173,1,244.0898009421173
2329,SMB,treatment,32,1.101990601080104,37.21876001742119,1,37.21876001742119
2329,SMB,treatment,10,1.0551310708120452,108.99210817953401,1,108.99210817953401
2994,SMB,treatment,16,1.0951582214487532,114.96457501095642,1,114.96457501095642
1350,Mid-Market,treatment,54,1.1668992622953338,208.64189602985024,1,208.64189602985024
1350,Mid-Market,treatment,60,1.125887613667739,172.51766287311747,1,172.51766287311747
1350,Mid-Market,treatment,40,1.1405730356861112,90.57975469917407,1,90.57975469917407
2901,Mid-Market,control,48,0.9946523106756223,23.247278379382774,1,23.247278379382774
2901,Mid-Market,control,55,0.998411795251766,232.2485665720294,1,232.2485665720294
2901,Mid-Market,control,11,0.9750099117354618,137.04330983431592,1,137.04330983431592
675,SMB,treatment,88,1.097977095147746,177.68615510195775,1,177.68615510195775
2591,SMB,treatment,18,1.006587057915344,26.13486344747644,1,26.13486344747644
2591,SMB,treatment,21,1.1034132218108281,53.329708902138336,1,53.329708902138336
856,SMB,treatment,72,1.1131918070540328,175.56777745910813,1,175.56777745910813
448,SMB,treatment,8,1.021307419942479,205.05734048998244,1,205.05734048998244
1420,Occasional,treatment,76,1.0474203358932708,38.741245006051,1,38.741245006051
2230,SMB,control,50,0.9256437431057011,90.15390917373544,1,90.15390917373544
2230,SMB,control,6,0.9932521734746658,29.746848722092572,1,29.746848722092572
1617,Enterprise,control,10,1.038805649445458,73.0528825852337,1,73.0528825852337
1617,Enterprise,control,37,1.0228063620306955,240.52802068463618,1,240.52802068463618
1617,Enterprise,control,4,1.016053572595096,104.27579354922678,0,0.0
1617,Enterprise,control,46,1.0776568482698066,11.798976920666783,1,11.798976920666783
1617,Enterprise,control,81,1.0628844596219964,304.43176217774123,1,304.43176217774123
2259,Enterprise,treatment,2,1.1779371886359968,43.44128376396145,1,43.44128376396145
2822,SMB,control,84,0.9532535351083221,43.85654206669441,1,43.85654206669441
2822,SMB,control,45,0.9653597963660736,262.15417268258915,0,0.0
2822,SMB,control,65,0.9453757675883293,40.86009869798246,0,0.0
2822,SMB,control,23,0.914695426804637,78.32429002994598,1,78.32429002994598
2754,Mid-Market,control,50,0.9931585390625914,191.12298055984564,1,191.12298055984564
2754,Mid-Market,control,40,1.000855555147278,132.29781137173376,1,132.29781137173376
2754,Mid-Market,control,45,1.0039596264566786,38.45744471811083,1,38.45744471811083
2754,Mid-Market,control,9,0.9736522458018171,74.14559928993094,1,74.14559928993094
1717,Mid-Market,treatment,48,1.1537713557121563,44.17674840402839,1,44.17674840402839
2672,SMB,treatment,6,1.1017688523735185,59.80469613911962,1,59.80469613911962
1248,Mid-Market,control,5,0.9781681528305957,131.86869993506508,1,131.86869993506508
1248,Mid-Market,control,45,0.9895258393600704,55.556289639031064,1,55.556289639031064
295,Occasional,control,18,0.9484993526501722,183.0416571012717,0,0.0
589,Mid-Market,control,61,0.9831384554268204,26.350210490598204,1,26.350210490598204
589,Mid-Market,control,38,1.0503910523183593,38.64760402583913,1,38.64760402583913
589,Mid-Market,control,38,1.016717547229887,292.85583772025313,1,292.85583772025313
1282,Mid-Market,control,34,0.9631057446331994,126.99901908378946,1,126.99901908378946
1282,Mid-Market,control,13,1.019754295712313,208.9056250875779,1,208.9056250875779
1423,SMB,control,59,0.9630246932533512,166.73054525877234,1,166.73054525877234
2350,Enterprise,treatment,53,1.1442247592055315,726.9439743142334,1,726.9439743142334
2350,Enterprise,treatment,61,1.1468953774263413,127.98996084877409,1,127.98996084877409
2350,Enterprise,treatment,17,1.2015227403186697,72.69681146625119,1,72.69681146625119
2350,Enterprise,treatment,52,1.123494083914659,529.8904120857324,1,529.8904120857324
2350,Enterprise,treatment,72,1.1879653063258602,80.10070653344117,1,80.10070653344117
2350,Enterprise,treatment,38,1.163144753191581,87.07190895697072,1,87.07190895697072
2350,Enterprise,treatment,38,1.144448557773291,25.860475344733146,1,25.860475344733146
1427,Mid-Market,treatment,72,1.1695309079446987,288.8816671545706,1,288.8816671545706
1427,Mid-Market,treatment,69,1.1342082052436335,249.55012114036657,0,0.0
1427,Mid-Market,treatment,72,1.154990339612033,41.15947135776258,1,41.15947135776258
2253,Mid-Market,control,73,0.9548283355244704,137.71679879324864,1,137.71679879324864
426,SMB,control,15,0.9689826520723209,51.70969142420854,1,51.70969142420854
426,SMB,control,83,0.9562208164638675,88.44412173452587,0,0.0
535,Enterprise,treatment,40,1.196066804607068,170.48140128176138,1,170.48140128176138
535,Enterprise,treatment,84,1.156133334150942,59.98900984355007,1,59.98900984355007
1055,Mid-Market,treatment,1,1.1231179952606434,710.9271339579831,1,710.9271339579831
1055,Mid-Market,treatment,7,1.1076607461556174,264.5037350183456,1,264.5037350183456
1055,Mid-Market,treatment,74,1.1004571713502411,182.5990259572757,1,182.5990259572757
1865,SMB,treatment,68,1.0643821050251916,178.50542722025676,0,0.0
2505,Mid-Market,treatment,31,1.1091474012353446,32.150177951970754,1,32.150177951970754
1426,Mid-Market,treatment,20,1.141958593400898,125.69004291900191,1,125.69004291900191
1426,Mid-Market,treatment,44,1.1291735880101947,429.48234350138483,1,429.48234350138483
1426,Mid-Market,treatment,78,1.0834336651214058,177.35065279972306,1,177.35065279972306
133,SMB,control,63,0.9131798469690743,71.41077631058857,1,71.41077631058857
1838,SMB,control,47,0.9208471226939196,45.04667648477584,0,0.0
1826,Enterprise,control,68,1.0245795964350102,96.06550605951568,1,96.06550605951568
1826,Enterprise,control,62,1.1288834183238978,97.39197800144497,1,97.39197800144497
1826,Enterprise,control,7,1.0963045615125144,92.03258597460855,1,92.03258597460855
1826,Enterprise,control,64,0.9971033055818421,14.745041972600267,0,0.0
422,Enterprise,treatment,30,1.1425072032002352,207.3489002118802,1,207.3489002118802
422,Enterprise,treatment,10,1.1584131783959424,306.4221681121528,1,306.4221681121528
2659,Mid-Market,control,76,0.9950675418941708,136.28176218648582,1,136.28176218648582
2659,Mid-Market,control,2,0.9645903555914406,81.90941820578315,1,81.90941820578315
2659,Mid-Market,control,83,0.9386524649599014,152.97435632153338,1,152.97435632153338
2029,SMB,treatment,80,1.0431829931775458,170.77898933911695,0,0.0
2990,SMB,treatment,70,1.0276390627016763,42.89670487959196,1,42.89670487959196
2990,SMB,treatment,19,1.0879698701532239,212.29892516761487,0,0.0
2990,SMB,treatment,48,1.0679059762654486,172.60445290911224,1,172.60445290911224
1369,Mid-Market,control,35,0.9995794833942357,182.90051549140827,1,182.90051549140827
1369,Mid-Market,control,83,0.9942831823482793,54.53382368654731,1,54.53382368654731
557,Mid-Market,treatment,31,1.1234168368503012,109.90038405276043,1,109.90038405276043
2044,Occasional,treatment,8,1.0276957875247843,186.59321714023307,1,186.59321714023307
1487,Occasional,treatment,7,1.078505211842918,211.11018900808926,1,211.11018900808926
2680,Mid-Market,treatment,54,1.1263784774718058,104.65838463213228,1,104.65838463213228
571,Mid-Market,treatment,64,1.1063771478679107,501.3773060396559,1,501.3773060396559
571,Mid-Market,treatment,72,1.1512049780480595,1849.8173318833756,1,1849.8173318833756
353,SMB,control,36,0.964029545326506,103.30793170431204,1,103.30793170431204
353,SMB,control,61,0.9515151685868476,576.1940632151563,1,576.1940632151563
92,SMB,treatment,8,1.0758551609449702,86.94914721027578,1,86.94914721027578
2563,SMB,treatment,83,1.0513392336743232,589.5011312618606,1,589.5011312618606
2563,SMB,treatment,51,1.079006942648323,118.58167963234551,1,118.58167963234551
2563,SMB,treatment,88,1.0702434249556485,47.54442404248701,1,47.54442404248701
2534,Enterprise,control,7,1.0235984105126625,66.35897966984074,1,66.35897966984074
2534,Enterprise,control,67,1.074251287174979,68.39227606762873,1,68.39227606762873
2534,Enterprise,control,55,1.0518655512976849,190.47201219808125,1,190.47201219808125
2534,Enterprise,control,17,1.0439942812041256,54.430519496152456,1,54.430519496152456
1171,Mid-Market,treatment,85,1.1156720558356659,64.42293467253006,1,64.42293467253006
1171,Mid-Market,treatment,63,1.1490024082402526,243.3602105077173,1,243.3602105077173
1171,Mid-Market,treatment,22,1.0955817227705915,98.44768091328355,1,98.44768091328355
2249,Mid-Market,treatment,29,1.1198273300906592,134.01671956877288,1,134.01671956877288
2249,Mid-Market,treatment,10,1.1305056339149595,290.339574902438,1,290.339574902438
2249,Mid-Market,treatment,47,1.0466019195588345,90.09174313203494,1,90.09174313203494
2249,Mid-Market,treatment,51,1.168139418775526,599.9801968853908,1,599.9801968853908
2249,Mid-Market,treatment,59,1.0571111284783667,265.96759343586524,1,265.96759343586524
1286,Occasional,control,16,0.9072019234022067,244.68558477278827,1,244.68558477278827
1703,Mid-Market,treatment,32,1.1713159393585557,274.0476749165776,1,274.0476749165776
1703,Mid-Market,treatment,34,1.089111972576505,46.04293883778466,1,46.04293883778466
1469,SMB,control,88,0.9791646813526509,82.34726049537073,1,82.34726049537073
1908,Enterprise,control,44,0.9953959386050159,460.6187037228984,1,460.6187037228984
1908,Enterprise,control,80,1.0715229912830952,309.1734649272643,1,309.1734649272643
1908,Enterprise,control,32,1.0493466886086487,65.96384154018763,1,65.96384154018763
1478,Occasional,control,77,0.9355462322674698,16.42527574861024,0,0.0
698,SMB,control,76,0.9520619872755445,134.6096021606035,1,134.6096021606035
698,SMB,control,50,0.9035949591991763,136.29688257703955,1,136.29688257703955
2507,Occasional,control,60,0.9754998451883983,113.81954289989356,1,113.81954289989356
349,SMB,treatment,22,1.0749646564885338,106.21754969420289,1,106.21754969420289
1645,Mid-Market,treatment,81,1.0914174172708158,417.6351165544227,1,417.6351165544227
1645,Mid-Market,treatment,16,1.0330062083253075,280.4900435725869,1,280.4900435725869
1645,Mid-Market,treatment,0,1.068197304435898,62.65765821398771,1,62.65765821398771
2347,Occasional,control,11,0.9140115850801855,127.3759830130315,1,127.3759830130315
2432,SMB,treatment,61,1.0256752548623405,57.874457267772684,1,57.874457267772684
2169,Mid-Market,treatment,11,1.11041545290873,50.53632707833265,1,50.53632707833265
2169,Mid-Market,treatment,82,1.0938166314174715,407.14312930609253,1,407.14312930609253
1138,Mid-Market,control,60,0.9861400430111348,163.89187361921847,1,163.89187361921847
1798,Mid-Market,treatment,63,1.1179130945587712,76.00978088857582,1,76.00978088857582
1798,Mid-Market,treatment,57,1.1292527740792342,726.333314570733,1,726.333314570733
1798,Mid-Market,treatment,85,1.131520551077683,85.78578171134838,1,85.78578171134838
1545,SMB,treatment,31,1.0884057293890383,152.9366860492595,1,152.9366860492595
2837,SMB,treatment,86,1.0790614994740786,231.54451353079025,1,231.54451353079025
2821,Mid-Market,treatment,5,1.1036268897750408,187.22866091903964,1,187.22866091903964
2821,Mid-Market,treatment,46,1.159955571800167,87.32051148068054,1,87.32051148068054
1340,Mid-Market,treatment,67,1.1229635279623114,89.03332520133895,0,0.0
2491,Occasional,treatment,59,1.093604701620755,110.93701222551287,1,110.93701222551287
454,Mid-Market,control,3,0.870950854083893,113.52474863127722,1,113.52474863127722
454,Mid-Market,control,2,1.0534721820344994,41.06639710856225,1,41.06639710856225
914,Occasional,treatment,87,1.0354037088245245,285.44817416590917,1,285.44817416590917
1200,SMB,control,47,0.9848117005453849,60.64259413275582,1,60.64259413275582
1200,SMB,control,41,1.040289441076966,52.1542423981035,1,52.1542423981035
1275,Mid-Market,control,69,0.9813451316356064,134.82112000353933,1,134.82112000353933
1275,Mid-Market,control,8,1.0186075846747873,167.10766438374117,1,167.10766438374117
1867,Occasional,treatment,23,1.1135595221318086,99.58934799926442,1,99.58934799926442
38,SMB,treatment,44,1.1091798156948298,610.9435501817471,0,0.0
975,Mid-Market,control,84,0.9884472170387921,28.73848242284755,1,28.73848242284755
975,Mid-Market,control,66,0.9497330014181123,782.8631811558791,1,782.8631811558791
2771,Mid-Market,treatment,32,1.1002287640340256,132.63832588808543,1,132.63832588808543
2771,Mid-Market,treatment,49,1.121552513889124,304.96185715884474,0,0.0
2771,Mid-Market,treatment,62,1.1313545669552687,236.85570190980857,1,236.85570190980857
2771,Mid-Market,treatment,66,1.134558839530204,55.16059560307298,1,55.16059560307298
984,SMB,control,6,0.9473025704792644,22.953642261199416,1,22.953642261199416
1806,SMB,control,64,1.0130745875602132,63.41247289637556,1,63.41247289637556
1962,Mid-Market,treatment,25,1.0858233735198795,278.018223391146,1,278.018223391146
1419,Occasional,treatment,49,1.0964924530554085,151.4343338143646,1,151.4343338143646
1285,Occasional,control,1,0.9682019049935164,67.70899320215192,1,67.70899320215192
40,SMB,control,43,0.9372115538756808,160.79135034276777,1,160.79135034276777
2541,SMB,treatment,44,1.1363334527048423,97.95223883776012,1,97.95223883776012
170,Occasional,treatment,88,1.087648019436585,192.32674457997842,1,192.32674457997842
1356,Enterprise,treatment,12,1.1631178452505555,563.9760618592413,1,563.9760618592413
1356,Enterprise,treatment,6,1.1542726247072674,120.90082548307964,1,120.90082548307964
1356,Enterprise,treatment,85,1.1632943249164982,802.9771226673137,1,802.9771226673137
1356,Enterprise,treatment,9,1.1371087205895556,152.90397430765685,1,152.90397430765685
1356,Enterprise,treatment,64,1.1449307349738118,84.5795009405274,1,84.5795009405274
1356,Enterprise,treatment,39,1.187097116923941,134.43138700780372,1,134.43138700780372
1356,Enterprise,treatment,83,1.1385581062786774,130.78892946762596,1,130.78892946762596
738,Mid-Market,treatment,23,1.0939505943813075,40.00877039240309,1,40.00877039240309
738,Mid-Market,treatment,36,1.112419502738033,127.80461887900522,1,127.80461887900522
738,Mid-Market,treatment,86,1.1313800668763856,62.325507287767635,1,62.325507287767635
738,Mid-Market,treatment,40,1.1230600610006631,238.91409302606502,1,238.91409302606502
1591,Mid-Market,control,69,0.97256764145835,245.66448491054086,1,245.66448491054086
1591,Mid-Market,control,41,1.0133093473513006,27.615778121008898,1,27.615778121008898
1591,Mid-Market,control,11,1.0317430218182022,234.1573066014499,1,234.1573066014499
1591,Mid-Market,control,24,0.9477855980822256,103.69376140393365,1,103.69376140393365
2700,Occasional,control,26,0.9582389427076052,380.13410091178446,1,380.13410091178446
1898,Mid-Market,control,79,0.9889722494354066,45.86974374059743,1,45.86974374059743
1898,Mid-Market,control,4,1.0100896197300746,57.563940091457034,1,57.563940091457034
635,Enterprise,control,81,1.0294849530466736,135.66936675493238,1,135.66936675493238
635,Enterprise,control,74,1.0534005423686035,162.78730813603835,1,162.78730813603835
2648,SMB,treatment,69,1.0556103886564456,160.06341684893962,1,160.06341684893962
1919,SMB,treatment,9,1.0845836180459074,123.05414253233873,1,123.05414253233873
1919,SMB,treatment,13,1.0853855860219541,305.5372314763664,1,305.5372314763664
1291,SMB,control,68,1.0276722787794708,62.69191170551186,1,62.69191170551186
1381,SMB,control,13,1.0034625080572628,1334.4834959487673,1,1334.4834959487673
580,Mid-Market,treatment,64,1.1212154066825502,102.571423938901,1,102.571423938901
329,SMB,treatment,68,1.1083745917810297,352.49474680476874,1,352.49474680476874
1643,SMB,treatment,82,1.1066014282298444,35.7599636727849,1,35.7599636727849
1643,SMB,treatment,0,1.08645378984526,26.57036113182946,1,26.57036113182946
893,Mid-Market,control,46,0.9937167171297807,324.7441737799225,0,0.0
1850,SMB,control,17,0.9968325350391468,74.4846806189378,1,74.4846806189378
1850,SMB,control,20,1.0454272153311737,157.3896225427255,1,157.3896225427255
781,Mid-Market,control,22,1.012535646327029,339.8350565203101,1,339.8350565203101
781,Mid-Market,control,79,0.9839154739188197,70.77144405127811,1,70.77144405127811
160,SMB,control,88,0.9358834138396958,213.40499559390196,1,213.40499559390196
160,SMB,control,87,0.9695239126055412,425.91324236362476,1,425.91324236362476
160,SMB,control,63,1.0123977783792975,348.9293661290754,1,348.9293661290754
1546,Mid-Market,treatment,0,1.1238258355100172,317.82757974089,1,317.82757974089
1546,Mid-Market,treatment,20,1.134052348680645,110.8050677124026,1,110.8050677124026
1546,Mid-Market,treatment,39,1.1084871801243206,253.9237076797673,1,253.9237076797673
1546,Mid-Market,treatment,39,1.1021205236412457,403.1696841533899,1,403.1696841533899
1934,SMB,control,47,1.0087493588217935,383.70533464530524,1,383.70533464530524
2979,SMB,control,33,0.9247384880422337,275.64597425477245,1,275.64597425477245
62,SMB,control,32,0.9302966531188193,271.05347919793036,0,0.0
62,SMB,control,30,0.9239700803454156,215.42800742878023,1,215.42800742878023
850,Occasional,treatment,54,1.1078880541104397,116.57550912338978,1,116.57550912338978
850,Occasional,treatment,1,1.1221380777937606,866.0600848372322,1,866.0600848372322
2130,Enterprise,treatment,25,1.1988830316875358,626.0501842373155,0,0.0
2893,SMB,control,30,0.9619944115484343,72.02246177778613,1,72.02246177778613
1044,SMB,treatment,22,1.055991846584278,179.41636989407064,0,0.0
2497,SMB,treatment,84,1.1062361458689334,46.046195020520216,1,46.046195020520216
2261,SMB,treatment,28,1.0606035537302685,25.42802709207734,1,25.42802709207734
2261,SMB,treatment,87,1.0724504506938943,131.38872255841278,1,131.38872255841278
2261,SMB,treatment,57,1.022785715350589,40.4918979932271,1,40.4918979932271
2122,Enterprise,treatment,28,1.194394091647517,204.0846687126434,1,204.0846687126434
2122,Enterprise,treatment,68,1.098537035826344,442.68828764559726,1,442.68828764559726
2122,Enterprise,treatment,6,1.1259653372492013,1063.4561603917737,1,1063.4561603917737
2122,Enterprise,treatment,80,1.1366351175075837,235.12713897704833,1,235.12713897704833
1071,Occasional,treatment,82,1.1086959201311166,240.1329065156804,1,240.1329065156804
54,SMB,treatment,1,1.0614793600082242,311.71212854840275,1,311.71212854840275
54,SMB,treatment,21,1.0005928449493657,216.7733881998671,1,216.7733881998671
54,SMB,treatment,13,1.1275253266249008,61.90316383014225,1,61.90316383014225
54,SMB,treatment,5,1.0463395727440679,93.36486754373034,1,93.36486754373034
259,Enterprise,treatment,43,1.1751650287116628,79.77589504158148,1,79.77589504158148
259,Enterprise,treatment,4,1.1856495177381101,190.65330261108213,0,0.0
259,Enterprise,treatment,22,1.160519323148419,209.57625800843255,1,209.57625800843255
259,Enterprise,treatment,15,1.160890935047925,66.09358655039536,1,66.09358655039536
259,Enterprise,treatment,13,1.1637317730395764,311.179749988997,1,311.179749988997
506,SMB,treatment,79,1.0820533212799335,107.93481034627766,0,0.0
753,Mid-Market,treatment,56,1.103838714017591,125.9651059944384,1,125.9651059944384
753,Mid-Market,treatment,3,1.0900746325369295,290.6715730917802,1,290.6715730917802
753,Mid-Market,treatment,87,1.1131814863575493,49.04993946197665,0,0.0
753,Mid-Market,treatment,53,1.1980676953699245,50.56671825378904,1,50.56671825378904
1979,SMB,control,62,0.9849977306544528,158.50560463347244,1,158.50560463347244
1979,SMB,control,35,1.002783276676627,443.27931421719416,1,443.27931421719416
1979,SMB,control,69,0.9943677212423551,103.50866278769875,1,103.50866278769875
1979,SMB,control,66,0.9349581373579431,31.123052620513935,1,31.123052620513935
2948,SMB,control,65,0.9825433850175201,211.206555431762,1,211.206555431762
2411,SMB,treatment,60,1.0910105999061293,260.82557814877026,0,0.0
1518,Occasional,treatment,73,1.1290222315493983,142.29003570301117,1,142.29003570301117
1518,Occasional,treatment,82,1.0607603538329113,25.44416711598406,1,25.44416711598406
2998,Mid-Market,treatment,46,1.1130948563983005,109.60493145575998,1,109.60493145575998
2998,Mid-Market,treatment,75,1.1085564871421159,157.77497559798687,1,157.77497559798687
2274,Occasional,treatment,72,1.0552428160015512,51.90340092288676,1,51.90340092288676
1390,Enterprise,treatment,19,1.1112276693146452,92.67197506332904,1,92.67197506332904
1390,Enterprise,treatment,13,1.1396163451641792,76.0451568834626,1,76.0451568834626
1390,Enterprise,treatment,35,1.1845830556603085,85.63605747369067,1,85.63605747369067
1267,Mid-Market,treatment,6,1.072392383156251,34.04572981988181,1,34.04572981988181
1267,Mid-Market,treatment,1,1.1259898862399038,75.58588126145422,1,75.58588126145422
1267,Mid-Market,treatment,85,1.1450440432150202,125.40764579074258,1,125.40764579074258
1267,Mid-Market,treatment,86,1.1103977148796922,262.99130363304,1,262.99130363304
2467,SMB,control,30,0.9521349114369247,223.07310747146246,1,223.07310747146246
2467,SMB,control,16,0.9896404661202121,215.44048367589156,1,215.44048367589156
1712,Mid-Market,treatment,29,1.1641079699954957,110.04839204156904,1,110.04839204156904
772,SMB,treatment,3,1.0594549746633666,48.933261710469694,1,48.933261710469694
772,SMB,treatment,5,1.1435714625699924,133.8183342954108,1,133.8183342954108
772,SMB,treatment,44,1.0882553459611182,240.2938903971707,1,240.2938903971707
2803,Enterprise,control,73,1.0103710013463434,74.24314931849412,1,74.24314931849412
1808,SMB,treatment,58,1.053335952503268,56.4823769124841,1,56.4823769124841
1808,SMB,treatment,51,1.0693968271943768,234.80341102005696,1,234.80341102005696
2686,SMB,treatment,58,1.0514531828149394,459.3729284867804,0,0.0
2686,SMB,treatment,3,1.052270690043432,48.91482059633049,1,48.91482059633049
1086,SMB,treatment,67,1.0469826347945443,40.69115031071195,1,40.69115031071195
2258,SMB,control,77,0.976598493459249,99.2081453370989,1,99.2081453370989
1533,SMB,control,18,1.0001851858502548,130.9865283297946,1,130.9865283297946
1326,Occasional,control,41,0.9608354164569979,48.66489448023781,1,48.66489448023781
2120,Mid-Market,control,83,1.0446084376046951,362.5629435770373,1,362.5629435770373
2120,Mid-Market,control,47,1.012594901757428,58.15818700701334,0,0.0
2120,Mid-Market,control,49,0.9975205569386443,123.92101237376487,1,123.92101237376487
2120,Mid-Market,control,11,0.9356442302441014,44.683555837285304,1,44.683555837285304
1813,SMB,treatment,84,1.0452202431012392,261.0933942752011,0,0.0
1715,Mid-Market,treatment,20,1.094856159816034,195.46468819817184,1,195.46468819817184
1715,Mid-Market,treatment,54,1.1449832005004372,592.8269822571353,1,592.8269822571353
1715,Mid-Market,treatment,50,1.1187150498214105,75.67537886331186,1,75.67537886331186
1715,Mid-Market,treatment,83,1.1129895358808775,113.40820743728058,1,113.40820743728058
1715,Mid-Market,treatment,31,1.091921196523644,61.92248965300034,1,61.92248965300034
1715,Mid-Market,treatment,25,1.114801838453737,84.06735455398662,1,84.06735455398662
2035,Mid-Market,treatment,72,1.104248119855428,234.64976617592333,0,0.0
2035,Mid-Market,treatment,45,1.1461580103939073,96.86938303240808,1,96.86938303240808
2035,Mid-Market,treatment,75,1.108719970848815,165.7784952113725,1,165.7784952113725
2424,Mid-Market,treatment,35,1.078880228103278,128.0567553205921,1,128.0567553205921
2424,Mid-Market,treatment,56,1.0965393991881622,52.956796095353866,1,52.956796095353866
2424,Mid-Market,treatment,15,1.0976623643036685,126.03814839947296,1,126.03814839947296
2435,SMB,control,75,0.9810275987070859,54.77399999168962,1,54.77399999168962
1682,SMB,treatment,50,1.0408368838388962,68.75103745038092,1,68.75103745038092
2228,Enterprise,control,0,0.9948164364790626,521.3016875232731,1,521.3016875232731
2228,Enterprise,control,32,0.9709379684661191,41.11015431637375,1,41.11015431637375
2228,Enterprise,control,76,1.0850290361387223,27.8686203840976,0,0.0
2228,Enterprise,control,28,1.0440772118930601,46.921962074603734,1,46.921962074603734
2228,Enterprise,control,4,1.0368935476158156,100.328304291652,1,100.328304291652
2228,Enterprise,control,49,1.028682497662606,47.59618792383541,1,47.59618792383541
2228,Enterprise,control,60,1.0356667599961533,93.55637236694774,1,93.55637236694774
2228,Enterprise,control,81,1.0633022349279986,71.58947635939442,1,71.58947635939442
2228,Enterprise,control,72,1.0481644463905941,188.8971477516987,1,188.8971477516987
2228,Enterprise,control,5,1.0547015599343113,409.4978060609071,1,409.4978060609071
1164,Mid-Market,control,74,0.9520951287945035,32.211857041807896,1,32.211857041807896
1164,Mid-Market,control,80,0.9849142850551392,101.04587025162249,1,101.04587025162249
1164,Mid-Market,control,34,0.9495437245911236,879.0799335923667,1,879.0799335923667
964,Mid-Market,control,7,0.9739360351020155,188.6277464491148,1,188.6277464491148
964,Mid-Market,control,2,0.9770383444180234,66.50884811865302,1,66.50884811865302
2903,Mid-Market,control,6,0.9973586103930011,71.49600030135632,1,71.49600030135632
2903,Mid-Market,control,11,1.0042255427898237,226.59643673965198,1,226.59643673965198
2903,Mid-Market,control,46,1.0056946710899015,655.6707529245815,1,655.6707529245815
2903,Mid-Market,control,14,0.9654240991911951,423.0055737778617,1,423.0055737778617
1663,SMB,treatment,71,1.0604572684301972,277.77251669996963,1,277.77251669996963
399,SMB,treatment,12,1.0516955987581504,491.56895636306336,0,0.0
585,Occasional,control,5,0.980514797453811,110.60813343124572,1,110.60813343124572
949,Occasional,control,85,0.8971134617255965,173.40509945828816,1,173.40509945828816
705,Mid-Market,control,52,1.0017784607546487,187.62999773830268,1,187.62999773830268
432,SMB,control,82,0.9403198311911002,189.17799160538507,1,189.17799160538507
293,Occasional,control,0,0.995091142466264,30.202574905088223,1,30.202574905088223
146,Mid-Market,control,44,0.999146107158574,87.85941814937044,1,87.85941814937044
146,Mid-Market,control,50,1.0078103834976795,114.7935430553016,1,114.7935430553016
146,Mid-Market,control,4,0.9831833452813601,159.1953000851165,1,159.1953000851165
324,SMB,treatment,14,1.0430425615624932,19.698067413006157,1,19.698067413006157
2109,Mid-Market,control,35,0.9459473998581182,37.08377540421641,1,37.08377540421641
1166,Occasional,control,66,0.9202727786315961,815.6704453643449,1,815.6704453643449
1453,Occasional,control,72,0.9416060122214438,72.58480611788553,1,72.58480611788553
3,Occasional,control,84,1.003823793756989,552.8717942466808,0,0.0
577,Occasional,treatment,33,1.0654375177306323,65.75101024554527,1,65.75101024554527
2658,SMB,treatment,17,1.0714078745718358,124.696783180219,1,124.696783180219
2658,SMB,treatment,80,1.0966260158353307,85.68836856139853,1,85.68836856139853
340,Occasional,control,21,0.9606756209703009,64.09039561396335,1,64.09039561396335
2540,SMB,control,52,0.9956252288015213,156.96310655589699,1,156.96310655589699
2540,SMB,control,22,0.9277095918075066,200.23589474976092,1,200.23589474976092
2540,SMB,control,40,0.9629130883857195,18.81027123620855,1,18.81027123620855
2936,SMB,treatment,67,1.1070472042143096,94.65366071123952,1,94.65366071123952
2936,SMB,treatment,85,1.0680826842569875,64.12875741864079,1,64.12875741864079
2936,SMB,treatment,69,1.1088388900126043,142.5348790337749,1,142.5348790337749
926,Mid-Market,treatment,38,1.1249089448723408,227.93147204782682,1,227.93147204782682
926,Mid-Market,treatment,88,1.156861036496099,215.19101167304947,1,215.19101167304947
266,Mid-Market,treatment,32,1.0888440339018457,233.19995827192378,1,233.19995827192378
377,Occasional,control,75,0.9488904701929166,871.2413327725278,1,871.2413327725278
2023,Enterprise,control,35,1.1085554563139919,144.49485314154353,1,144.49485314154353
2023,Enterprise,control,1,0.9576703457973229,92.87286468223525,1,92.87286468223525
2023,Enterprise,control,71,1.113097306860668,117.05667989269043,1,117.05667989269043
1464,Mid-Market,control,73,1.031352540004993,202.39749208696873,1,202.39749208696873
272,Mid-Market,treatment,55,1.0885496038045663,121.1291323013764,1,121.1291323013764
272,Mid-Market,treatment,71,1.137789230654857,222.64573647093738,1,222.64573647093738
272,Mid-Market,treatment,9,1.1195847834885384,220.97560506929926,1,220.97560506929926
272,Mid-Market,treatment,0,1.1337156083764486,277.6816225938813,1,277.6816225938813
272,Mid-Market,treatment,18,1.1654993310777828,140.28541597166617,0,0.0
697,SMB,control,42,1.0006476723054976,195.94431715891784,1,195.94431715891784
697,SMB,control,83,1.002828112921773,14.366191587737745,1,14.366191587737745
2974,Occasional,control,63,0.9731348886234814,254.6171132382158,1,254.6171132382158
245,SMB,treatment,80,1.0408949798831388,24.444201171726924,1,24.444201171726924
2814,Enterprise,treatment,65,1.1758876955173219,75.59366130776138,1,75.59366130776138
2814,Enterprise,treatment,73,1.133742233323719,269.08805564767886,1,269.08805564767886
2814,Enterprise,treatment,6,1.1581582352912456,338.8781745476647,1,338.8781745476647
2814,Enterprise,treatment,16,1.1475603568606139,86.6939335774563,1,86.6939335774563
477,Mid-Market,treatment,71,1.078648605938504,389.3742070580958,1,389.3742070580958
477,Mid-Market,treatment,34,1.1559947915104665,541.448437953718,1,541.448437953718
477,Mid-Market,treatment,20,1.1318214660520598,222.46716941904498,0,0.0
2786,SMB,treatment,11,1.0788690549661422,366.502754975759,1,366.502754975759
2844,Mid-Market,control,20,0.9708522807385793,169.26134029027978,1,169.26134029027978
2844,Mid-Market,control,30,0.9844462604396765,338.3179730132118,1,338.3179730132118
2844,Mid-Market,control,5,0.9473312023459496,89.66458466960721,1,89.66458466960721
2844,Mid-Market,control,25,1.013093363085119,60.88945749106334,1,60.88945749106334
2299,Enterprise,treatment,6,1.129315693157504,1083.0668272391422,1,1083.0668272391422
2299,Enterprise,treatment,27,1.1034438327663736,82.77575482851975,1,82.77575482851975
2299,Enterprise,treatment,85,1.1899886187716837,376.7995579769828,1,376.7995579769828
2299,Enterprise,treatment,39,1.1788464344951453,316.9138546054961,1,316.9138546054961
2299,Enterprise,treatment,65,1.155492144315817,177.85519165173397,1,177.85519165173397
2449,SMB,control,69,1.0184109682395774,65.71755061821615,1,65.71755061821615
2784,Mid-Market,control,11,0.9788816618527895,116.74326315256874,1,116.74326315256874
2784,Mid-Market,control,50,1.0170983497544555,97.46311170669817,1,97.46311170669817
2954,Occasional,treatment,19,1.058619114894691,38.43743468054505,1,38.43743468054505
2983,Mid-Market,treatment,51,1.1114257732391357,55.74305468977212,1,55.74305468977212
2983,Mid-Market,treatment,21,1.1396118562138107,181.89232932846627,1,181.89232932846627
2160,Enterprise,treatment,20,1.1295525408101568,412.42437942736194,1,412.42437942736194
2160,Enterprise,treatment,19,1.1654139452273744,97.37393835358971,1,97.37393835358971
2160,Enterprise,treatment,64,1.1755336915759589,84.95402514982177,1,84.95402514982177
2160,Enterprise,treatment,35,1.10360007112782,141.55705226457238,1,141.55705226457238
2160,Enterprise,treatment,68,1.1998724654933908,24.19065687208298,1,24.19065687208298
251,SMB,control,1,0.9577342360328688,59.72872882855247,0,0.0
414,Occasional,treatment,43,1.0685666762830737,201.79614466937582,1,201.79614466937582
546,SMB,treatment,20,1.1117373196258031,235.99818550954052,1,235.99818550954052
546,SMB,treatment,22,1.061967050638538,196.98526128741955,1,196.98526128741955
546,SMB,treatment,64,1.067163353009803,243.56696083175578,1,243.56696083175578
1194,Occasional,control,54,0.9895714202869058,40.71530967558525,1,40.71530967558525
739,Mid-Market,treatment,63,1.109283975610994,150.91126017035717,0,0.0
739,Mid-Market,treatment,22,1.1560951095841434,174.1775383368867,1,174.1775383368867
739,Mid-Market,treatment,50,1.134382049796999,76.9092873038421,1,76.9092873038421
739,Mid-Market,treatment,68,1.1209646513433438,69.1111024517401,1,69.1111024517401
739,Mid-Market,treatment,85,1.0765572418160074,55.22766566917746,0,0.0
739,Mid-Market,treatment,38,1.1010556064616028,37.718473186177135,1,37.718473186177135
311,SMB,treatment,38,1.124037209672424,762.0274372581873,1,762.0274372581873
1980,Mid-Market,control,19,1.0163997583889177,179.69373020965264,1,179.69373020965264
1980,Mid-Market,control,12,1.0096978503085656,174.8335238367875,0,0.0
894,Mid-Market,control,57,0.9821575047358794,277.3368641953793,1,277.3368641953793
894,Mid-Market,control,15,1.049973738211516,870.0769072018861,1,870.0769072018861
1132,SMB,control,57,1.0168295518569748,295.7420600439377,0,0.0
1450,Mid-Market,treatment,13,1.1687779929943645,141.59743726281627,1,141.59743726281627
2908,Enterprise,control,80,1.0400770818478187,35.236041438858265,0,0.0
2908,Enterprise,control,74,1.0143601369504522,387.6635318487887,1,387.6635318487887
2908,Enterprise,control,31,1.067617788813609,298.2118539852984,1,298.2118539852984
2908,Enterprise,control,41,1.031148540790273,121.57250039981972,1,121.57250039981972
16,Mid-Market,control,71,0.9903844785347559,225.82947927289214,1,225.82947927289214
1951,Occasional,control,89,0.991745702747069,28.340248221414676,1,28.340248221414676
722,SMB,treatment,21,1.0563250927901109,93.20171111328692,1,93.20171111328692
722,SMB,treatment,46,1.0980379436568857,97.122619177652,1,97.122619177652
1421,SMB,control,62,0.9993311082414079,161.92347630276603,1,161.92347630276603
1421,SMB,control,59,0.9371030661101527,29.764457754879835,1,29.764457754879835
1421,SMB,control,41,1.0079476756098902,93.22495453490285,1,93.22495453490285
1421,SMB,control,75,0.9924565584736668,48.51855071088904,1,48.51855071088904
2634,SMB,control,81,1.0108827673859544,1042.5880896276406,1,1042.5880896276406
982,SMB,treatment,48,1.0460164427025878,49.845584069160694,1,49.845584069160694
1875,Occasional,treatment,46,1.0887979604398121,402.5891494605415,0,0.0
1540,SMB,treatment,29,1.058633315367134,37.67118370148216,1,37.67118370148216
2531,SMB,treatment,57,1.0633503309840668,241.59971214867625,1,241.59971214867625
1551,Mid-Market,treatment,55,1.0964456038552235,760.3086192868064,1,760.3086192868064
1551,Mid-Market,treatment,78,1.093460469619113,90.36634053754265,1,90.36634053754265
2423,SMB,control,50,0.9618691777645378,82.08561749368741,0,0.0
364,Mid-Market,control,56,0.9801853011285436,511.1227252330672,1,511.1227252330672
364,Mid-Market,control,57,1.0094559711442435,72.84649762902036,1,72.84649762902036
364,Mid-Market,control,50,0.994173707517274,37.89452505345673,1,37.89452505345673
2769,Occasional,treatment,35,1.0717986764102498,196.00944511645002,1,196.00944511645002
183,SMB,treatment,49,1.0755759408798207,48.388442966388006,1,48.388442966388006
986,Occasional,control,49,0.9548273501267058,81.96419722551369,1,81.96419722551369
1991,Mid-Market,control,11,0.9735235384795132,30.244718759145318,1,30.244718759145318
1991,Mid-Market,control,5,0.9600180047997082,53.917464633376326,1,53.917464633376326
1991,Mid-Market,control,35,0.9977942048689673,64.08553486664852,1,64.08553486664852
1991,Mid-Market,control,85,0.9590556143692414,147.6881508696015,1,147.6881508696015
1195,Occasional,treatment,81,1.0900514050060286,209.85641826528618,1,209.85641826528618
1770,SMB,control,0,0.9401303941580137,93.75426668533173,1,93.75426668533173
1676,Occasional,control,50,0.9479844989847875,39.257763147262075,1,39.257763147262075
1122,Mid-Market,control,43,1.0065898013519543,137.08529399147167,1,137.08529399147167
1122,Mid-Market,control,50,0.9693540644627249,283.50357662196365,1,283.50357662196365
188,Mid-Market,treatment,57,1.1494053557891402,36.47973275078664,1,36.47973275078664
620,Enterprise,control,53,1.0752078050649188,36.30055426157975,1,36.30055426157975
620,Enterprise,control,65,1.0702879633672535,191.0646741263223,1,191.0646741263223
620,Enterprise,control,89,1.0689247612119477,38.60353954902869,1,38.60353954902869
1613,SMB,treatment,42,1.0471253739823987,279.1648980657931,1,279.1648980657931
1176,SMB,control,76,0.9326650154020153,120.4988812080822,1,120.4988812080822
1183,Mid-Market,control,0,0.9453865189230037,91.39469732762171,0,0.0
1183,Mid-Market,control,57,0.9432126322298233,138.93100625370832,1,138.93100625370832
1183,Mid-Market,control,0,0.9808768748539545,415.622000548461,1,415.622000548461
1183,Mid-Market,control,10,1.004890609353485,61.157230943720556,1,61.157230943720556
2385,Enterprise,control,37,1.0236668884647255,85.70152139335163,1,85.70152139335163
2385,Enterprise,control,31,1.0071965028408976,80.84750284446696,1,80.84750284446696
2385,Enterprise,control,2,1.0296946928783828,80.40104744623319,1,80.40104744623319
2385,Enterprise,control,77,1.0538932492731872,489.40114887327576,1,489.40114887327576
2385,Enterprise,control,68,1.0396072557716283,65.31104872152687,1,65.31104872152687
2385,Enterprise,control,18,1.050385298421856,131.25790433754975,1,131.25790433754975
2385,Enterprise,control,48,1.0372833518890154,79.34773778935798,1,79.34773778935798
2385,Enterprise,control,35,1.0220824418428565,53.908923847709005,1,53.908923847709005
2716,Mid-Market,control,10,0.9966061384546927,139.40119567869849,1,139.40119567869849
2716,Mid-Market,control,64,0.978674735193939,89.04260117325109,1,89.04260117325109
615,Mid-Market,control,59,0.9803647140074427,44.428698770567266,1,44.428698770567266
615,Mid-Market,control,20,0.9503630662083457,92.97522489516072,1,92.97522489516072
615,Mid-Market,control,70,0.9901290808105053,50.526458290579,1,50.526458290579
615,Mid-Market,control,38,0.9889386689885454,191.9052647146443,1,191.9052647146443
1514,SMB,treatment,80,1.0902145439475068,152.1485676542688,0,0.0
1467,SMB,control,78,0.9920722183690521,95.80172594618615,1,95.80172594618615
402,Occasional,treatment,49,1.0390268489292653,749.2803778893061,1,749.2803778893061
995,Occasional,treatment,84,1.0408409026388916,128.27026576145184,1,128.27026576145184
935,SMB,control,71,1.0111247664447605,63.40006757842398,1,63.40006757842398
372,Mid-Market,control,45,1.0008953985223021,203.6496752200827,1,203.6496752200827
1923,SMB,treatment,30,1.096092853927308,76.49305930456839,1,76.49305930456839
2307,SMB,control,25,0.9052745997386776,77.82665916654634,1,77.82665916654634
2307,SMB,control,33,0.9331277006857902,562.6743023628813,1,562.6743023628813
2307,SMB,control,51,1.0045213846343524,257.0811027509447,1,257.0811027509447
594,SMB,control,32,1.0190395738348654,87.31477277470398,1,87.31477277470398
1911,Enterprise,treatment,42,1.193997895659214,17.393744974318672,1,17.393744974318672
1911,Enterprise,treatment,87,1.1693332454410137,84.89282707663011,1,84.89282707663011
1911,Enterprise,treatment,5,1.1720008195645975,108.51074790791625,1,108.51074790791625
1911,Enterprise,treatment,86,1.138908417337483,50.62096937569884,1,50.62096937569884
727,Mid-Market,treatment,80,1.1666209363262432,40.70351509722624,1,40.70351509722624
827,SMB,treatment,50,1.0546603095129576,154.70030508772624,1,154.70030508772624
1675,SMB,control,48,0.9483013943057099,208.86851911092603,0,0.0
688,Occasional,treatment,7,1.0931001374785325,176.52073467667694,1,176.52073467667694
688,Occasional,treatment,31,1.0016284416631478,72.04949547430986,1,72.04949547430986
2216,Mid-Market,control,50,0.9787175496464573,29.49934146050816,1,29.49934146050816
137,Occasional,treatment,50,1.089892694827206,306.22099552361595,1,306.22099552361595
2765,Enterprise,treatment,0,1.1687922308303826,197.6726610392084,1,197.6726610392084
2765,Enterprise,treatment,47,1.1728133102406078,137.4963759494419,0,0.0
2765,Enterprise,treatment,57,1.1507932814835453,88.2886447332782,1,88.2886447332782
2765,Enterprise,treatment,50,1.1444831753214313,1115.9970882201123,1,1115.9970882201123
629,SMB,control,34,0.9852696828617706,225.35773391505313,1,225.35773391505313
335,Mid-Market,control,62,0.9306486286105228,72.68338177409083,1,72.68338177409083
335,Mid-Market,control,25,0.9437186503674895,78.17160361217968,1,78.17160361217968
391,SMB,treatment,34,1.0619938389026742,47.76230060202451,1,47.76230060202451
2310,Occasional,control,56,0.9609235470798716,82.05967658020965,1,82.05967658020965
1110,Mid-Market,control,23,0.9870475927084035,44.955521968184186,1,44.955521968184186
1738,Mid-Market,treatment,6,1.1568028318834591,146.3270335050851,1,146.3270335050851
1738,Mid-Market,treatment,48,1.1277922941159924,96.18076851765142,1,96.18076851765142
2699,Mid-Market,control,43,0.9628998751060576,234.64562231512647,1,234.64562231512647
2699,Mid-Market,control,38,0.9952651355515026,59.086785781232074,1,59.086785781232074
711,Occasional,treatment,60,1.0781131960686594,35.99190147064208,1,35.99190147064208
1040,Mid-Market,control,60,1.01608336734917,66.06302403326933,1,66.06302403326933
2715,Occasional,control,71,0.9203892415233506,268.12096491874865,1,268.12096491874865
1851,Mid-Market,treatment,72,1.0983493515106966,405.8051555824421,1,405.8051555824421
1851,Mid-Market,treatment,14,1.0902068382844226,164.93368969151567,1,164.93368969151567
1851,Mid-Market,treatment,20,1.1347103952446196,60.090787576618474,1,60.090787576618474
1851,Mid-Market,treatment,87,1.1253016717346462,233.92759532065256,1,233.92759532065256
1851,Mid-Market,treatment,53,1.1409788855822383,309.8922058076311,1,309.8922058076311
2596,Occasional,control,3,0.966900497086312,245.2122360324698,0,0.0
1562,SMB,control,75,0.9987282421643371,59.40785001673686,1,59.40785001673686
1562,SMB,control,52,0.9833589204676401,327.5639613192999,0,0.0
2758,SMB,treatment,22,1.1227421540143192,1578.6967366401918,1,1578.6967366401918
1595,Occasional,control,60,0.9862610137780151,18.71162082054142,1,18.71162082054142
2751,Mid-Market,control,6,1.019856768480269,116.9586785621402,1,116.9586785621402
2751,Mid-Market,control,34,0.9549833304227577,168.8688831366548,1,168.8688831366548
1113,SMB,control,44,0.9742827593282858,241.54057089947128,1,241.54057089947128
466,SMB,control,40,0.9781169753091653,55.826043269544705,1,55.826043269544705
1561,Occasional,control,62,0.948570681112588,161.89995110820234,1,161.89995110820234
1224,SMB,control,22,0.9838039314127319,92.5695431890731,1,92.5695431890731
1954,Occasional,control,73,0.9907089560250555,293.3533558870253,1,293.3533558870253
2967,Mid-Market,control,10,0.9968135504880027,93.73191333725934,1,93.73191333725934
2967,Mid-Market,control,84,0.9817405720836523,185.4554601181175,1,185.4554601181175
2967,Mid-Market,control,84,1.002230103016621,220.81986206747007,1,220.81986206747007
2967,Mid-Market,control,43,0.9657675230155314,274.4396460117861,1,274.4396460117861
2349,Mid-Market,control,83,0.9953190339063682,112.92915832163222,1,112.92915832163222
1509,Mid-Market,control,39,0.9979227506122975,96.00933383821281,1,96.00933383821281
1105,Mid-Market,treatment,33,1.0749161761945683,72.86904193845626,1,72.86904193845626
1989,Occasional,control,49,0.9517478153679031,25.577159667146944,1,25.577159667146944
339,Mid-Market,control,16,0.9898360887637623,94.08277774119162,1,94.08277774119162
216,SMB,treatment,83,1.0537511763374567,52.88360598545853,1,52.88360598545853
216,SMB,treatment,67,1.028258889437518,429.47523605667595,1,429.47523605667595
1616,Mid-Market,treatment,28,1.1078484179634909,153.520344017383,1,153.520344017383
1616,Mid-Market,treatment,63,1.0842573412551733,151.24250768304088,1,151.24250768304088
1616,Mid-Market,treatment,53,1.1119077821177743,158.1018841644463,0,0.0
1616,Mid-Market,treatment,46,1.1119667059383456,45.60957278746843,1,45.60957278746843
1616,Mid-Market,treatment,11,1.086336425821445,26.93410680793099,1,26.93410680793099
1917,SMB,control,27,0.9282520083170558,226.82905882123885,1,226.82905882123885
1917,SMB,control,61,0.9778991874450408,90.51508387372614,1,90.51508387372614
2515,Mid-Market,control,70,0.9467901654593001,174.05086992036138,1,174.05086992036138
2805,Mid-Market,treatment,55,1.1981209808709403,210.838902441416,0,0.0
2805,Mid-Market,treatment,39,1.1497463287537928,56.42734664141432,1,56.42734664141432
1593,Occasional,treatment,74,1.0760603755944746,356.76392656014815,1,356.76392656014815
2241,Mid-Market,treatment,14,1.0904123488215822,1135.818697245186,1,1135.818697245186
2241,Mid-Market,treatment,81,1.1395245248835706,263.75633728141315,1,263.75633728141315
2241,Mid-Market,treatment,83,1.1458134489771643,100.68940755913037,1,100.68940755913037
1685,Mid-Market,treatment,83,1.105553795646949,102.83579717953792,0,0.0
2523,Mid-Market,control,64,0.9709626077157257,702.631821009986,1,702.631821009986
2523,Mid-Market,control,25,1.0049774162847,134.46605640180601,1,134.46605640180601
817,Occasional,treatment,28,1.0591855956884622,69.69360100761097,1,69.69360100761097
1068,SMB,treatment,51,1.0743169167450608,291.7001362879494,1,291.7001362879494
2004,SMB,treatment,80,1.0454877958181223,100.64547470084511,1,100.64547470084511
2004,SMB,treatment,1,1.0767527339386374,121.7423563373976,1,121.7423563373976
275,SMB,treatment,36,1.0296792529770424,36.58494323618662,1,36.58494323618662
275,SMB,treatment,53,1.0534273248108221,617.3971989999976,1,617.3971989999976
275,SMB,treatment,30,1.1109298105629304,146.88867638902562,0,0.0
2245,Mid-Market,treatment,29,1.147393135153304,15.916510137459829,1,15.916510137459829
866,Occasional,treatment,0,1.0523695078691737,84.22925104122228,0,0.0
102,SMB,control,62,0.986679390590779,93.36242065900427,1,93.36242065900427
102,SMB,control,2,1.0081008725114757,235.9262427888513,1,235.9262427888513
1502,Occasional,treatment,68,1.0867329198661155,362.369336209698,1,362.369336209698
2150,Mid-Market,treatment,27,1.1295308357162968,219.9147157598764,1,219.9147157598764
2150,Mid-Market,treatment,61,1.1446494375179104,140.16523657814867,1,140.16523657814867
2150,Mid-Market,treatment,56,1.059997005045268,339.6831521483407,1,339.6831521483407
2150,Mid-Market,treatment,4,1.1254656710791027,91.97776437322358,1,91.97776437322358
172,SMB,treatment,2,1.0709673742080708,384.90799551679424,0,0.0
172,SMB,treatment,20,1.076644654702057,65.71736569704309,1,65.71736569704309
108,Mid-Market,treatment,63,1.1538436820973081,45.36203590572278,1,45.36203590572278
108,Mid-Market,treatment,71,1.1051419035871417,747.220075232379,1,747.220075232379
108,Mid-Market,treatment,69,1.1157195330705234,297.23209684382203,1,297.23209684382203
1863,Occasional,treatment,86,1.06457581419224,34.8467288501722,1,34.8467288501722
1522,SMB,control,76,0.9881743933939777,61.607633099560495,1,61.607633099560495
1522,SMB,control,36,0.9869663895602675,212.20391151260867,1,212.20391151260867
1522,SMB,control,15,0.9459602673246806,135.6668487179104,1,135.6668487179104
1522,SMB,control,26,0.9663277185010581,87.52213979734464,1,87.52213979734464
2988,SMB,control,73,0.9856934064544801,124.66641248978073,1,124.66641248978073
2203,Occasional,treatment,7,1.045663789719345,96.27604504556334,0,0.0
2055,Mid-Market,treatment,87,1.0936871634106187,82.72161454427118,1,82.72161454427118
1765,Mid-Market,control,32,0.9739851237521159,45.72139455236304,1,45.72139455236304
1765,Mid-Market,control,77,0.9825542356373592,409.3162663891819,1,409.3162663891819
1765,Mid-Market,control,53,0.9839396658143229,40.24770871362575,1,40.24770871362575
1765,Mid-Market,control,18,0.9840930065037234,50.87017898148801,0,0.0
2034,Mid-Market,treatment,19,1.0658050227351787,241.84806006997806,1,241.84806006997806
2034,Mid-Market,treatment,3,1.121877501605373,50.32957766828585,0,0.0
2034,Mid-Market,treatment,15,1.0992746918605003,142.62547835461183,1,142.62547835461183
2034,Mid-Market,treatment,66,1.1582188110416238,476.1410784516746,1,476.1410784516746
2034,Mid-Market,treatment,32,1.062789157776502,600.4944793140638,1,600.4944793140638
2034,Mid-Market,treatment,15,1.1141395565338281,260.18252849847505,1,260.18252849847505
1963,SMB,control,55,0.9762373329615534,208.2064465314494,0,0.0
2251,SMB,treatment,4,1.0969474994308583,80.10922787426328,1,80.10922787426328
2341,Mid-Market,control,73,1.0272826582739658,89.72437002938102,1,89.72437002938102
2576,SMB,control,17,0.9869690233707661,46.68126216899423,1,46.68126216899423
2576,SMB,control,8,1.000526843000925,138.45877674523447,1,138.45877674523447
1925,Mid-Market,control,0,0.9811042214191257,219.42889531405567,1,219.42889531405567
1925,Mid-Market,control,54,0.9416397833848916,325.11899258898035,1,325.11899258898035
1925,Mid-Market,control,82,0.9477205567652803,70.62999485605381,1,70.62999485605381
1925,Mid-Market,control,37,0.9837560423752322,110.06908017411331,0,0.0
1925,Mid-Market,control,31,1.0395466046353008,370.4121064181736,1,370.4121064181736
1925,Mid-Market,control,35,1.0547021102442626,140.0175102703752,1,140.0175102703752
296,Occasional,treatment,24,1.0673292856239207,403.9237030262996,1,403.9237030262996
713,SMB,treatment,62,1.0551572978415096,222.76638837934067,0,0.0
713,SMB,treatment,12,1.0880218886967064,69.66535682534891,1,69.66535682534891
713,SMB,treatment,38,1.09548684817275,109.55398831886548,1,109.55398831886548
73,Occasional,treatment,11,1.080581539556228,46.41112920718648,1,46.41112920718648
1953,SMB,control,14,0.9327164640243831,56.63327695920554,1,56.63327695920554
2270,Occasional,treatment,81,0.9869658949830468,181.17355825321866,0,0.0
2562,SMB,treatment,53,1.0801923057808436,926.4396689997395,0,0.0
2562,SMB,treatment,32,1.0632490525809717,143.3470492703637,1,143.3470492703637
2886,Mid-Market,treatment,85,1.1418144101220455,431.37167427426533,1,431.37167427426533
482,Mid-Market,control,24,0.9761773818814898,65.28303664831685,1,65.28303664831685
482,Mid-Market,control,82,0.9930715629906267,371.1851277537825,1,371.1851277537825
2219,Occasional,treatment,39,1.0693891462422422,195.89149960206876,1,195.89149960206876
1531,Mid-Market,control,29,0.9448189640555812,164.62567159950842,1,164.62567159950842
1531,Mid-Market,control,64,0.9746545744565807,61.930642148584454,1,61.930642148584454
1531,Mid-Market,control,38,0.9523267379060553,82.88418695545774,1,82.88418695545774
1531,Mid-Market,control,0,0.9310060543846667,333.1567671143144,1,333.1567671143144
2116,Occasional,control,45,0.925183470678492,135.6298000190896,0,0.0
1515,Occasional,treatment,72,1.0508612665462542,170.54639281593913,1,170.54639281593913
1515,Occasional,treatment,52,1.099444663556205,72.9120950250072,1,72.9120950250072
2961,SMB,treatment,10,1.028753868830943,161.34570460274756,1,161.34570460274756
1491,Enterprise,treatment,10,1.1619165752297997,152.2883165724777,0,0.0
1491,Enterprise,treatment,65,1.1438460747882797,349.0832634920274,1,349.0832634920274
1491,Enterprise,treatment,53,1.2044781514923726,106.11318683579347,1,106.11318683579347
1491,Enterprise,treatment,53,1.1153220526256384,67.22822888063766,1,67.22822888063766
1172,SMB,treatment,17,1.102140867063818,491.0958726547886,1,491.0958726547886
2453,SMB,control,18,0.9713826343010836,47.89030720597713,1,47.89030720597713
2430,SMB,treatment,57,1.0533669512621289,766.5836061957264,1,766.5836061957264
2430,SMB,treatment,85,1.0873935223692288,98.49999023870241,1,98.49999023870241
2074,Occasional,treatment,46,1.0612179831578838,52.64471954434748,0,0.0
2217,Mid-Market,control,80,0.97553421355053,58.32194476085768,1,58.32194476085768
2217,Mid-Market,control,7,0.9852800641845982,126.49912335088845,1,126.49912335088845
2217,Mid-Market,control,76,0.9994671538048018,120.63844531347468,1,120.63844531347468
2272,SMB,control,18,0.9335663808443609,39.1135021589265,1,39.1135021589265
2272,SMB,control,40,1.0235113825496236,64.41070788076004,1,64.41070788076004
406,Occasional,treatment,34,1.0580178250741767,95.69457694132998,1,95.69457694132998
758,Occasional,control,41,0.9302779145481526,292.88389910803346,1,292.88389910803346
1957,SMB,control,31,0.9669902625647935,168.08540141940026,1,168.08540141940026
1957,SMB,control,3,0.9765449399528795,124.64863797272278,1,124.64863797272278
2185,SMB,control,88,0.9627819773243644,84.11797436369046,1,84.11797436369046
2185,SMB,control,75,0.9713364844479746,70.11703656959763,1,70.11703656959763
2185,SMB,control,34,1.006893064976766,83.15166005750815,1,83.15166005750815
1952,Enterprise,control,42,1.0632870312445926,41.57972179083965,1,41.57972179083965
1952,Enterprise,control,50,1.0382003954096488,82.05807160205416,0,0.0
98,Mid-Market,treatment,45,1.0909482424273012,351.1396552640882,1,351.1396552640882
1334,Occasional,treatment,13,1.1135079438491255,61.23027741966105,1,61.23027741966105
2390,Enterprise,control,42,0.9891524396789423,38.72614041040626,1,38.72614041040626
2390,Enterprise,control,33,1.0382186961607276,212.36316532266434,1,212.36316532266434
744,Enterprise,control,21,1.0615412106218223,106.5678421105335,1,106.5678421105335
744,Enterprise,control,23,1.0404194683854422,44.9308605199413,1,44.9308605199413
744,Enterprise,control,12,1.0479085341822842,198.53099107422838,1,198.53099107422838
744,Enterprise,control,13,1.0893910660074153,143.56045649864555,1,143.56045649864555
744,Enterprise,control,27,1.0516391106851777,191.76637091729268,1,191.76637091729268
744,Enterprise,control,10,1.1115211066022852,106.92790011295338,1,106.92790011295338
744,Enterprise,control,22,0.9956465954430884,582.7057263610825,1,582.7057263610825
744,Enterprise,control,29,1.0341474998528064,329.95927250152835,1,329.95927250152835
807,SMB,treatment,38,1.0883541389760818,388.0182181066237,1,388.0182181066237
2770,Occasional,control,4,0.9836415299649841,41.22233874529989,0,0.0
1897,SMB,treatment,38,1.0359698429365725,18.227474359209623,1,18.227474359209623
2500,SMB,control,89,0.9643007067902742,607.679997081986,1,607.679997081986
2500,SMB,control,42,1.0001160508712381,165.20366458487652,0,0.0
1536,SMB,treatment,13,1.0542798567847824,295.12359065276104,1,295.12359065276104
2051,Occasional,control,33,0.9308044905221373,166.3351626159834,1,166.3351626159834
2011,Enterprise,treatment,79,1.1809505503919755,45.407744430831386,0,0.0
2011,Enterprise,treatment,6,1.196740073547459,202.97482040045554,1,202.97482040045554
2011,Enterprise,treatment,18,1.1335509025469768,249.0108896838428,1,249.0108896838428
2011,Enterprise,treatment,6,1.13692964681522,182.3472056749606,1,182.3472056749606
2011,Enterprise,treatment,72,1.1897455805521506,71.65828312497248,1,71.65828312497248
2011,Enterprise,treatment,57,1.112695787256429,187.05346453745008,1,187.05346453745008
149,SMB,control,49,0.9357755391036869,34.91629586267035,1,34.91629586267035
2555,Mid-Market,treatment,42,1.1298264998815055,139.63484379005882,1,139.63484379005882
2054,Occasional,treatment,88,1.0218203532809298,256.21169415333566,0,0.0
1903,Occasional,control,49,0.9673595158807986,72.22832724486945,1,72.22832724486945
1316,SMB,treatment,79,1.0459185080522855,244.72659467984556,1,244.72659467984556
693,Mid-Market,control,3,0.9456939180703906,62.59736278297916,1,62.59736278297916
693,Mid-Market,control,9,0.9446423211967646,42.22988314459091,1,42.22988314459091
693,Mid-Market,control,80,0.981653055041057,218.77146294093575,1,218.77146294093575
693,Mid-Market,control,0,0.9984739038542314,55.67575301954235,1,55.67575301954235
693,Mid-Market,control,63,0.9654846620106345,96.33210241763081,1,96.33210241763081
819,SMB,treatment,3,1.0928606187426908,607.8594829782809,0,0.0
1729,Enterprise,control,70,1.1236321693117564,101.9928619454132,1,101.9928619454132
1729,Enterprise,control,67,1.0815981834883945,64.32874419321898,1,64.32874419321898
1729,Enterprise,control,6,1.0844702171711464,488.30519131307204,1,488.30519131307204
1387,SMB,treatment,21,1.066191063517524,53.02102962581069,1,53.02102962581069
2282,Mid-Market,treatment,53,1.1499132198753295,428.88988927288835,1,428.88988927288835
2282,Mid-Market,treatment,18,1.101520270514012,516.3393362924296,1,516.3393362924296
2734,Mid-Market,control,74,0.9778391265541226,113.10129284733644,1,113.10129284733644
2734,Mid-Market,control,55,1.0434178712008968,118.79984828312224,1,118.79984828312224
2734,Mid-Market,control,31,0.988531339389854,1251.2653621969182,1,1251.2653621969182
2734,Mid-Market,control,1,0.9792567336535319,97.43877851006451,1,97.43877851006451
2734,Mid-Market,control,42,1.0031397446340167,230.287646457406,1,230.287646457406
1600,Mid-Market,treatment,62,1.073378165476032,507.9475206844713,1,507.9475206844713
1600,Mid-Market,treatment,64,1.1238337069123274,71.12086058532873,1,71.12086058532873
1600,Mid-Market,treatment,33,1.1727667930938228,217.05836090592902,0,0.0
2611,Occasional,control,65,0.9706980733457465,72.23239516923323,1,72.23239516923323
2458,Mid-Market,control,33,0.9287875322261628,274.6283272589668,1,274.6283272589668
2458,Mid-Market,control,7,0.9861010943130244,64.12490751242555,0,0.0
2458,Mid-Market,control,46,0.9647261337429627,89.29008275376,1,89.29008275376
2458,Mid-Market,control,61,0.9768692724634976,82.01714686841831,1,82.01714686841831
2458,Mid-Market,control,74,1.010686565408842,237.48889828743694,0,0.0
702,Mid-Market,control,65,0.9816361709193042,222.2336703763512,1,222.2336703763512
702,Mid-Market,control,69,0.9992988676159791,797.3920557801167,1,797.3920557801167
1879,SMB,control,43,0.959694030595293,57.99821334771866,1,57.99821334771866
2657,Mid-Market,control,80,0.993083956079481,97.55094174468299,1,97.55094174468299
2657,Mid-Market,control,70,0.9762792995727163,84.91311673187074,1,84.91311673187074
2657,Mid-Market,control,76,0.996351929836953,254.07026663927138,1,254.07026663927138
2657,Mid-Market,control,17,0.9943691807836387,52.94374568193363,1,52.94374568193363
922,Occasional,treatment,60,1.0548424243405008,43.90521885744927,1,43.90521885744927
1425,Mid-Market,treatment,52,1.0777664980297648,182.83935868349855,1,182.83935868349855
1425,Mid-Market,treatment,60,1.1753695422146322,105.80736708106325,1,105.80736708106325
1425,Mid-Market,treatment,17,1.1357644463615204,358.93691502989617,1,358.93691502989617
1709,Occasional,control,49,0.9624515524644737,42.74655483723146,1,42.74655483723146
906,SMB,control,48,0.9667336384216357,94.83745500475149,1,94.83745500475149
906,SMB,control,8,0.951590397410582,75.31073457278359,0,0.0
455,Mid-Market,control,46,0.9979814740841992,180.10847339379765,1,180.10847339379765
2186,Mid-Market,treatment,53,1.0909262239265636,33.13788183799161,0,0.0
2186,Mid-Market,treatment,43,1.0761717857655702,93.0843350900737,1,93.0843350900737
2186,Mid-Market,treatment,6,1.161167296035599,872.2674629127515,1,872.2674629127515
2186,Mid-Market,treatment,54,1.1123653290251119,125.89560119476045,1,125.89560119476045
2186,Mid-Market,treatment,33,1.1023889971848395,228.41529365468182,1,228.41529365468182
2186,Mid-Market,treatment,86,1.1298548045568302,238.4787861123395,1,238.4787861123395
2305,SMB,control,77,0.9691884973306407,71.31400357542724,1,71.31400357542724
1772,SMB,control,63,0.9242122108855364,46.9019647722045,1,46.9019647722045
1772,SMB,control,89,0.9553401967855736,379.11966364228965,1,379.11966364228965
168,SMB,treatment,42,1.0427466308162519,588.3174156719167,1,588.3174156719167
731,Mid-Market,control,12,1.0077691314878796,85.36184468435842,1,85.36184468435842
2189,Mid-Market,control,80,0.9653452730076278,110.22600384359673,1,110.22600384359673
2189,Mid-Market,control,20,1.0076861721996895,41.85353922599722,1,41.85353922599722
2189,Mid-Market,control,64,0.9952373534049841,121.73933384729058,1,121.73933384729058
1311,Mid-Market,control,88,0.969626227998985,108.94425904181205,1,108.94425904181205
1311,Mid-Market,control,60,0.9355140034574035,57.34065782016865,1,57.34065782016865
27,SMB,treatment,51,1.0471950127715552,186.42809377091416,1,186.42809377091416
27,SMB,treatment,73,1.0665814327587533,233.89465280422587,1,233.89465280422587
27,SMB,treatment,53,1.063712510514666,213.53305381261274,1,213.53305381261274
27,SMB,treatment,78,1.0571654013658551,25.89304309646125,1,25.89304309646125
27,SMB,treatment,43,1.056569372657403,91.51428275879832,1,91.51428275879832
27,SMB,treatment,9,1.042382617584479,84.02970954919479,0,0.0
2060,Enterprise,control,3,1.0743920250766414,145.50310409757662,1,145.50310409757662
2060,Enterprise,control,42,1.0371627309453395,171.01869658983557,1,171.01869658983557
2060,Enterprise,control,37,1.0819346365398557,171.50114706131822,1,171.50114706131822
2060,Enterprise,control,41,1.0187059140908528,110.70375185433564,1,110.70375185433564
1653,Mid-Market,control,64,0.9898797223383389,95.89744075760663,1,95.89744075760663
1653,Mid-Market,control,81,1.0188776507545316,326.73701202685425,1,326.73701202685425
1623,SMB,treatment,73,1.0750202905182753,152.52230125026364,1,152.52230125026364
588,Mid-Market,control,57,1.0231130543827511,151.5843787578586,1,151.5843787578586
588,Mid-Market,control,43,1.0056194953223008,134.0560480310208,0,0.0
2017,Mid-Market,treatment,55,1.107993196687135,424.43698280488616,1,424.43698280488616
998,Enterprise,control,7,1.0744908799392543,112.9100485596835,1,112.9100485596835
998,Enterprise,control,16,1.002680042143486,279.3543152961191,1,279.3543152961191
998,Enterprise,control,0,0.9792222324919599,107.99911589768254,1,107.99911589768254
1177,SMB,control,39,0.9638456127967004,91.81086799027432,1,91.81086799027432
1701,Occasional,treatment,72,1.0574676976520925,43.59174564991779,0,0.0
1041,Mid-Market,treatment,77,1.1237806891183562,83.26757994001005,1,83.26757994001005
34,Mid-Market,control,20,0.9443066399911387,135.40282654226306,1,135.40282654226306
1810,Mid-Market,treatment,68,1.1564346984773226,298.5640028866773,1,298.5640028866773
2627,SMB,control,28,1.023952549329918,514.3705279601435,1,514.3705279601435
2627,SMB,control,43,0.9748031848981809,132.3314760151202,1,132.3314760151202
2627,SMB,control,34,1.0024310012258737,329.3562248504774,1,329.3562248504774
2627,SMB,control,30,0.9747850504483908,104.60179914048118,1,104.60179914048118
2627,SMB,control,29,0.920938375006759,991.6080196107672,1,991.6080196107672
1380,Mid-Market,control,74,0.9321708110555177,51.50208986020374,1,51.50208986020374
42,Occasional,treatment,41,1.0895314804623044,472.2270630541906,1,472.2270630541906
1792,Mid-Market,control,3,0.9723982570557166,63.90759062108781,1,63.90759062108781
1792,Mid-Market,control,52,0.9862874405703163,125.74187535731829,1,125.74187535731829
1792,Mid-Market,control,57,1.0376203413532838,191.53090178501714,1,191.53090178501714
1792,Mid-Market,control,21,1.0147673134389814,154.5935225628923,1,154.5935225628923
1792,Mid-Market,control,49,1.013055480520982,180.16288211943174,1,180.16288211943174
1792,Mid-Market,control,28,0.9583397681457972,29.752135653526672,1,29.752135653526672
2190,Occasional,treatment,66,1.051111908244831,339.2746282177375,1,339.2746282177375
2607,SMB,treatment,31,1.092330943661579,146.31197286063005,1,146.31197286063005
1973,SMB,control,36,0.9972842199876132,85.81504555263126,1,85.81504555263126
1973,SMB,control,74,0.9941356815872827,915.5706385095677,1,915.5706385095677
2290,Mid-Market,control,9,1.0164998200105524,381.2960190480822,1,381.2960190480822
2290,Mid-Market,control,65,0.9921233072779839,101.77243179361166,1,101.77243179361166
1926,Enterprise,control,29,1.0178233175139662,393.2886504376264,1,393.2886504376264
1926,Enterprise,control,50,1.0316809903555737,81.39532875030181,1,81.39532875030181
1926,Enterprise,control,57,1.045328112397253,994.761950470718,1,994.761950470718
1926,Enterprise,control,30,1.058692252843432,376.5898803701171,1,376.5898803701171
1926,Enterprise,control,7,1.047807095194639,184.96018784895418,1,184.96018784895418
610,SMB,control,47,0.9804562554466193,817.8070953454068,1,817.8070953454068
1133,Mid-Market,control,56,1.040887166432377,168.62505930178844,1,168.62505930178844
1133,Mid-Market,control,40,1.037433236951857,152.17086357694967,1,152.17086357694967
29,Mid-Market,treatment,41,1.1782353595700055,106.53563305688837,1,106.53563305688837
29,Mid-Market,treatment,27,1.0662170822915376,350.4059219306646,0,0.0
442,Mid-Market,control,70,0.9797377595602229,33.04108713801557,0,0.0
442,Mid-Market,control,15,0.9480803265429395,101.42986869133794,1,101.42986869133794
442,Mid-Market,control,3,1.01081683855831,166.46239217414484,0,0.0
2356,SMB,control,37,0.9840894626481942,48.954791619554726,1,48.954791619554726
2356,SMB,control,30,0.942283447517778,58.90923789644176,1,58.90923789644176
2799,SMB,control,60,0.9883987998766496,272.9150362865294,1,272.9150362865294
494,Mid-Market,control,88,1.0189017032036958,54.31766402277399,1,54.31766402277399
494,Mid-Market,control,45,0.9865606612415199,246.39007615666216,1,246.39007615666216
494,Mid-Market,control,15,1.0313877615016929,262.0734627303611,1,262.0734627303611
1259,SMB,treatment,39,1.0883739684580596,258.82891061453904,1,258.82891061453904
1302,SMB,control,47,1.007117659267474,41.06488708244501,1,41.06488708244501
2366,SMB,treatment,61,1.0961443535995854,168.35259219129233,1,168.35259219129233
1383,SMB,treatment,33,1.1386703127918787,151.69256872493068,1,151.69256872493068
1305,SMB,control,47,0.9909579512783567,92.29598863351953,1,92.29598863351953
237,SMB,control,50,0.9285841000301305,683.5559271517352,1,683.5559271517352
237,SMB,control,47,0.9840898231728691,165.16147413236988,1,165.16147413236988
237,SMB,control,27,0.997385783882345,274.6205998360856,1,274.6205998360856
552,Mid-Market,control,61,0.9764335334385421,183.9236294521404,1,183.9236294521404
521,Occasional,treatment,3,1.116053420653695,144.6931624069007,1,144.6931624069007
2447,Enterprise,treatment,61,1.2137070699521089,141.263792678194,1,141.263792678194
2447,Enterprise,treatment,89,1.1462909727629023,99.72985867948705,0,0.0
2447,Enterprise,treatment,2,1.1909990813968374,338.0208010745317,1,338.0208010745317
1233,Mid-Market,treatment,39,1.1351651934246327,174.72279839496588,0,0.0
1139,Enterprise,treatment,41,1.1838066596715264,188.5330197619753,1,188.5330197619753
1139,Enterprise,treatment,67,1.19684621717926,170.087299961607,1,170.087299961607
1139,Enterprise,treatment,27,1.1860606549409856,396.6012130565324,1,396.6012130565324
721,SMB,treatment,46,1.0562482467106213,102.29664469338175,0,0.0
736,SMB,treatment,56,1.0517269668448659,120.62373276423538,1,120.62373276423538
2654,SMB,treatment,32,1.0894350688637862,122.7061209526602,1,122.7061209526602
1751,SMB,control,28,0.9365483164064983,115.79146533190428,1,115.79146533190428
59,Mid-Market,treatment,65,1.0954680143372446,295.88110882011887,1,295.88110882011887
59,Mid-Market,treatment,79,1.1130271136780299,127.24961185626282,1,127.24961185626282
59,Mid-Market,treatment,84,1.1090242741476974,461.4425440769878,1,461.4425440769878
632,SMB,treatment,86,1.0300094731421792,704.5245652216103,1,704.5245652216103
1182,Mid-Market,treatment,24,1.134726368700829,115.83964146834951,1,115.83964146834951
1182,Mid-Market,treatment,32,1.115062029795466,272.49403152174443,0,0.0
1182,Mid-Market,treatment,21,1.1336600524622864,278.933517284472,1,278.933517284472
2204,Mid-Market,treatment,11,1.1176409396869589,312.34694335369556,1,312.34694335369556
2204,Mid-Market,treatment,81,1.1031255006290484,314.8269794185959,1,314.8269794185959
2204,Mid-Market,treatment,84,1.1031499319862736,748.0557100485818,1,748.0557100485818
593,Mid-Market,treatment,6,1.1900566848520038,122.05471256331207,1,122.05471256331207
1304,Mid-Market,treatment,11,1.1303888491351124,196.66979991937598,0,0.0
1304,Mid-Market,treatment,10,1.0985253310434648,39.56164170249724,1,39.56164170249724
1304,Mid-Market,treatment,29,1.112714193394097,136.383220672139,1,136.383220672139
1304,Mid-Market,treatment,40,1.1579115345274191,159.4497645830073,1,159.4497645830073
1304,Mid-Market,treatment,60,1.1040496834928035,46.13078279423015,1,46.13078279423015
1388,Mid-Market,treatment,70,1.1150055343691179,35.76259839311169,1,35.76259839311169
1388,Mid-Market,treatment,37,1.138862122241238,232.2975251516398,1,232.2975251516398
1388,Mid-Market,treatment,2,1.1482240642986972,60.26455659656256,0,0.0
1388,Mid-Market,treatment,40,1.1280858271709968,28.75207704864102,1,28.75207704864102
1388,Mid-Market,treatment,13,1.1421537431207203,53.819266867566306,1,53.819266867566306
1388,Mid-Market,treatment,83,1.1077122476132018,132.41974412367244,1,132.41974412367244
