customer_id,true_segment,true_beta,signup_date,industry,region,contract_type,tenure_days_at_cutoff,n_quotes_12m,n_accepted_12m,avg_price_ratio_12m,revenue_12m,express_share_12m,acceptance_rate_12m,price_ratio_trend,churned
1,SMB,8.548,2023-09-14,Pharma,West,Spot,706,3.0,3.0,1.0249,233.35000000000002,0.0,1.0,0.10299999999999987,0
2,SMB,7.251,2023-03-04,Industrial,West,Spot,900,5.0,5.0,0.9871800000000001,947.0899999999999,0.2,1.0,,0
3,Occasional,10.284,2023-05-12,Apparel,Northeast,Spot,831,2.0,2.0,0.96345,104.83000000000001,0.0,1.0,,0
4,SMB,10.525,2021-05-21,Retail,Southeast,Spot,1552,5.0,2.0,1.07238,396.57,0.2,0.4,,0
5,Mid-Market,4.554,2024-12-04,Apparel,Midwest,Spot,259,7.0,7.0,0.9541000000000001,917.65,0.2857142857142857,1.0,,0
6,Occasional,10.977,2019-06-17,Retail,Southeast,Spot,2256,4.0,4.0,0.876125,794.88,0.25,1.0,,1
7,SMB,5.169,2019-09-19,Automotive,Northeast,Spot,2162,5.0,4.0,0.9129200000000001,1010.0799999999999,0.4,0.8,,0
8,SMB,5.773,2024-09-15,Electronics,Northeast,Spot,339,4.0,4.0,1.018525,928.9300000000001,0.75,1.0,,0
9,Mid-Market,5.092,2019-06-16,Manufacturing,Northeast,Spot,2257,10.0,10.0,1.05145,1409.8400000000001,0.4,1.0,0.13234999999999975,0
10,SMB,7.103,2020-04-12,Electronics,Northeast,Spot,1956,7.0,6.0,1.0415571428571428,1937.5900000000001,0.42857142857142855,0.8571428571428571,,0
11,Mid-Market,5.099,2020-02-26,Apparel,Southeast,Spot,2002,11.0,10.0,0.9876090909090909,3499.2500000000005,0.2727272727272727,0.9090909090909091,0.03490000000000015,0
12,Occasional,6.171,2019-03-22,Automotive,West,Spot,2343,2.0,2.0,0.93415,362.68,0.5,1.0,,1
13,SMB,7.077,2019-10-12,Pharma,Midwest,Contract,2139,2.0,2.0,0.9325,404.77,0.5,1.0,0.0025999999999999357,0
14,SMB,8.94,2022-10-26,Manufacturing,Southeast,Spot,1029,5.0,5.0,0.9647400000000002,1617.5800000000002,0.0,1.0,0.11119999999999997,0
15,SMB,5.798,2023-05-30,Industrial,West,Spot,813,5.0,5.0,0.95526,552.71,0.4,1.0,-0.055400000000000116,0
16,Mid-Market,5.209,2019-07-22,Automotive,Midwest,Contract,2221,7.0,7.0,1.0217571428571428,1961.61,0.14285714285714285,1.0,-0.12770000000000015,0
17,SMB,7.686,2025-04-13,Food & Beverage,Northeast,Spot,129,1.0,1.0,1.0653,235.34,0.0,1.0,,0
18,Enterprise,3.128,2019-08-22,Pharma,Northeast,Contract,2190,16.0,14.0,1.0089625,2205.16,0.25,0.875,0.09365333333333348,0
19,SMB,7.995,2023-07-31,Industrial,Northeast,Spot,751,2.0,2.0,1.072,474.56,0.0,1.0,,0
20,SMB,7.446,2024-05-02,Food & Beverage,Midwest,Spot,475,9.0,9.0,0.9677666666666666,1697.26,0.0,1.0,-0.06286999999999987,0
21,SMB,5.447,2022-06-22,Retail,Midwest,Spot,1155,5.0,5.0,0.96404,476.91999999999996,0.0,1.0,,0
22,Mid-Market,4.02,2022-04-12,Manufacturing,Southeast,Contract,1226,16.0,15.0,0.9442875000000001,2097.65,0.0625,0.9375,0.01388333333333347,0
23,Occasional,9.78,2019-09-23,Pharma,Midwest,Spot,2158,6.0,5.0,1.0034333333333334,346.71999999999997,0.16666666666666666,0.8333333333333334,-0.16680000000000006,0
24,Occasional,10.334,2020-08-11,Industrial,International,Spot,1835,1.0,1.0,0.9699,92.4,0.0,1.0,,0
25,SMB,8.289,2024-09-02,Apparel,Southeast,Contract,352,5.0,5.0,0.9854800000000001,1864.77,0.2,1.0,-0.046766666666666734,0
26,Mid-Market,4.906,2021-04-28,Pharma,Midwest,Contract,1575,12.0,11.0,0.9454166666666666,2266.5899999999997,0.16666666666666666,0.9166666666666666,-0.06594999999999984,0
27,SMB,8.075,2019-03-25,Electronics,Midwest,Spot,2340,6.0,6.0,0.95425,619.22,0.16666666666666666,1.0,0.11540000000000006,0
28,Enterprise,2.222,2023-11-11,Food & Beverage,West,Contract,648,17.0,15.0,1.0478058823529413,3121.06,0.11764705882352941,0.8823529411764706,0.00835000000000008,0
29,Mid-Market,3.812,2023-07-23,Retail,West,Spot,759,14.0,13.0,0.9892500000000001,3912.0899999999997,0.21428571428571427,0.9285714285714286,-0.014900000000000135,0
30,SMB,7.32,2019-06-11,Electronics,West,Spot,2262,3.0,3.0,1.0015333333333334,378.0,0.6666666666666666,1.0,,0
31,SMB,6.845,2019-05-05,Pharma,Northeast,Spot,2299,6.0,6.0,0.9498666666666667,736.83,0.0,1.0,-0.0027000000000000357,0
33,Mid-Market,4.042,2019-05-04,Industrial,West,Contract,2300,11.0,11.0,0.9408272727272727,2733.64,0.18181818181818182,1.0,-0.02960000000000007,0
34,Mid-Market,3.774,2023-02-09,Automotive,Southeast,Contract,923,7.0,7.0,0.9876571428571428,896.86,0.5714285714285714,1.0,-0.049350000000000116,0
35,SMB,6.871,2019-11-19,Retail,International,Spot,2101,6.0,5.0,0.9976666666666666,935.91,0.16666666666666666,0.8333333333333334,0.04466666666666663,0
36,Mid-Market,3.53,2023-01-17,Automotive,Southeast,Contract,946,9.0,8.0,0.9599555555555556,1716.19,0.2222222222222222,0.8888888888888888,0.12782500000000008,0
37,Mid-Market,5.558,2020-03-04,Manufacturing,Midwest,Spot,1995,8.0,6.0,1.01205,1313.46,0.5,0.75,-0.07507500000000011,0
39,Mid-Market,5.22,2023-11-03,Industrial,Southeast,Spot,656,9.0,9.0,0.9564222222222223,1528.9299999999998,0.1111111111111111,1.0,0.06149999999999989,0
40,SMB,7.369,2021-07-01,Industrial,West,Spot,1511,5.0,5.0,0.9513999999999999,955.91,0.2,1.0,,0
41,SMB,6.637,2021-11-09,Apparel,Northeast,Spot,1380,5.0,4.0,0.9584400000000001,730.24,0.0,0.8,0.08240000000000003,0
42,Occasional,6.863,2019-06-08,Electronics,Midwest,Spot,2265,1.0,1.0,0.9491,488.76,0.0,1.0,,0
43,SMB,5.582,2019-05-14,Pharma,Midwest,Contract,2290,9.0,9.0,0.9315444444444445,2161.75,0.1111111111111111,1.0,0.03871666666666662,0
44,Mid-Market,5.479,2022-08-01,Apparel,West,Contract,1115,12.0,11.0,0.9682833333333334,1602.1199999999997,0.08333333333333333,0.9166666666666666,,0
45,Occasional,10.309,2019-02-25,Pharma,Midwest,Spot,2368,2.0,2.0,0.9279999999999999,122.31,0.5,1.0,,1
46,SMB,5.342,2023-04-04,Food & Beverage,International,Spot,869,4.0,4.0,0.9385,992.1700000000001,0.25,1.0,-0.01660000000000006,0
47,Mid-Market,4.635,2021-07-20,Food & Beverage,West,Contract,1492,15.0,14.0,0.9670266666666667,2517.7900000000004,0.06666666666666667,0.9333333333333333,-0.09966000000000008,0
48,Mid-Market,5.299,2019-12-06,Pharma,Southeast,Spot,2084,14.0,13.0,0.9985857142857143,3315.5,0.21428571428571427,0.9285714285714286,-0.014399999999999968,0
49,SMB,5.698,2022-07-28,Retail,West,Spot,1119,2.0,2.0,1.0328,1232.96,0.0,1.0,,0
50,Mid-Market,3.015,2022-09-08,Industrial,International,Spot,1077,8.0,8.0,0.9488375,1494.51,0.125,1.0,0.017100000000000115,0
51,Mid-Market,5.377,2023-12-23,Retail,Southeast,Contract,606,11.0,11.0,1.0008636363636363,4067.8199999999997,0.18181818181818182,1.0,0.12112999999999996,0
52,Enterprise,1.23,2020-04-26,Industrial,Midwest,Contract,1942,19.0,19.0,1.0179263157894738,4988.12,0.10526315789473684,1.0,0.01440000000000019,0
53,SMB,6.867,2022-08-25,Retail,Southeast,Contract,1091,5.0,3.0,0.9077400000000001,321.73,0.0,0.6,-0.08800000000000008,0
54,SMB,6.568,2024-08-18,Pharma,Midwest,Spot,367,9.0,9.0,0.9681444444444445,2219.1899999999996,0.3333333333333333,1.0,-0.08515000000000006,0
55,SMB,6.858,2020-10-19,Food & Beverage,Northeast,Spot,1766,7.0,7.0,0.9899428571428572,1704.7700000000002,0.42857142857142855,1.0,0.11290000000000022,0
56,SMB,7.201,2024-07-26,Pharma,West,Contract,390,5.0,5.0,1.03586,1199.81,0.4,1.0,,1
57,SMB,5.847,2023-10-28,Food & Beverage,Southeast,Spot,662,5.0,4.0,0.95024,248.25,0.0,0.8,0.13960000000000006,0
58,SMB,8.359,2021-11-12,Industrial,Midwest,Spot,1377,4.0,4.0,1.021625,510.9,0.5,1.0,,0
59,Mid-Market,4.759,2024-11-20,Retail,Northeast,Spot,273,7.0,6.0,0.9793142857142857,1058.54,0.2857142857142857,0.8571428571428571,,0
61,SMB,6.279,2020-07-30,Apparel,Midwest,Spot,1847,5.0,4.0,0.94658,425.12999999999994,0.4,0.8,-0.04774999999999996,0
63,SMB,7.179,2019-01-06,Manufacturing,Southeast,Spot,2418,5.0,5.0,0.95412,1814.5700000000002,0.2,1.0,0.09204999999999997,0
64,SMB,4.396,2019-11-11,Retail,Northeast,Spot,2109,8.0,7.0,0.9524875,1200.25,0.125,0.875,-0.11760000000000004,1
65,SMB,5.651,2019-04-16,Food & Beverage,Southeast,Spot,2318,4.0,4.0,0.9709500000000001,666.8900000000001,1.0,1.0,,0
66,SMB,7.777,2021-06-14,Electronics,International,Spot,1528,4.0,4.0,1.0125250000000001,445.42999999999995,0.25,1.0,0.012399999999999967,0
68,Mid-Market,4.942,2023-01-01,Industrial,West,Contract,962,9.0,9.0,0.9565111111111112,1628.8400000000001,0.3333333333333333,1.0,-0.06973333333333342,0
69,Enterprise,1.717,2023-02-10,Food & Beverage,Northeast,Contract,922,12.0,12.0,1.0282166666666666,1316.01,0.08333333333333333,1.0,0.012583333333333169,0
70,SMB,7.941,2019-07-26,Automotive,West,Contract,2217,3.0,3.0,0.8665666666666666,303.65,0.6666666666666666,1.0,,0
71,Mid-Market,3.712,2022-06-10,Retail,Northeast,Contract,1167,12.0,11.0,1.0045833333333334,2324.0,0.25,0.9166666666666666,0.05846499999999999,0
72,Mid-Market,3.252,2021-07-20,Apparel,Southeast,Spot,1492,6.0,6.0,0.9506,958.89,0.0,1.0,0.023249999999999993,0
73,Occasional,6.881,2022-03-13,Retail,Southeast,Spot,1256,5.0,5.0,0.9459799999999999,918.3000000000001,0.2,1.0,-0.0976999999999999,0
74,Mid-Market,3.959,2020-09-27,Apparel,Northeast,Contract,1788,11.0,10.0,1.0129727272727271,1643.1499999999999,0.2727272727272727,0.9090909090909091,-0.03793333333333326,0
75,Enterprise,3.311,2020-05-05,Food & Beverage,Southeast,Contract,1933,15.0,15.0,1.0446199999999999,4163.0199999999995,0.4,1.0,-0.17263333333333342,0
76,Mid-Market,5.108,2025-05-07,Food & Beverage,Southeast,Spot,105,3.0,3.0,1.0733333333333335,420.32000000000005,0.3333333333333333,1.0,,0
77,Mid-Market,5.221,2022-09-21,Electronics,Midwest,Spot,1064,9.0,9.0,0.9930111111111111,2474.13,0.3333333333333333,1.0,0.022266666666666546,0
78,SMB,8.413,2021-09-29,Food & Beverage,International,Spot,1421,5.0,4.0,0.99268,867.48,0.2,0.8,,1
79,SMB,6.157,2019-06-29,Automotive,Midwest,Spot,2244,5.0,5.0,0.91378,424.25,0.2,1.0,0.12,1
80,SMB,6.95,2024-02-01,Automotive,International,Contract,566,2.0,2.0,0.9989,89.16,0.5,1.0,,0
81,SMB,7.943,2022-02-24,Electronics,Midwest,Spot,1273,3.0,3.0,1.0023,264.33,0.3333333333333333,1.0,,0
82,Mid-Market,3.369,2021-07-30,Electronics,Northeast,Spot,1482,11.0,10.0,1.0019363636363636,2169.4399999999996,0.18181818181818182,0.9090909090909091,-0.05438333333333345,0
83,SMB,6.04,2023-06-13,Pharma,Northeast,Contract,799,6.0,6.0,0.96355,718.89,0.6666666666666666,1.0,-0.009550000000000058,0
84,Mid-Market,3.717,2019-11-17,Apparel,Southeast,Spot,2103,17.0,15.0,0.9789294117647058,3568.7000000000003,0.29411764705882354,0.8823529411764706,0.00297499999999995,0
85,Enterprise,2.399,2022-07-22,Manufacturing,Southeast,Contract,1125,19.0,19.0,1.0289473684210526,2375.9599999999996,0.15789473684210525,1.0,0.03870476190476202,0
86,Mid-Market,3.949,2024-10-02,Apparel,West,Spot,322,6.0,6.0,1.0081,649.6099999999999,0.0,1.0,-0.017349999999999977,0
87,SMB,7.641,2022-02-03,Industrial,West,Contract,1294,4.0,3.0,1.00155,464.89,0.0,0.75,0.05180000000000007,0
88,SMB,5.795,2019-01-02,Automotive,Midwest,Spot,2422,4.0,3.0,0.917025,249.98000000000002,0.0,0.75,-0.031033333333333246,0
89,Mid-Market,4.278,2020-07-13,Pharma,Midwest,Contract,1864,10.0,9.0,0.9582900000000001,4776.76,0.3,0.9,0.13669999999999993,0
90,SMB,6.027,2019-05-17,Electronics,Southeast,Contract,2287,6.0,6.0,0.9209,1647.12,0.3333333333333333,1.0,0.1714,0
91,Mid-Market,3.374,2022-05-02,Electronics,Midwest,Contract,1206,11.0,11.0,0.9486181818181817,1841.58,0.36363636363636365,1.0,0.04822500000000007,0
92,SMB,5.641,2021-06-06,Apparel,Northeast,Spot,1536,5.0,5.0,0.94098,416.12,0.4,1.0,-0.009475000000000011,0
93,SMB,7.011,2019-11-19,Food & Beverage,Northeast,Spot,2101,8.0,6.0,0.986225,2417.88,0.25,0.75,0.03639999999999999,1
94,Mid-Market,3.32,2023-07-31,Retail,Southeast,Spot,751,9.0,9.0,1.013677777777778,1040.53,0.2222222222222222,1.0,-0.04170000000000007,0
95,Mid-Market,3.86,2020-03-06,Apparel,Northeast,Contract,1993,7.0,7.0,0.9864571428571428,856.1600000000001,0.0,1.0,,0
96,SMB,7.99,2021-04-12,Manufacturing,West,Spot,1591,4.0,3.0,0.98025,519.0699999999999,0.25,0.75,,0
98,Mid-Market,3.537,2019-06-11,Food & Beverage,Northeast,Spot,2262,6.0,6.0,1.0246166666666667,1733.26,0.16666666666666666,1.0,0.022399999999999975,0
99,Mid-Market,4.496,2020-08-26,Electronics,International,Spot,1820,11.0,8.0,0.9881454545454545,778.0000000000001,0.09090909090909091,0.7272727272727273,,0
100,Occasional,8.515,2021-02-12,Retail,International,Spot,1650,5.0,5.0,1.0234,632.12,0.6,1.0,0.01729999999999987,0
101,Occasional,8.736,2022-05-23,Manufacturing,Midwest,Spot,1185,3.0,3.0,0.9558,514.34,0.0,1.0,,1
102,SMB,6.379,2020-08-19,Industrial,Midwest,Spot,1827,4.0,4.0,0.98915,376.4,0.75,1.0,,0
104,Occasional,9.945,2019-01-14,Industrial,Northeast,Spot,2410,1.0,1.0,1.0769,97.57,0.0,1.0,,0
105,SMB,5.075,2025-04-27,Industrial,Southeast,Spot,115,2.0,2.0,0.9557,199.49,0.0,1.0,,0
106,SMB,5.301,2022-07-26,Retail,Northeast,Spot,1121,9.0,9.0,0.9354,2349.12,0.1111111111111111,1.0,-0.04797499999999999,0
107,SMB,7.074,2019-04-04,Food & Beverage,Southeast,Spot,2330,4.0,4.0,1.0349,1018.58,0.5,1.0,0.0686,0
108,Mid-Market,3.428,2019-10-12,Automotive,International,Spot,2139,10.0,10.0,0.97956,1491.17,0.0,1.0,0.06512999999999991,0
109,Mid-Market,4.414,2019-09-08,Food & Beverage,West,Spot,2173,9.0,9.0,1.0028666666666668,1949.7499999999998,0.2222222222222222,1.0,0.01945000000000008,0
110,Occasional,7.797,2020-12-01,Pharma,International,Spot,1723,3.0,3.0,0.9674,998.64,0.3333333333333333,1.0,,1
111,SMB,8.813,2021-03-22,Pharma,West,Contract,1612,3.0,3.0,0.9903333333333334,1221.9299999999998,0.0,1.0,0.053199999999999914,1
112,Mid-Market,5.522,2023-04-11,Apparel,Midwest,Contract,862,7.0,5.0,0.9211142857142857,754.29,0.0,0.7142857142857143,,0
113,Mid-Market,4.224,2021-01-27,Industrial,West,Contract,1666,8.0,7.0,0.9964124999999999,1155.93,0.25,0.875,0.051283333333333236,0
114,SMB,7.072,2023-11-01,Industrial,Midwest,Contract,658,6.0,5.0,0.9238333333333334,793.06,0.16666666666666666,0.8333333333333334,0.014375000000000027,0
115,Mid-Market,4.084,2020-12-16,Apparel,Midwest,Spot,1708,5.0,5.0,0.9735199999999999,665.92,0.0,1.0,,0
116,Occasional,7.705,2020-10-03,Pharma,Southeast,Spot,1782,5.0,5.0,1.02332,1024.69,0.6,1.0,-0.1093666666666665,0
117,SMB,6.136,2020-11-01,Electronics,Midwest,Contract,1753,9.0,8.0,0.9202222222222223,1518.0,0.0,0.8888888888888888,0.10441,0
118,SMB,7.519,2021-03-12,Retail,Southeast,Spot,1622,6.0,5.0,0.9486833333333333,1674.6499999999999,0.3333333333333333,0.8333333333333334,-0.07286666666666675,0
119,SMB,6.313,2024-08-01,Apparel,Midwest,Spot,384,3.0,3.0,0.9601999999999999,379.81000000000006,0.6666666666666666,1.0,,0
120,SMB,6.146,2020-08-24,Retail,Northeast,Contract,1822,5.0,4.0,0.9327799999999999,1123.6000000000001,0.4,0.8,0.06973333333333331,0
121,SMB,5.45,2020-10-27,Apparel,Midwest,Contract,1758,7.0,7.0,0.9640857142857142,1292.71,0.2857142857142857,1.0,-0.10870000000000002,0
123,Mid-Market,5.647,2023-05-11,Automotive,Southeast,Contract,832,7.0,7.0,1.0133857142857143,1261.88,0.2857142857142857,1.0,-0.035250000000000004,0
124,Mid-Market,4.324,2020-04-08,Industrial,Midwest,Spot,1960,7.0,7.0,0.9954714285714286,2349.88,0.0,1.0,0.19857999999999998,0
125,Enterprise,2.225,2024-10-15,Pharma,Northeast,Spot,309,12.0,12.0,1.0508416666666667,4055.7400000000002,0.4166666666666667,1.0,0.046699999999999964,0
126,SMB,3.553,2020-03-22,Pharma,International,Spot,1977,7.0,6.0,0.9306285714285715,656.26,0.14285714285714285,0.8571428571428571,-0.16879999999999995,0
127,Mid-Market,5.594,2020-01-30,Food & Beverage,Southeast,Spot,2029,13.0,13.0,0.9754692307692309,2368.19,0.38461538461538464,1.0,-0.02632000000000012,0
128,Mid-Market,4.986,2021-12-19,Electronics,Southeast,Spot,1340,8.0,8.0,0.9836,2036.52,0.25,1.0,0.03499999999999992,0
129,Mid-Market,4.291,2023-08-11,Retail,Northeast,Contract,740,10.0,10.0,0.96427,2138.33,0.1,1.0,0.008120000000000016,0
130,SMB,7.557,2020-04-05,Retail,West,Spot,1963,2.0,1.0,1.0918,85.9,0.5,0.5,0.25860000000000005,0
131,Mid-Market,5.032,2024-01-09,Apparel,Midwest,Contract,589,15.0,14.0,0.9987666666666667,3584.3599999999997,0.2,0.9333333333333333,0.0017800000000001148,0
132,Occasional,8.958,2020-01-17,Industrial,Southeast,Spot,2042,3.0,3.0,0.9810666666666666,282.79999999999995,0.0,1.0,,1
133,SMB,6.044,2024-03-18,Retail,Southeast,Spot,520,7.0,5.0,0.9710285714285715,1340.51,0.42857142857142855,0.7142857142857143,0.003550000000000053,0
134,Mid-Market,4.888,2019-08-22,Electronics,West,Contract,2190,12.0,10.0,0.9972,1862.1899999999998,0.16666666666666666,0.8333333333333334,-0.03331666666666677,0
135,SMB,6.108,2022-02-04,Pharma,International,Spot,1293,6.0,5.0,1.02515,608.0,0.16666666666666666,0.8333333333333334,,0
136,Enterprise,3.421,2023-04-08,Apparel,Southeast,Contract,865,13.0,12.0,1.072976923076923,2561.37,0.15384615384615385,0.9230769230769231,-0.0823999999999998,0
137,Occasional,10.41,2020-10-08,Apparel,Northeast,Spot,1777,2.0,2.0,1.02755,224.23,0.5,1.0,,0
138,SMB,8.631,2023-01-30,Apparel,Northeast,Spot,933,6.0,6.0,0.9924166666666667,931.3,0.3333333333333333,1.0,-0.33009999999999995,0
139,SMB,5.743,2023-08-04,Retail,Northeast,Spot,747,5.0,5.0,1.0118800000000001,1440.27,0.4,1.0,,0
140,Mid-Market,5.519,2023-05-03,Electronics,West,Contract,840,13.0,12.0,0.987276923076923,1026.85,0.07692307692307693,0.9230769230769231,0.02300000000000013,0
141,SMB,5.784,2021-08-24,Food & Beverage,International,Spot,1457,8.0,7.0,0.99175,1128.26,0.125,0.875,,1
142,SMB,6.444,2024-02-26,Retail,International,Spot,541,6.0,5.0,0.9928666666666667,1155.35,0.5,0.8333333333333334,0.005849999999999911,1
144,SMB,7.097,2021-03-05,Food & Beverage,Northeast,Spot,1629,5.0,5.0,0.97632,538.2900000000001,0.2,1.0,,0
145,SMB,6.07,2023-11-21,Industrial,International,Spot,638,7.0,7.0,1.0025,628.1800000000001,0.5714285714285714,1.0,,0
146,Mid-Market,4.106,2025-02-14,Electronics,Southeast,Contract,187,6.0,6.0,1.0349166666666667,1272.18,0.0,1.0,,0
147,Mid-Market,4.637,2024-06-11,Industrial,Southeast,Spot,435,7.0,6.0,1.0166,1011.6700000000001,0.2857142857142857,0.8571428571428571,0.01649999999999996,0
148,SMB,4.711,2023-11-21,Apparel,West,Spot,638,3.0,3.0,0.9506333333333333,298.15999999999997,0.3333333333333333,1.0,,0
149,SMB,5.561,2024-02-10,Apparel,Northeast,Contract,557,3.0,3.0,0.9495333333333335,1366.62,0.0,1.0,,0
150,Enterprise,3.233,2024-05-13,Automotive,West,Contract,464,16.0,15.0,1.01696875,1706.83,0.25,0.9375,-0.030630000000000046,0
151,SMB,8.138,2020-12-05,Automotive,International,Contract,1719,8.0,8.0,0.914325,1749.5400000000002,0.375,1.0,,0
152,Occasional,6.388,2023-10-22,Manufacturing,West,Spot,668,1.0,1.0,0.9926,89.78,1.0,1.0,,0
153,Mid-Market,4.545,2020-04-30,Food & Beverage,West,Spot,1938,14.0,11.0,1.0073071428571427,2113.95,0.2857142857142857,0.7857142857142857,0.053716666666666635,0
154,SMB,6.69,2021-05-22,Pharma,Southeast,Spot,1551,4.0,4.0,0.92925,1086.23,0.25,1.0,0.052649999999999975,1
155,Mid-Market,5.234,2025-03-25,Industrial,Northeast,Contract,148,3.0,3.0,1.0052666666666668,371.04,0.3333333333333333,1.0,,0
156,SMB,7.141,2020-11-20,Retail,West,Spot,1734,8.0,8.0,1.0012875,942.7400000000001,0.125,1.0,,0
157,Mid-Market,3.677,2024-08-16,Food & Beverage,Midwest,Contract,369,11.0,11.0,0.9663727272727273,3103.35,0.45454545454545453,1.0,0.00436666666666663,0
158,SMB,6.286,2021-10-25,Manufacturing,International,Contract,1395,6.0,6.0,0.97185,1194.41,0.0,1.0,-0.05764999999999998,0
159,SMB,5.809,2020-05-26,Manufacturing,Northeast,Spot,1912,3.0,3.0,0.9160666666666666,486.02,0.3333333333333333,1.0,0.004550000000000054,0
160,SMB,8.613,2019-08-25,Automotive,Southeast,Spot,2187,5.0,3.0,1.0028000000000001,1260.55,0.2,0.6,0.0504,0
161,Mid-Market,5.515,2022-08-27,Manufacturing,Southeast,Spot,1089,7.0,6.0,0.9973714285714286,1377.37,0.2857142857142857,0.8571428571428571,,0
162,Occasional,9.305,2022-01-03,Automotive,West,Spot,1325,5.0,5.0,0.93256,1349.53,0.2,1.0,0.058150000000000035,1
163,Mid-Market,5.02,2022-05-30,Industrial,West,Spot,1178,13.0,12.0,1.0053923076923077,1984.69,0.38461538461538464,0.9230769230769231,-0.030440000000000023,0
164,Enterprise,2.612,2019-04-16,Automotive,International,Contract,2318,18.0,17.0,1.0303722222222222,3223.81,0.16666666666666666,0.9444444444444444,0.06995000000000007,0
165,SMB,6.374,2020-10-14,Manufacturing,Southeast,Spot,1771,3.0,2.0,0.9291666666666667,174.16,0.3333333333333333,0.6666666666666666,,0
166,Mid-Market,3.415,2019-01-10,Manufacturing,Midwest,Contract,2414,10.0,9.0,0.95496,1602.0500000000002,0.2,0.9,0.024274999999999936,0
167,SMB,6.068,2021-01-06,Food & Beverage,Northeast,Spot,1687,8.0,8.0,0.9705125,1727.59,0.375,1.0,0.06659999999999999,0
168,SMB,7.915,2025-03-18,Pharma,Southeast,Spot,155,2.0,2.0,0.944,156.13,0.0,1.0,,0
169,Mid-Market,5.687,2020-01-06,Automotive,Southeast,Spot,2053,12.0,12.0,0.9735666666666667,3121.2200000000007,0.25,1.0,0.0003249999999999087,0
170,Occasional,7.062,2023-08-06,Food & Beverage,Midwest,Spot,745,3.0,1.0,0.9757666666666666,177.46,0.0,0.3333333333333333,,0
171,Mid-Market,6.611,2019-01-15,Manufacturing,Midwest,Contract,2409,7.0,5.0,0.9760142857142858,848.74,0.14285714285714285,0.7142857142857143,-0.017300000000000093,0
172,SMB,5.733,2022-09-30,Industrial,Southeast,Spot,1055,3.0,3.0,0.9626,211.96999999999997,0.0,1.0,,0
173,Mid-Market,5.502,2025-02-20,Industrial,Midwest,Contract,181,6.0,4.0,1.0128166666666667,582.83,0.0,0.6666666666666666,,0
174,Occasional,10.43,2021-04-10,Apparel,West,Spot,1593,2.0,2.0,0.9940499999999999,456.07,0.5,1.0,,1
175,Mid-Market,5.884,2020-04-25,Apparel,Southeast,Contract,1943,5.0,4.0,0.97644,1445.71,0.0,0.8,,0
176,Enterprise,2.453,2022-10-21,Industrial,Southeast,Contract,1034,22.0,21.0,1.0341727272727272,3909.2600000000007,0.22727272727272727,0.9545454545454546,0.06936857142857145,0
177,SMB,5.886,2020-11-10,Food & Beverage,West,Spot,1744,5.0,5.0,0.9335000000000001,328.65999999999997,0.4,1.0,,0
178,Occasional,7.298,2024-12-10,Manufacturing,West,Contract,253,2.0,1.0,0.9322,99.44,0.0,0.5,,0
179,Occasional,7.721,2024-08-29,Pharma,West,Spot,356,1.0,1.0,0.8792,43.03,1.0,1.0,,0
180,SMB,6.612,2023-05-08,Food & Beverage,Northeast,Spot,835,2.0,2.0,0.99135,631.6899999999999,0.0,1.0,,0
181,Occasional,7.857,2023-04-06,Automotive,Midwest,Spot,867,1.0,1.0,0.9276,187.3,1.0,1.0,,1
182,Occasional,8.678,2023-01-07,Automotive,International,Contract,956,1.0,1.0,0.8969,134.0,1.0,1.0,,0
183,SMB,6.6,2023-11-26,Food & Beverage,Southeast,Spot,633,6.0,6.0,0.9916333333333333,955.56,0.0,1.0,0.043300000000000005,0
184,Mid-Market,4.677,2022-01-25,Electronics,Southeast,Spot,1303,13.0,12.0,1.0143538461538462,3930.3700000000003,0.3076923076923077,0.9230769230769231,0.08877500000000005,0
186,SMB,9.11,2021-04-21,Apparel,Northeast,Spot,1582,5.0,5.0,0.9523400000000001,351.07,0.4,1.0,0.0534,1
187,Mid-Market,3.105,2019-01-22,Apparel,West,Contract,2402,12.0,10.0,0.953575,2021.55,0.16666666666666666,0.8333333333333334,-0.04296666666666671,0
188,Mid-Market,2.94,2023-08-28,Pharma,West,Contract,723,10.0,10.0,0.9682000000000001,2396.74,0.2,1.0,,0
189,SMB,7.003,2023-06-01,Pharma,Northeast,Spot,811,5.0,4.0,0.99742,1744.6200000000001,0.0,0.8,0.005900000000000016,0
192,Mid-Market,4.067,2021-10-31,Manufacturing,West,Contract,1389,8.0,8.0,0.9998125,1957.3899999999999,0.125,1.0,-0.019549999999999956,0
193,Mid-Market,3.777,2022-09-30,Automotive,International,Contract,1055,9.0,9.0,0.9578000000000001,2144.81,0.4444444444444444,1.0,-0.03976666666666684,0
194,Occasional,9.574,2021-08-13,Industrial,West,Spot,1468,1.0,1.0,0.9633,244.44,0.0,1.0,,0
195,Mid-Market,4.544,2024-03-26,Pharma,Northeast,Spot,512,17.0,15.0,1.0198058823529412,2424.58,0.29411764705882354,0.8823529411764706,0.0304416666666667,0
196,Mid-Market,5.154,2021-11-08,Food & Beverage,West,Contract,1381,15.0,12.0,0.9810266666666666,3587.95,0.13333333333333333,0.8,0.08298999999999979,0
197,SMB,3.746,2024-03-23,Electronics,International,Spot,515,4.0,4.0,0.91405,968.4399999999999,0.25,1.0,-0.20790000000000008,0
198,Occasional,8.791,2021-11-02,Food & Beverage,Midwest,Spot,1387,5.0,5.0,0.9505600000000001,666.2,0.4,1.0,,1
199,Mid-Market,3.293,2020-07-02,Retail,Midwest,Spot,1875,11.0,8.0,1.0152363636363637,2595.8999999999996,0.2727272727272727,0.7272727272727273,-0.057633333333333314,0
201,SMB,6.992,2022-07-05,Electronics,West,Spot,1142,7.0,7.0,1.0262714285714285,1878.5,0.5714285714285714,1.0,-0.08909999999999996,0
203,SMB,6.645,2022-12-10,Pharma,Southeast,Spot,984,6.0,5.0,0.9867499999999999,808.66,0.3333333333333333,0.8333333333333334,,1
204,Mid-Market,5.959,2021-05-24,Industrial,International,Spot,1549,12.0,11.0,1.0404333333333333,1572.1599999999999,0.3333333333333333,0.9166666666666666,-0.10509999999999975,0
206,Mid-Market,3.632,2021-06-23,Industrial,International,Spot,1519,4.0,4.0,0.980575,624.3,0.5,1.0,,0
208,SMB,6.652,2021-11-14,Industrial,Northeast,Spot,1375,5.0,5.0,0.9919,839.2499999999999,0.4,1.0,,0
209,Mid-Market,4.164,2019-02-25,Food & Beverage,Midwest,Spot,2368,10.0,9.0,0.97891,1095.0500000000002,0.3,0.9,0.025533333333333408,0
212,SMB,6.537,2022-07-09,Apparel,Midwest,Spot,1138,9.0,9.0,0.9484666666666668,1502.38,0.1111111111111111,1.0,,0
213,Mid-Market,5.091,2021-08-01,Pharma,Southeast,Spot,1480,10.0,9.0,1.03668,1948.8500000000001,0.4,0.9,-0.09650000000000003,0
214,SMB,7.336,2024-05-29,Food & Beverage,Northeast,Spot,448,5.0,4.0,0.98368,702.25,0.4,0.8,0.08925000000000005,0
215,SMB,5.95,2023-02-11,Pharma,Southeast,Spot,921,3.0,3.0,1.0442333333333333,180.1,0.0,1.0,0.0024000000000000687,0
216,SMB,5.463,2023-05-28,Automotive,West,Spot,815,3.0,2.0,0.9982000000000001,138.65,0.3333333333333333,0.6666666666666666,0.02069999999999994,0
217,Mid-Market,5.588,2023-07-28,Automotive,West,Contract,754,13.0,12.0,0.9900461538461538,2764.0399999999995,0.15384615384615385,0.9230769230769231,-0.02616666666666656,0
218,Mid-Market,5.267,2020-04-28,Retail,Northeast,Spot,1940,9.0,9.0,0.9791333333333334,1588.56,0.3333333333333333,1.0,0.08497500000000002,0
219,Occasional,9.964,2019-08-03,Apparel,Northeast,Spot,2209,3.0,3.0,0.9642666666666666,1013.39,0.3333333333333333,1.0,,1
220,Mid-Market,5.418,2023-11-08,Automotive,Southeast,Spot,651,10.0,9.0,1.00206,1293.51,0.1,0.9,-0.09304999999999997,0
221,Mid-Market,3.564,2019-02-23,Apparel,Northeast,Spot,2370,12.0,11.0,0.9817333333333335,2073.79,0.4166666666666667,0.9166666666666666,-0.0030000000000000027,0
222,SMB,10.229,2023-10-18,Food & Beverage,International,Contract,672,4.0,3.0,1.015175,892.9,0.0,0.75,,0
223,SMB,5.741,2019-11-13,Electronics,Midwest,Spot,2107,4.0,3.0,1.0016,322.57,0.0,0.75,,0
225,Mid-Market,5.602,2023-09-20,Apparel,West,Contract,700,15.0,14.0,1.0203933333333335,2449.35,0.3333333333333333,0.9333333333333333,-0.009916666666666574,0
226,Occasional,10.659,2023-02-25,Electronics,Southeast,Spot,907,3.0,1.0,0.9954333333333333,313.64,0.3333333333333333,0.3333333333333333,,1
227,Enterprise,2.714,2024-03-18,Food & Beverage,Southeast,Spot,520,21.0,20.0,1.0584,3837.16,0.38095238095238093,0.9523809523809523,-0.02446388888888884,0
228,SMB,6.72,2023-01-27,Electronics,Midwest,Spot,936,1.0,1.0,1.0102,17.16,0.0,1.0,,0
229,SMB,4.805,2019-04-27,Retail,Northeast,Spot,2307,6.0,5.0,1.0460666666666667,1070.42,0.5,0.8333333333333334,0.20583333333333353,0
230,Mid-Market,3.833,2024-08-06,Retail,Midwest,Contract,379,12.0,11.0,0.9934666666666666,1467.31,0.16666666666666666,0.9166666666666666,-0.11203333333333343,0
231,Mid-Market,4.834,2020-06-09,Retail,West,Contract,1898,8.0,8.0,0.96805,2696.8,0.375,1.0,-0.02973333333333339,0
232,Mid-Market,4.832,2019-11-28,Food & Beverage,International,Spot,2092,10.0,10.0,0.98088,2076.64,0.3,1.0,0.05410000000000004,0
234,SMB,6.74,2020-04-19,Food & Beverage,Midwest,Spot,1949,4.0,3.0,0.941325,555.02,0.75,0.75,,0
235,Occasional,6.236,2022-07-29,Industrial,Northeast,Spot,1118,4.0,3.0,0.9676,376.11,0.0,0.75,0.06750000000000012,0
236,SMB,5.48,2022-03-29,Manufacturing,Midwest,Spot,1240,5.0,4.0,0.9895400000000001,373.96000000000004,0.4,0.8,,0
237,SMB,6.069,2024-02-17,Food & Beverage,Southeast,Contract,550,3.0,2.0,0.8993666666666668,259.0,0.0,0.6666666666666666,-0.022299999999999986,0
238,SMB,7.854,2019-04-18,Manufacturing,Midwest,Spot,2316,4.0,4.0,0.969175,555.59,0.25,1.0,,0
239,Enterprise,3.4,2019-09-17,Electronics,Northeast,Contract,2164,12.0,11.0,1.0583916666666668,1965.6499999999996,0.25,0.9166666666666666,0.005009999999999959,0
240,Mid-Market,5.037,2021-10-08,Pharma,International,Contract,1412,19.0,19.0,0.9631157894736841,3016.1100000000006,0.3157894736842105,1.0,-0.03852,0
241,SMB,7.166,2022-02-26,Electronics,West,Spot,1271,4.0,4.0,0.926825,319.36,0.25,1.0,,0
242,SMB,7.282,2024-04-03,Electronics,Southeast,Spot,504,7.0,7.0,1.028157142857143,1438.07,0.14285714285714285,1.0,-0.09319999999999995,1
243,Mid-Market,4.903,2023-01-14,Apparel,West,Contract,949,10.0,10.0,0.9917300000000001,2341.56,0.1,1.0,-0.00948333333333351,0
244,SMB,4.475,2019-12-29,Automotive,Northeast,Spot,2061,5.0,5.0,0.9756,567.4200000000001,0.6,1.0,,0
246,Occasional,8.746,2022-01-24,Retail,Southeast,Spot,1304,5.0,5.0,0.9422599999999999,843.3199999999999,0.2,1.0,,1
249,Mid-Market,3.385,2019-05-06,Industrial,Midwest,Contract,2298,12.0,12.0,0.9895916666666666,1319.95,0.3333333333333333,1.0,-0.11880000000000002,0
250,Mid-Market,5.385,2022-05-16,Manufacturing,Midwest,Contract,1192,9.0,8.0,0.9382888888888888,1328.35,0.2222222222222222,0.8888888888888888,,0
251,SMB,8.434,2021-10-24,Retail,Midwest,Spot,1396,2.0,2.0,1.00075,108.77,0.5,1.0,,0
253,SMB,7.826,2021-01-24,Industrial,Northeast,Spot,1669,10.0,9.0,0.9667300000000001,1254.18,0.3,0.9,0.010874999999999968,0
254,Mid-Market,4.767,2022-09-22,Pharma,Midwest,Spot,1063,10.0,10.0,1.00474,2312.9700000000003,0.4,1.0,-0.1580666666666667,0
255,Mid-Market,5.634,2022-04-13,Industrial,Midwest,Contract,1225,10.0,10.0,0.9928799999999999,2441.5399999999995,0.1,1.0,0.03351666666666642,0
256,SMB,7.293,2020-03-28,Apparel,Northeast,Spot,1971,3.0,3.0,0.9170666666666666,983.0,0.3333333333333333,1.0,-0.11320000000000008,0
257,SMB,5.574,2020-12-03,Retail,Southeast,Spot,1721,1.0,1.0,0.8595,41.98,0.0,1.0,,0
258,Mid-Market,4.56,2019-12-25,Food & Beverage,Midwest,Contract,2065,13.0,10.0,0.9646769230769231,3161.5400000000004,0.3076923076923077,0.7692307692307693,0.00759999999999994,0
259,Enterprise,2.811,2024-08-16,Automotive,Midwest,Contract,369,12.0,12.0,1.0048333333333332,3147.7,0.08333333333333333,1.0,0.07156666666666656,0
260,SMB,6.782,2023-07-08,Pharma,West,Spot,774,5.0,3.0,0.97722,359.81000000000006,0.0,0.6,-0.02960000000000007,0
261,Mid-Market,3.335,2021-08-01,Manufacturing,Southeast,Contract,1480,6.0,6.0,0.9668666666666667,674.12,0.3333333333333333,1.0,-0.04299999999999993,0
262,SMB,6.035,2021-08-21,Manufacturing,Midwest,Spot,1460,5.0,4.0,0.9412600000000001,208.49,0.2,0.8,0.12979999999999992,0
263,Mid-Market,5.47,2019-07-12,Apparel,Midwest,Spot,2231,5.0,4.0,0.9931000000000001,784.41,0.0,0.8,,0
264,Mid-Market,4.267,2020-12-06,Food & Beverage,Southeast,Spot,1718,13.0,12.0,0.9805307692307692,2943.8599999999997,0.15384615384615385,0.9230769230769231,0.13965000000000005,0
265,Occasional,9.058,2025-02-28,Pharma,Northeast,Spot,173,3.0,3.0,0.9142666666666667,246.35999999999999,0.6666666666666666,1.0,,0
266,Mid-Market,4.908,2019-03-18,Electronics,Northeast,Spot,2347,12.0,10.0,0.996,1699.74,0.25,0.8333333333333334,-0.07824999999999993,0
267,Mid-Market,4.017,2019-12-22,Electronics,West,Contract,2068,10.0,8.0,0.9793,3732.1,0.1,0.8,-0.0012999999999999678,0
268,Mid-Market,6.08,2024-08-22,Apparel,Northeast,Spot,363,12.0,11.0,1.001425,1531.38,0.25,0.9166666666666666,0.026824999999999988,0
269,Mid-Market,3.811,2022-06-20,Retail,Midwest,Spot,1157,6.0,6.0,0.9754666666666667,616.93,0.0,1.0,-0.013600000000000056,0
270,Enterprise,2.963,2019-03-20,Food & Beverage,Midwest,Contract,2345,19.0,18.0,1.0412105263157896,4043.7900000000004,0.2631578947368421,0.9473684210526315,-0.035162499999999985,0
271,Enterprise,3.185,2022-04-07,Electronics,Southeast,Contract,1231,24.0,24.0,1.0345791666666668,3053.4399999999996,0.125,1.0,-0.04316000000000009,0
272,Mid-Market,4.296,2024-01-01,Automotive,West,Contract,597,9.0,9.0,0.9891333333333334,2362.5299999999997,0.2222222222222222,1.0,-0.0501999999999998,0
273,Enterprise,2.015,2021-04-20,Apparel,West,Spot,1583,18.0,16.0,1.0613777777777778,3134.33,0.3333333333333333,0.8888888888888888,0.04664047619047618,0
274,SMB,6.635,2021-07-19,Food & Beverage,Northeast,Spot,1493,6.0,6.0,0.9511833333333333,794.76,0.0,1.0,0.014149999999999885,0
275,SMB,6.3,2023-03-18,Electronics,West,Spot,886,1.0,1.0,0.957,367.99,0.0,1.0,,0
276,Mid-Market,4.697,2022-12-28,Manufacturing,Midwest,Contract,966,16.0,15.0,0.98244375,2819.7299999999996,0.5,0.9375,0.08579999999999988,0
277,Mid-Market,3.617,2025-01-07,Manufacturing,Southeast,Contract,225,3.0,2.0,1.0118333333333334,215.06,0.6666666666666666,0.6666666666666666,,0
278,SMB,4.154,2020-08-26,Electronics,West,Spot,1820,6.0,6.0,0.9643666666666667,3801.09,0.0,1.0,0.012249999999999872,0
279,Occasional,8.481,2020-11-03,Automotive,West,Spot,1751,1.0,1.0,1.033,315.75,0.0,1.0,,1
280,Occasional,7.407,2020-01-14,Retail,Southeast,Spot,2045,1.0,1.0,1.0917,160.27,0.0,1.0,,0
281,Enterprise,2.977,2023-06-08,Retail,International,Spot,804,15.0,15.0,1.0527266666666668,3864.92,0.13333333333333333,1.0,-0.058933333333333504,0
282,Mid-Market,4.897,2022-07-22,Pharma,Midwest,Contract,1125,10.0,10.0,0.98439,1346.6200000000001,0.4,1.0,-0.036666666666666625,0
283,Mid-Market,6.051,2021-04-24,Manufacturing,Midwest,Spot,1579,9.0,7.0,1.0035999999999998,1227.8,0.2222222222222222,0.7777777777777778,-0.011566666666666503,0
284,Mid-Market,4.159,2023-08-21,Automotive,Northeast,Spot,730,7.0,7.0,0.9860285714285715,914.0799999999999,0.42857142857142855,1.0,,0
285,SMB,7.946,2021-07-06,Automotive,Southeast,Contract,1506,6.0,4.0,1.0111999999999999,1488.6899999999998,0.3333333333333333,0.6666666666666666,,0
286,Mid-Market,4.956,2020-04-21,Automotive,Southeast,Contract,1947,7.0,7.0,1.0060142857142857,1886.7500000000002,0.42857142857142855,1.0,-0.24280000000000002,0
287,Enterprise,2.453,2022-08-07,Food & Beverage,Midwest,Contract,1109,12.0,11.0,1.0177,1788.9599999999998,0.16666666666666666,0.9166666666666666,,0
288,Mid-Market,2.126,2021-11-28,Food & Beverage,Midwest,Spot,1361,9.0,9.0,1.0084333333333335,1726.7199999999998,0.2222222222222222,1.0,-0.05630000000000013,0
289,SMB,6.503,2021-09-14,Food & Beverage,West,Spot,1436,5.0,5.0,0.9464400000000002,820.3399999999999,0.0,1.0,0.0877,1
290,Mid-Market,4.565,2021-12-18,Manufacturing,Southeast,Spot,1341,5.0,5.0,0.98628,561.74,0.4,1.0,0.027349999999999763,0
292,Enterprise,1.342,2020-06-09,Automotive,West,Contract,1898,12.0,12.0,1.0264,2489.86,0.25,1.0,-0.10975000000000001,0
293,Occasional,7.153,2020-11-02,Electronics,West,Spot,1752,3.0,3.0,1.0498999999999998,706.05,0.3333333333333333,1.0,-0.16069999999999995,0
294,Mid-Market,4.318,2022-10-07,Retail,West,Contract,1048,13.0,11.0,1.0021307692307693,1589.4,0.38461538461538464,0.8461538461538461,-0.02426666666666666,0
295,Occasional,7.639,2019-04-24,Pharma,West,Spot,2310,1.0,1.0,0.894,333.59,0.0,1.0,,1
296,Occasional,9.712,2019-12-22,Food & Beverage,Northeast,Spot,2068,3.0,2.0,0.9906666666666667,474.83,0.3333333333333333,0.6666666666666666,,0
297,Occasional,5.83,2022-10-11,Automotive,West,Spot,1044,1.0,1.0,1.0349,42.01,1.0,1.0,,0
298,SMB,6.018,2022-05-26,Automotive,International,Contract,1182,1.0,1.0,0.9002,240.52,0.0,1.0,,0
299,SMB,5.928,2023-05-09,Industrial,Midwest,Contract,834,9.0,9.0,0.9154333333333332,1999.97,0.0,1.0,-0.10467500000000007,0
300,SMB,7.03,2019-10-04,Food & Beverage,Northeast,Contract,2147,4.0,4.0,0.909025,443.75,0.0,1.0,,1
301,SMB,5.527,2024-09-10,Industrial,International,Contract,344,8.0,8.0,0.9621,2503.37,0.25,1.0,-0.08696666666666653,0
302,Mid-Market,3.863,2022-03-28,Retail,Northeast,Spot,1241,9.0,8.0,0.9898444444444444,1991.3200000000002,0.1111111111111111,0.8888888888888888,-0.012033333333333562,0
303,SMB,3.894,2020-01-13,Electronics,Southeast,Spot,2046,4.0,4.0,0.978675,852.55,0.5,1.0,0.17970000000000008,0
304,SMB,7.089,2021-01-28,Electronics,Northeast,Spot,1665,8.0,7.0,0.9521625,762.51,0.25,0.875,0.02179999999999982,0
305,Occasional,10.839,2020-07-07,Industrial,Midwest,Spot,1870,2.0,2.0,0.9393,234.57,0.0,1.0,-0.08620000000000005,0
306,SMB,7.223,2022-01-06,Pharma,Southeast,Spot,1322,4.0,4.0,0.972525,377.32,0.25,1.0,-0.15169999999999995,0
307,Mid-Market,5.573,2022-02-16,Electronics,Midwest,Spot,1281,13.0,11.0,0.9815769230769231,1439.0700000000002,0.3076923076923077,0.8461538461538461,0.13379999999999992,0
308,SMB,6.36,2021-11-22,Manufacturing,International,Spot,1367,9.0,9.0,0.9856555555555556,959.05,0.3333333333333333,1.0,-0.07539999999999991,0
309,Mid-Market,4.306,2022-01-27,Automotive,Midwest,Spot,1301,9.0,9.0,1.023188888888889,1927.98,0.3333333333333333,1.0,-0.036824999999999886,0
310,Mid-Market,4.44,2025-01-19,Apparel,Midwest,Contract,213,8.0,7.0,0.993225,784.09,0.375,0.875,,0
312,Mid-Market,4.261,2022-04-07,Food & Beverage,West,Spot,1231,14.0,13.0,1.0343071428571429,2304.77,0.14285714285714285,0.9285714285714286,-0.09171666666666667,0
314,Mid-Market,3.581,2024-06-16,Electronics,Northeast,Spot,430,11.0,10.0,1.0033454545454545,2063.31,0.36363636363636365,0.9090909090909091,0.0011999999999999789,0
315,Mid-Market,5.465,2024-06-19,Pharma,Midwest,Contract,427,8.0,7.0,0.9859374999999999,1783.9099999999999,0.25,0.875,0.1018,0
316,Mid-Market,2.701,2020-07-03,Manufacturing,West,Contract,1874,8.0,6.0,1.0113375,1158.47,0.25,0.75,,0
317,Mid-Market,3.91,2021-12-03,Retail,Midwest,Spot,1356,7.0,5.0,1.0013142857142856,1307.74,0.14285714285714285,0.7142857142857143,,0
318,SMB,6.707,2021-05-07,Automotive,Northeast,Contract,1566,6.0,6.0,0.9619166666666666,830.5000000000001,0.5,1.0,-0.08479999999999999,0
319,Mid-Market,4.24,2019-08-23,Pharma,West,Contract,2189,8.0,8.0,0.9717,4035.52,0.375,1.0,0.08339999999999992,0
320,Occasional,9.799,2019-07-02,Food & Beverage,West,Spot,2241,4.0,4.0,1.043025,1233.01,0.75,1.0,,1
321,Occasional,10.239,2023-02-24,Pharma,Midwest,Spot,908,1.0,1.0,1.0843,188.82,0.0,1.0,,0
322,SMB,4.843,2021-10-21,Apparel,West,Spot,1399,2.0,2.0,1.03055,233.02999999999997,0.0,1.0,,0
323,Mid-Market,6.169,2024-07-03,Retail,West,Contract,413,8.0,8.0,0.9804625,978.21,0.5,1.0,-0.024633333333333396,0
324,SMB,5.367,2023-06-17,Food & Beverage,West,Spot,795,3.0,3.0,1.0417333333333334,320.78999999999996,0.0,1.0,,0
325,Occasional,9.693,2019-07-27,Electronics,West,Spot,2216,2.0,2.0,1.0015,351.46999999999997,0.5,1.0,,0
326,SMB,5.699,2024-08-02,Retail,West,Spot,383,5.0,4.0,0.97948,1261.77,0.2,0.8,0.16654999999999998,1
327,SMB,7.613,2022-04-22,Retail,Midwest,Spot,1216,3.0,3.0,0.9519333333333333,501.89000000000004,0.3333333333333333,1.0,,0
328,SMB,6.165,2022-10-10,Food & Beverage,Midwest,Spot,1045,5.0,5.0,0.97208,531.0899999999999,0.2,1.0,,0
330,Mid-Market,5.292,2023-04-08,Pharma,Midwest,Spot,865,16.0,13.0,0.989775,1821.68,0.3125,0.8125,-0.039449999999999985,0
331,SMB,8.946,2019-02-24,Automotive,Midwest,Spot,2369,3.0,3.0,0.9839666666666668,734.97,0.3333333333333333,1.0,,0
332,Mid-Market,4.099,2020-03-07,Food & Beverage,Northeast,Contract,1992,11.0,11.0,0.9685090909090909,1383.57,0.2727272727272727,1.0,-0.143625,0
333,SMB,7.023,2021-11-04,Pharma,West,Spot,1385,5.0,5.0,0.9719200000000001,1174.04,0.0,1.0,-0.00924999999999998,0
334,Occasional,8.542,2019-04-01,Automotive,Midwest,Spot,2333,2.0,2.0,0.95665,155.07000000000002,0.0,1.0,,0
335,Mid-Market,5.774,2020-02-12,Apparel,Southeast,Spot,2016,8.0,7.0,1.0232375,836.64,0.25,0.875,-0.14116666666666655,0
336,SMB,7.007,2024-04-11,Industrial,Southeast,Spot,496,5.0,3.0,0.95686,659.93,0.0,0.6,,0
337,Mid-Market,3.934,2019-12-14,Manufacturing,Southeast,Spot,2076,10.0,10.0,1.03654,2240.1200000000003,0.4,1.0,0.05954999999999999,0
338,SMB,6.156,2020-02-11,Automotive,International,Spot,2017,3.0,3.0,0.9369333333333333,393.56,0.0,1.0,,0
339,Mid-Market,5.508,2022-05-13,Apparel,West,Spot,1195,11.0,9.0,1.0092545454545456,2085.61,0.09090909090909091,0.8181818181818182,0.0971249999999999,0
340,Occasional,7.099,2019-08-10,Pharma,Midwest,Spot,2202,2.0,1.0,1.00045,209.11,0.5,0.5,0.043300000000000005,0
341,Mid-Market,3.377,2020-09-14,Retail,Southeast,Spot,1801,9.0,7.0,0.9968666666666667,2464.25,0.1111111111111111,0.7777777777777778,-0.0007833333333333581,0
342,Occasional,8.576,2025-04-01,Pharma,West,Contract,141,2.0,2.0,0.9564,68.58,0.0,1.0,,1
343,SMB,5.884,2023-03-18,Automotive,Midwest,Spot,886,3.0,2.0,0.9145666666666666,190.99,0.3333333333333333,0.6666666666666666,,0
345,SMB,7.762,2021-05-12,Retail,Northeast,Spot,1561,5.0,4.0,0.98774,1578.06,0.0,0.8,,0
346,SMB,7.138,2023-02-09,Electronics,Northeast,Spot,923,2.0,2.0,0.9226500000000001,282.46000000000004,0.0,1.0,,0
348,Mid-Market,5.566,2021-07-10,Automotive,Northeast,Contract,1502,7.0,5.0,0.9971714285714286,927.3,0.0,0.7142857142857143,0.09060000000000001,0
349,SMB,6.385,2020-03-01,Food & Beverage,Midwest,Spot,1998,5.0,5.0,0.92676,794.81,0.4,1.0,0.04514999999999991,1
350,Mid-Market,4.234,2024-07-21,Automotive,West,Contract,395,8.0,8.0,0.9608125000000001,1757.2299999999998,0.125,1.0,-0.10312500000000002,0
351,SMB,6.435,2020-03-24,Automotive,Northeast,Spot,1975,3.0,3.0,0.9198666666666666,457.2,0.3333333333333333,1.0,,0
352,Mid-Market,3.674,2020-05-13,Electronics,Southeast,Spot,1925,12.0,11.0,1.0353583333333334,2078.9,0.3333333333333333,0.9166666666666666,-0.019008333333333294,0
353,SMB,7.483,2022-02-03,Manufacturing,West,Spot,1294,6.0,6.0,0.9562499999999999,1396.7,0.3333333333333333,1.0,0.09509999999999996,1
354,SMB,4.734,2021-11-11,Industrial,West,Spot,1378,3.0,3.0,0.9335666666666667,706.8299999999999,0.3333333333333333,1.0,,0
355,SMB,5.892,2021-02-03,Pharma,Midwest,Spot,1659,5.0,4.0,1.0444200000000001,709.0899999999999,0.4,0.8,-0.0464,0
356,SMB,5.236,2021-05-19,Automotive,Northeast,Spot,1554,5.0,4.0,0.9804,304.93,0.0,0.8,-0.16845,0
357,SMB,8.726,2020-12-19,Industrial,Midwest,Contract,1705,4.0,4.0,0.88315,1251.1899999999998,0.25,1.0,-0.10714999999999997,0
358,SMB,7.651,2025-01-31,Food & Beverage,Southeast,Spot,201,5.0,5.0,0.94744,537.09,0.0,1.0,,0
359,SMB,3.957,2022-11-14,Retail,West,Spot,1010,4.0,3.0,0.9665,459.9,0.25,0.75,-0.021599999999999953,0
360,SMB,4.783,2025-02-17,Industrial,Midwest,Spot,184,4.0,4.0,0.9908,643.86,0.25,1.0,,0
362,Mid-Market,4.405,2023-05-04,Retail,West,Contract,839,12.0,10.0,0.9803583333333333,2969.53,0.08333333333333333,0.8333333333333334,-0.025859999999999994,0
363,Mid-Market,4.85,2024-07-03,Pharma,Midwest,Contract,413,11.0,10.0,0.9887272727272727,1918.2299999999996,0.36363636363636365,0.9090909090909091,0.00821666666666665,0
364,Mid-Market,4.155,2019-09-27,Retail,Northeast,Contract,2154,14.0,12.0,0.99885,1730.53,0.14285714285714285,0.8571428571428571,0.08306666666666662,0
365,SMB,6.441,2025-04-30,Electronics,Midwest,Spot,112,1.0,1.0,0.9682,81.76,0.0,1.0,,0
366,Mid-Market,5.099,2022-03-20,Electronics,International,Spot,1249,11.0,10.0,0.9963090909090909,2946.9,0.0,0.9090909090909091,,0
367,SMB,6.033,2023-10-04,Food & Beverage,West,Spot,686,5.0,4.0,0.97,354.24,0.6,0.8,-0.03179999999999983,0
368,SMB,5.011,2020-08-20,Pharma,Southeast,Spot,1826,4.0,4.0,0.9774750000000001,387.53999999999996,0.25,1.0,0.05945,1
369,Mid-Market,4.075,2019-08-21,Automotive,West,Contract,2191,13.0,12.0,0.9946538461538462,1676.9399999999998,0.3076923076923077,0.9230769230769231,-0.05578333333333341,0
370,Occasional,10.091,2024-11-24,Electronics,Southeast,Spot,269,2.0,1.0,0.93535,53.31,0.0,0.5,,0
371,SMB,8.934,2021-12-30,Apparel,Midwest,Spot,1329,5.0,5.0,0.9762000000000001,755.38,0.0,1.0,,0
372,Mid-Market,5.158,2019-12-04,Industrial,Midwest,Spot,2086,5.0,5.0,0.9540599999999999,1435.1100000000001,0.2,1.0,0.06059999999999999,0
373,Mid-Market,4.998,2023-05-23,Apparel,Southeast,Spot,820,14.0,13.0,0.9974214285714286,2022.6,0.2857142857142857,0.9285714285714286,-0.03916666666666657,0
374,Mid-Market,4.545,2019-05-13,Electronics,Southeast,Contract,2291,12.0,10.0,0.9599000000000001,1817.72,0.25,0.8333333333333334,0.08354666666666688,0
375,Mid-Market,4.203,2022-01-01,Apparel,International,Contract,1327,20.0,19.0,0.96211,2652.0699999999997,0.35,0.95,-0.0642666666666667,0
376,Mid-Market,4.736,2023-09-12,Electronics,Southeast,Spot,708,9.0,9.0,1.0030111111111113,1141.8600000000001,0.1111111111111111,1.0,-0.06215000000000015,0
377,Occasional,11.163,2023-10-21,Food & Beverage,West,Spot,669,1.0,1.0,0.7859,333.29,0.0,1.0,,0
378,SMB,6.975,2022-01-08,Apparel,West,Spot,1320,3.0,1.0,0.9762999999999998,75.94,0.3333333333333333,0.3333333333333333,-0.043199999999999905,0
379,Mid-Market,5.095,2021-06-19,Electronics,Midwest,Contract,1523,9.0,9.0,0.988511111111111,977.9299999999998,0.1111111111111111,1.0,,0
380,SMB,7.17,2024-08-03,Retail,Northeast,Spot,382,5.0,5.0,0.9572800000000001,1284.83,0.0,1.0,-0.125,0
381,SMB,5.77,2020-03-25,Automotive,Northeast,Spot,1974,2.0,2.0,0.9106,316.86,0.0,1.0,-0.06459999999999999,0
382,Occasional,9.395,2019-07-01,Apparel,Northeast,Spot,2242,4.0,3.0,0.965975,499.9,0.0,0.75,0.12029999999999985,1
383,SMB,7.467,2020-01-17,Retail,Midwest,Spot,2042,8.0,5.0,0.975675,1247.4799999999998,0.625,0.625,-0.04616666666666658,0
384,SMB,6.143,2024-05-04,Food & Beverage,International,Contract,473,3.0,3.0,0.9646666666666667,283.54,0.3333333333333333,1.0,,0
385,Mid-Market,6.456,2022-02-18,Electronics,West,Spot,1279,14.0,14.0,0.9832857142857143,2635.45,0.35714285714285715,1.0,-0.01648749999999999,0
386,Occasional,10.279,2019-04-01,Industrial,Northeast,Spot,2333,4.0,4.0,0.895475,875.02,0.25,1.0,,0
387,SMB,6.26,2020-02-15,Industrial,Southeast,Contract,2013,10.0,9.0,0.94855,1054.52,0.2,0.9,0.03149999999999997,0
388,Occasional,8.325,2019-03-10,Apparel,Northeast,Spot,2355,2.0,2.0,0.9255,185.95999999999998,0.5,1.0,,0
389,Mid-Market,5.445,2024-06-06,Food & Beverage,International,Spot,440,8.0,5.0,1.0181,422.26,0.375,0.625,0.19284999999999985,0
390,Occasional,8.035,2022-01-28,Retail,Northeast,Spot,1300,3.0,3.0,0.9957333333333334,746.79,0.0,1.0,-0.06414999999999993,1
391,SMB,7.333,2019-06-15,Manufacturing,Northeast,Spot,2258,4.0,2.0,0.966275,670.99,0.0,0.5,0.08809999999999996,0
392,Mid-Market,5.478,2020-06-22,Retail,Midwest,Contract,1885,10.0,8.0,0.9702999999999999,1304.24,0.6,0.8,0.07715000000000005,0
393,SMB,4.645,2023-02-10,Automotive,Midwest,Spot,922,3.0,3.0,0.9174333333333333,270.01,0.0,1.0,0.0031999999999999806,1
394,SMB,8.516,2022-12-16,Retail,Northeast,Spot,978,5.0,5.0,1.0036999999999998,431.86,0.6,1.0,0.0118999999999998,0
395,Enterprise,1.536,2024-06-17,Apparel,West,Contract,429,12.0,12.0,1.03145,1538.7999999999997,0.16666666666666666,1.0,-0.00039333333333302356,0
396,SMB,6.819,2019-03-04,Industrial,Northeast,Spot,2361,5.0,5.0,1.04372,800.62,0.2,1.0,-0.02980000000000005,0
397,SMB,8.137,2019-06-18,Electronics,Northeast,Spot,2255,6.0,6.0,0.9753,524.95,0.16666666666666666,1.0,,0
398,Mid-Market,7.38,2019-03-28,Apparel,Northeast,Contract,2337,19.0,19.0,0.9625052631578948,3344.74,0.10526315789473684,1.0,0.004583333333333273,0
399,SMB,5.309,2021-08-17,Industrial,Southeast,Spot,1464,5.0,5.0,0.9863199999999999,740.51,0.6,1.0,,0
400,SMB,5.492,2023-11-06,Food & Beverage,International,Spot,653,4.0,4.0,0.95085,588.5,0.0,1.0,-0.3073999999999999,0
401,Mid-Market,5.064,2023-06-03,Food & Beverage,Midwest,Spot,809,8.0,7.0,1.0238875,1667.4,0.0,0.875,0.0028166666666666895,0
402,Occasional,9.558,2020-05-26,Manufacturing,West,Spot,1912,1.0,1.0,0.9097,239.83,0.0,1.0,,0
403,SMB,5.206,2023-05-20,Food & Beverage,Southeast,Spot,823,5.0,5.0,0.9594799999999999,1072.0700000000002,0.6,1.0,,0
404,Mid-Market,5.036,2023-05-18,Automotive,West,Contract,825,8.0,7.0,0.9431625,990.56,0.25,0.875,,0
406,Occasional,9.231,2024-01-01,Manufacturing,Southeast,Spot,597,1.0,1.0,0.8617,462.98,0.0,1.0,,0
407,Mid-Market,5.234,2021-10-25,Pharma,International,Contract,1395,13.0,12.0,0.9563307692307692,2266.4100000000003,0.15384615384615385,0.9230769230769231,-0.047374999999999945,0
408,Occasional,7.102,2019-05-25,Apparel,Midwest,Spot,2279,2.0,2.0,0.9843,206.11,0.5,1.0,,0
409,Mid-Market,3.692,2021-08-09,Retail,West,Spot,1472,10.0,10.0,1.02997,3014.34,0.2,1.0,-0.11149999999999993,0
410,Occasional,7.389,2024-02-18,Automotive,Southeast,Spot,549,4.0,3.0,0.933275,364.95,0.25,0.75,,0
411,SMB,6.9,2023-08-23,Manufacturing,Midwest,Contract,728,5.0,4.0,0.9330400000000001,379.08000000000004,0.4,0.8,0.07810000000000006,1
412,SMB,6.679,2020-10-15,Electronics,Midwest,Spot,1770,4.0,4.0,0.949675,1224.2800000000002,0.25,1.0,,0
413,Mid-Market,4.2,2024-01-18,Food & Beverage,International,Spot,580,11.0,11.0,0.9926636363636363,1660.5099999999998,0.2727272727272727,1.0,0.09678999999999971,0
414,Occasional,9.817,2021-08-06,Pharma,International,Spot,1475,3.0,3.0,0.8841333333333333,457.48,0.3333333333333333,1.0,,0
415,Enterprise,2.091,2022-01-25,Industrial,Southeast,Contract,1303,15.0,15.0,1.0765266666666666,2962.2400000000002,0.13333333333333333,1.0,-0.014823809523809572,0
416,Mid-Market,4.144,2019-07-30,Manufacturing,International,Contract,2213,11.0,11.0,0.9562181818181817,2593.43,0.2727272727272727,1.0,0.00275000000000003,0
418,SMB,6.043,2024-08-04,Food & Beverage,Midwest,Spot,381,3.0,3.0,0.9524333333333334,610.32,0.0,1.0,,0
419,Mid-Market,4.443,2020-04-19,Automotive,Northeast,Spot,1949,9.0,9.0,0.9810666666666665,2273.83,0.1111111111111111,1.0,0.11640000000000006,0
420,Occasional,10.219,2022-09-27,Industrial,Northeast,Spot,1058,2.0,2.0,1.00885,295.11,0.5,1.0,,0
421,SMB,5.383,2024-03-15,Food & Beverage,Northeast,Spot,523,5.0,5.0,0.9872799999999999,2176.37,0.2,1.0,0.11695,0
422,Enterprise,2.866,2022-05-13,Apparel,Northeast,Contract,1195,8.0,6.0,1.0239375,562.4100000000001,0.125,0.75,0.1024666666666667,0
423,Enterprise,2.657,2020-05-28,Industrial,International,Contract,1910,21.0,21.0,1.0269238095238096,4094.19,0.23809523809523808,1.0,0.0015333333333333865,0
425,SMB,5.08,2020-10-16,Apparel,West,Spot,1769,5.0,5.0,0.95314,695.22,0.0,1.0,,0
426,SMB,6.542,2021-03-25,Pharma,Midwest,Contract,1609,4.0,4.0,0.93535,513.19,0.0,1.0,,0
427,Mid-Market,4.724,2021-06-23,Industrial,Midwest,Contract,1519,7.0,7.0,0.9727,922.55,0.2857142857142857,1.0,-0.03830000000000011,0
428,Occasional,7.223,2024-12-09,Manufacturing,Northeast,Spot,254,1.0,1.0,1.0113,27.21,0.0,1.0,,0
429,Enterprise,3.575,2022-05-02,Electronics,Midwest,Contract,1206,10.0,8.0,1.02324,1389.6499999999999,0.4,0.8,0.03694166666666654,0
431,Occasional,9.873,2025-01-03,Retail,Midwest,Spot,229,1.0,1.0,0.8232,522.51,0.0,1.0,,0
432,SMB,5.777,2025-03-10,Pharma,Northeast,Spot,163,3.0,3.0,0.9853666666666667,589.4399999999999,0.0,1.0,,0
433,SMB,8.457,2024-09-16,Automotive,West,Spot,338,2.0,2.0,0.9616499999999999,230.01,0.5,1.0,,1
434,Occasional,7.948,2025-01-19,Manufacturing,Northeast,Spot,213,1.0,1.0,0.9426,135.08,1.0,1.0,,0
435,Enterprise,1.965,2025-04-27,Automotive,Midwest,Contract,115,4.0,4.0,1.04585,298.99,0.5,1.0,,0
437,Mid-Market,5.377,2023-04-15,Automotive,Southeast,Contract,858,11.0,9.0,1.0071545454545454,1929.99,0.18181818181818182,0.8181818181818182,-0.10965000000000003,0
438,SMB,6.501,2019-11-17,Apparel,West,Spot,2103,5.0,5.0,0.9565400000000001,2419.17,0.2,1.0,0.07526666666666659,0
439,SMB,8.124,2019-10-03,Manufacturing,Northeast,Spot,2148,1.0,1.0,0.9345,76.45,0.0,1.0,,0
440,SMB,5.96,2024-04-22,Apparel,International,Spot,485,1.0,1.0,0.9895,84.82,0.0,1.0,,0
441,Occasional,8.826,2021-02-08,Retail,West,Spot,1654,2.0,2.0,1.00385,248.91000000000003,0.5,1.0,-0.26029999999999986,1
442,Mid-Market,4.454,2024-05-12,Manufacturing,Southeast,Contract,465,11.0,9.0,1.0083727272727272,1220.9399999999998,0.36363636363636365,0.8181818181818182,-0.02839999999999998,0
443,SMB,6.894,2025-03-26,Industrial,Southeast,Contract,147,5.0,5.0,0.90906,508.51000000000005,0.2,1.0,,0
444,Mid-Market,3.997,2023-04-19,Industrial,Northeast,Contract,854,7.0,7.0,0.9721714285714286,1341.1200000000001,0.2857142857142857,1.0,-0.012250000000000094,0
445,Mid-Market,5.622,2024-02-05,Retail,International,Contract,562,8.0,8.0,0.9992875000000001,971.84,0.25,1.0,-0.06858333333333322,0
446,SMB,6.533,2020-11-10,Food & Beverage,Midwest,Spot,1744,4.0,4.0,0.924525,313.95000000000005,0.5,1.0,,0
447,Occasional,11.067,2021-11-24,Retail,Northeast,Spot,1365,5.0,4.0,1.00452,986.3,0.8,0.8,0.049450000000000105,0
449,Enterprise,2.586,2024-06-12,Industrial,Northeast,Contract,434,13.0,12.0,1.0543461538461538,2708.32,0.15384615384615385,0.9230769230769231,-0.02420000000000022,0
450,SMB,8.314,2020-05-12,Manufacturing,Midwest,Contract,1926,5.0,4.0,0.9512599999999999,580.4100000000001,0.0,0.8,0.08740000000000003,0
451,Enterprise,2.752,2025-03-29,Apparel,Midwest,Contract,144,3.0,2.0,0.9533666666666667,274.78,0.6666666666666666,0.6666666666666666,,0
452,Occasional,10.092,2022-05-01,Automotive,Northeast,Contract,1207,3.0,3.0,0.9887666666666667,1254.2799999999997,0.0,1.0,,1
453,SMB,6.438,2024-08-16,Industrial,West,Spot,369,7.0,6.0,0.9462428571428572,1145.1699999999998,0.42857142857142855,0.8571428571428571,0.036900000000000044,0
454,Mid-Market,5.297,2022-06-23,Electronics,Southeast,Contract,1154,4.0,4.0,0.9674750000000001,314.59999999999997,0.25,1.0,0.06020000000000003,0
455,Mid-Market,3.154,2023-01-10,Apparel,Midwest,Contract,953,14.0,11.0,0.98835,1713.3100000000002,0.14285714285714285,0.7857142857142857,-0.06717499999999998,0
456,Mid-Market,4.318,2020-01-30,Food & Beverage,Midwest,Spot,2029,13.0,11.0,0.9826692307692307,1553.0100000000002,0.15384615384615385,0.8461538461538461,,0
457,Occasional,10.073,2021-04-04,Retail,International,Spot,1599,3.0,3.0,0.9527333333333333,1771.4699999999998,0.0,1.0,-0.03689999999999993,1
458,SMB,7.496,2023-10-26,Manufacturing,Midwest,Spot,664,6.0,5.0,0.9582,1330.79,0.0,0.8333333333333334,,0
459,SMB,5.698,2024-08-13,Apparel,International,Spot,372,5.0,5.0,0.94938,369.8,0.2,1.0,0.017749999999999932,0
460,SMB,6.402,2019-08-05,Apparel,Southeast,Spot,2207,1.0,1.0,0.9797,281.78,0.0,1.0,,0
461,SMB,5.56,2019-07-07,Pharma,West,Spot,2236,4.0,4.0,0.948,616.17,0.0,1.0,,0
462,Mid-Market,4.749,2023-08-15,Automotive,Northeast,Contract,736,11.0,10.0,0.950490909090909,1139.41,0.2727272727272727,0.9090909090909091,0.02092499999999997,0
463,Occasional,11.854,2021-12-24,Apparel,West,Spot,1335,1.0,1.0,0.9397,210.53,0.0,1.0,,0
464,Mid-Market,5.301,2024-08-28,Electronics,Northeast,Spot,357,13.0,13.0,0.9994461538461539,1966.79,0.07692307692307693,1.0,0.00159166666666688,0
465,SMB,8.083,2019-06-16,Electronics,International,Spot,2257,8.0,8.0,0.9710875,1231.23,0.125,1.0,,0
466,SMB,6.974,2021-04-30,Industrial,International,Spot,1573,4.0,3.0,0.96075,804.82,0.25,0.75,0.14570000000000005,0
467,SMB,7.04,2019-03-28,Industrial,Southeast,Contract,2337,7.0,5.0,0.9127428571428571,406.92,0.14285714285714285,0.7142857142857143,-0.06066666666666665,1
468,Occasional,7.674,2023-09-24,Retail,Midwest,Spot,696,3.0,3.0,0.9404666666666667,932.73,0.0,1.0,,1
469,Mid-Market,5.419,2024-09-19,Automotive,Midwest,Contract,335,9.0,8.0,0.9872333333333333,783.48,0.2222222222222222,0.8888888888888888,-0.018100000000000005,0
470,SMB,8.23,2020-01-17,Manufacturing,Southeast,Spot,2042,8.0,8.0,0.994825,1321.8500000000001,0.25,1.0,0.039550000000000085,0
471,Mid-Market,4.856,2021-02-27,Automotive,West,Spot,1635,10.0,8.0,0.95989,1097.54,0.1,0.8,0.05060000000000009,0
472,SMB,7.988,2024-08-21,Pharma,West,Contract,364,3.0,3.0,0.9085,792.77,0.0,1.0,,0
473,Mid-Market,5.127,2019-04-11,Apparel,Midwest,Contract,2323,12.0,10.0,0.9622416666666668,2219.72,0.25,0.8333333333333334,0.021950000000000025,0
474,Mid-Market,4.658,2025-05-07,Apparel,Northeast,Contract,105,3.0,3.0,1.0007333333333335,617.99,0.0,1.0,,0
475,Mid-Market,3.994,2024-11-29,Pharma,International,Contract,264,5.0,5.0,0.95204,557.32,0.0,1.0,,0
476,Mid-Market,4.365,2020-01-07,Electronics,Northeast,Contract,2052,6.0,6.0,0.9958166666666667,1351.43,0.16666666666666666,1.0,-0.013299999999999979,0
477,Mid-Market,4.617,2019-12-05,Automotive,Midwest,Spot,2085,12.0,11.0,1.0026916666666665,1732.7199999999998,0.08333333333333333,0.9166666666666666,-0.005626666666666669,0
478,SMB,7.518,2023-08-12,Pharma,Northeast,Spot,739,2.0,2.0,0.9947,514.76,1.0,1.0,,0
479,SMB,4.894,2019-01-25,Pharma,Northeast,Spot,2399,4.0,3.0,0.9851,539.8,0.0,0.75,0.09520000000000006,0
480,Mid-Market,4.569,2022-05-16,Electronics,Northeast,Contract,1192,9.0,8.0,1.035411111111111,1625.71,0.2222222222222222,0.8888888888888888,-0.021333333333333315,0
481,Mid-Market,2.903,2019-06-10,Retail,Southeast,Contract,2263,5.0,4.0,1.00792,484.34000000000003,0.4,0.8,0.0374000000000001,0
482,Mid-Market,4.242,2022-07-18,Pharma,Midwest,Contract,1129,8.0,8.0,0.9981625000000001,1733.7900000000002,0.375,1.0,0.04513333333333347,0
483,SMB,5.765,2021-05-02,Electronics,Midwest,Spot,1571,4.0,2.0,0.9995499999999999,211.92000000000002,0.5,0.5,-0.22649999999999992,0
484,Mid-Market,4.651,2023-09-17,Apparel,West,Contract,703,14.0,14.0,0.9917071428571429,2006.91,0.2857142857142857,1.0,-0.06684999999999997,0
485,Enterprise,2.232,2024-11-14,Electronics,West,Contract,279,15.0,15.0,1.0471933333333334,2533.6200000000003,0.4666666666666667,1.0,0.15148333333333341,0
486,Mid-Market,4.347,2022-04-05,Industrial,Northeast,Contract,1233,13.0,12.0,0.9591307692307692,1425.4299999999998,0.0,0.9230769230769231,-0.00822142857142849,0
487,SMB,5.395,2023-04-12,Apparel,Northeast,Spot,861,5.0,4.0,0.94428,1671.75,0.0,0.8,-0.15505000000000002,0
488,Mid-Market,4.378,2023-01-01,Food & Beverage,Midwest,Spot,962,10.0,9.0,0.9772700000000001,1302.5000000000002,0.2,0.9,,0
490,SMB,6.805,2020-07-16,Apparel,Midwest,Contract,1861,5.0,5.0,0.97226,1013.69,0.0,1.0,-0.006199999999999983,0
491,SMB,4.931,2020-08-04,Pharma,Southeast,Spot,1842,5.0,5.0,0.98322,1109.1200000000001,0.4,1.0,-0.09855000000000014,0
492,SMB,6.374,2021-07-10,Pharma,West,Spot,1502,2.0,1.0,1.04095,53.46,0.5,0.5,,0
493,SMB,4.807,2023-11-29,Industrial,Northeast,Spot,630,6.0,6.0,0.9595833333333333,721.25,0.16666666666666666,1.0,,0
494,Mid-Market,5.039,2024-10-07,Electronics,Midwest,Contract,317,10.0,10.0,0.96624,1786.54,0.2,1.0,0.08824999999999994,0
495,SMB,6.536,2020-11-08,Food & Beverage,Northeast,Spot,1746,3.0,3.0,1.0135333333333332,683.47,0.3333333333333333,1.0,0.05819999999999992,0
496,SMB,4.614,2019-09-25,Electronics,Midwest,Spot,2156,4.0,4.0,0.98815,962.5699999999999,0.5,1.0,,0
497,SMB,7.235,2023-01-22,Pharma,Southeast,Spot,941,6.0,6.0,0.9454666666666668,567.14,0.16666666666666666,1.0,,0
498,SMB,7.054,2022-12-26,Industrial,West,Spot,968,8.0,7.0,0.9590125,1149.6799999999998,0.125,0.875,0.05063333333333331,0
499,Mid-Market,3.629,2021-07-01,Pharma,Northeast,Spot,1511,14.0,13.0,0.9864785714285714,1893.8400000000004,0.07142857142857142,0.9285714285714286,-0.00043999999999988493,0
500,SMB,8.89,2020-03-24,Manufacturing,Midwest,Spot,1975,10.0,10.0,0.98247,1754.8700000000001,0.4,1.0,0.048800000000000066,0
501,SMB,7.617,2024-08-31,Industrial,Northeast,Spot,354,3.0,1.0,1.0149333333333335,123.94,0.0,0.3333333333333333,,0
502,Occasional,7.223,2024-08-23,Automotive,West,Spot,362,1.0,1.0,0.8713,135.31,1.0,1.0,,0
503,Occasional,7.645,2023-12-26,Food & Beverage,Northeast,Spot,603,6.0,5.0,0.9332833333333334,549.24,0.3333333333333333,0.8333333333333334,-0.04409999999999992,1
504,SMB,6.093,2022-11-10,Manufacturing,Northeast,Spot,1014,4.0,4.0,0.9927750000000001,435.24,0.5,1.0,0.1195666666666666,0
505,SMB,7.582,2020-09-28,Food & Beverage,West,Contract,1787,5.0,4.0,0.86862,894.1999999999999,0.2,0.8,,0
506,SMB,4.923,2021-09-08,Automotive,Northeast,Contract,1442,11.0,10.0,0.9562090909090909,1223.01,0.45454545454545453,0.9090909090909091,-0.0010999999999999899,0
507,Mid-Market,3.135,2019-06-16,Pharma,Northeast,Spot,2257,7.0,7.0,0.9901428571428571,656.31,0.42857142857142855,1.0,0.0569333333333335,0
508,Occasional,8.393,2020-08-31,Manufacturing,West,Spot,1815,1.0,1.0,0.9553,50.23,0.0,1.0,,1
509,SMB,5.445,2022-01-01,Manufacturing,West,Spot,1327,5.0,5.0,1.01376,768.82,0.6,1.0,0.03475000000000006,0
510,Mid-Market,4.287,2021-11-29,Industrial,West,Contract,1360,16.0,15.0,0.98799375,1691.25,0.25,0.9375,0.06146666666666667,0
511,Enterprise,2.614,2019-07-15,Food & Beverage,Southeast,Contract,2228,19.0,17.0,1.0555684210526317,6025.94,0.3684210526315789,0.8947368421052632,,0
513,Enterprise,1.8,2020-10-15,Electronics,West,Contract,1770,12.0,11.0,1.0318916666666667,2183.8500000000004,0.25,0.9166666666666666,-0.05590000000000006,0
514,Mid-Market,5.288,2022-05-24,Retail,Northeast,Spot,1184,11.0,9.0,0.9806090909090909,1211.97,0.18181818181818182,0.8181818181818182,0.11885000000000001,0
515,Mid-Market,6.119,2022-02-06,Food & Beverage,West,Spot,1291,10.0,9.0,0.98062,1080.1,0.2,0.9,-0.02069999999999994,0
516,Mid-Market,5.304,2022-02-17,Apparel,Northeast,Spot,1280,12.0,12.0,1.0172916666666667,3639.7200000000007,0.5833333333333334,1.0,0.04732500000000006,0
517,Mid-Market,3.279,2024-08-19,Electronics,International,Spot,366,5.0,4.0,0.95618,993.72,0.0,0.8,-0.11269999999999991,0
518,SMB,7.0,2023-12-23,Pharma,Midwest,Spot,606,4.0,4.0,1.001875,474.83,1.0,1.0,,0
519,Enterprise,3.305,2024-10-13,Food & Beverage,Midwest,Contract,311,11.0,11.0,1.0175,1677.5699999999997,0.45454545454545453,1.0,-0.03302500000000008,0
520,SMB,4.01,2021-07-11,Electronics,Midwest,Spot,1501,5.0,4.0,1.0261200000000001,383.78999999999996,0.6,0.8,,0
521,Occasional,8.468,2020-10-07,Electronics,Northeast,Spot,1778,2.0,2.0,0.9378,192.17000000000002,0.0,1.0,,0
522,Mid-Market,4.391,2021-11-06,Electronics,Southeast,Contract,1383,9.0,8.0,0.9556777777777776,1862.4700000000003,0.4444444444444444,0.8888888888888888,-0.015641666666666554,0
523,Mid-Market,4.831,2022-09-29,Electronics,West,Spot,1056,6.0,6.0,0.9643666666666667,926.16,0.3333333333333333,1.0,-0.13570000000000004,0
524,SMB,6.555,2021-03-31,Apparel,Midwest,Spot,1603,5.0,5.0,1.0002,1786.4,0.0,1.0,-0.04533333333333334,0
525,Mid-Market,4.76,2022-01-25,Electronics,Midwest,Spot,1303,8.0,8.0,1.0388375,1583.87,0.25,1.0,0.07967499999999994,0
526,Mid-Market,5.085,2020-01-03,Apparel,Northeast,Spot,2056,10.0,9.0,0.97699,3401.72,0.1,0.9,0.05070000000000008,0
527,Occasional,7.929,2022-11-22,Electronics,West,Spot,1002,1.0,1.0,1.0072,119.73,0.0,1.0,,0
528,Occasional,10.054,2023-10-05,Electronics,Southeast,Spot,685,3.0,3.0,0.9869666666666665,481.52,1.0,1.0,-0.03980000000000006,0
529,SMB,5.376,2022-07-07,Industrial,Northeast,Spot,1140,5.0,4.0,0.96196,493.85,0.0,0.8,-0.0131,0
530,Mid-Market,3.775,2024-10-26,Industrial,International,Spot,298,16.0,16.0,1.01050625,3284.98,0.25,1.0,0.040783333333333394,0
532,SMB,5.307,2025-01-14,Electronics,Midwest,Spot,218,5.0,3.0,0.9423199999999999,584.4,0.6,0.6,,0
533,Mid-Market,4.658,2019-08-15,Apparel,International,Contract,2197,11.0,9.0,0.9705909090909092,2241.03,0.0,0.8181818181818182,-0.005824999999999969,0
534,SMB,7.109,2024-11-14,Retail,Southeast,Spot,279,5.0,5.0,0.9764200000000001,1387.4,0.4,1.0,,0
535,Enterprise,2.259,2021-03-23,Food & Beverage,International,Contract,1611,18.0,18.0,1.056627777777778,2622.38,0.3888888888888889,1.0,0.06123333333333325,0
536,Mid-Market,4.978,2022-01-05,Pharma,West,Contract,1323,11.0,10.0,0.9720545454545455,1833.95,0.2727272727272727,0.9090909090909091,0.006099999999999994,0
537,SMB,6.623,2021-09-30,Apparel,Midwest,Contract,1420,6.0,5.0,0.97385,614.7,0.0,0.8333333333333334,0.004449999999999954,0
538,Mid-Market,5.343,2020-11-22,Retail,Northeast,Spot,1732,10.0,10.0,0.9714,1673.04,0.1,1.0,-0.06149999999999989,0
539,Mid-Market,3.875,2024-11-06,Retail,Northeast,Contract,287,6.0,6.0,0.9895999999999999,1418.12,0.16666666666666666,1.0,,0
540,Occasional,9.364,2023-04-03,Electronics,Southeast,Spot,870,3.0,3.0,0.9935333333333333,635.6,0.6666666666666666,1.0,,0
542,SMB,8.28,2025-05-13,Pharma,Northeast,Spot,99,4.0,4.0,0.96355,672.91,0.25,1.0,,0
543,Occasional,9.744,2021-10-19,Industrial,Midwest,Spot,1401,1.0,1.0,1.0083,115.8,0.0,1.0,,1
544,Occasional,9.957,2023-11-06,Electronics,West,Spot,653,3.0,2.0,0.9139666666666667,571.2,0.0,0.6666666666666666,,1
545,Mid-Market,4.289,2022-05-08,Food & Beverage,Northeast,Spot,1200,13.0,13.0,1.0027076923076923,2509.21,0.15384615384615385,1.0,-0.05793333333333339,0
546,SMB,6.608,2022-04-19,Manufacturing,West,Spot,1219,6.0,5.0,0.9899999999999999,1011.24,0.3333333333333333,0.8333333333333334,-0.015600000000000058,0
547,Mid-Market,2.167,2023-12-07,Retail,International,Spot,622,10.0,10.0,0.94263,1484.2500000000002,0.2,1.0,0.03825999999999985,0
548,Mid-Market,4.041,2023-08-05,Apparel,West,Spot,746,12.0,12.0,0.9836666666666667,1354.1899999999998,0.4166666666666667,1.0,-0.06510499999999997,0
550,SMB,6.304,2024-02-25,Pharma,West,Spot,542,5.0,4.0,0.99502,478.65,0.2,0.8,0.08560000000000001,1
551,SMB,4.987,2023-02-23,Apparel,Northeast,Spot,909,3.0,2.0,0.9853333333333333,226.05,0.3333333333333333,0.6666666666666666,,0
552,Mid-Market,4.128,2025-02-16,Automotive,Southeast,Contract,185,2.0,2.0,0.9937499999999999,281.25,0.0,1.0,,0
553,Mid-Market,3.682,2019-09-07,Manufacturing,International,Contract,2174,13.0,13.0,1.0085692307692307,1991.3399999999997,0.0,1.0,0.018966666666666687,0
555,Enterprise,3.616,2021-08-13,Industrial,West,Contract,1468,19.0,19.0,1.0336315789473685,5090.569999999999,0.3684210526315789,1.0,0.012341666666666695,0
556,Mid-Market,4.749,2021-11-20,Food & Beverage,International,Spot,1369,6.0,6.0,1.00495,1795.97,0.16666666666666666,1.0,0.056400000000000006,0
557,Mid-Market,4.55,2024-03-18,Retail,Northeast,Spot,520,11.0,11.0,1.000118181818182,2472.47,0.18181818181818182,1.0,0.0008999999999999009,0
558,SMB,7.087,2020-10-28,Electronics,Southeast,Spot,1757,6.0,6.0,0.9666166666666666,781.1000000000001,0.16666666666666666,1.0,,0
559,SMB,7.308,2024-11-21,Automotive,Midwest,Contract,272,4.0,3.0,1.003475,820.75,0.25,0.75,,0
560,SMB,9.563,2022-05-02,Automotive,Northeast,Spot,1206,6.0,6.0,1.0038,904.76,0.0,1.0,-0.04917500000000019,0
561,Mid-Market,2.567,2021-04-29,Electronics,Midwest,Contract,1574,6.0,5.0,0.95605,1277.94,0.3333333333333333,0.8333333333333334,,0
562,Mid-Market,4.794,2021-03-10,Manufacturing,West,Spot,1624,9.0,9.0,1.036488888888889,1603.9699999999998,0.3333333333333333,1.0,0.05469999999999997,0
563,Occasional,8.011,2021-10-21,Electronics,Midwest,Spot,1399,2.0,2.0,0.88145,224.66,0.5,1.0,,0
564,SMB,5.854,2025-04-14,Manufacturing,Southeast,Spot,128,3.0,3.0,0.9725,266.98,0.3333333333333333,1.0,,0
565,SMB,6.279,2019-09-07,Apparel,West,Spot,2174,2.0,2.0,0.99265,242.45999999999998,1.0,1.0,,0
566,SMB,5.909,2022-05-21,Automotive,Northeast,Spot,1187,5.0,4.0,1.00776,705.34,0.2,0.8,,0
567,SMB,6.855,2024-07-26,Retail,West,Spot,390,4.0,3.0,0.952975,328.35,0.0,0.75,-0.04423333333333346,0
568,Enterprise,2.584,2022-02-23,Apparel,Northeast,Contract,1274,21.0,21.0,1.0423952380952382,4788.89,0.19047619047619047,1.0,-0.024185000000000123,0
569,Mid-Market,3.765,2022-10-10,Automotive,West,Contract,1045,11.0,11.0,0.9799,2186.8199999999997,0.0,1.0,0.0054833333333333956,0
570,SMB,7.058,2021-04-27,Pharma,Midwest,Spot,1576,3.0,3.0,1.0306333333333333,201.32,0.6666666666666666,1.0,,0
571,Mid-Market,5.037,2019-11-28,Automotive,Southeast,Contract,2092,13.0,12.0,0.981223076923077,2130.6000000000004,0.23076923076923078,0.9230769230769231,-0.05331428571428576,0
573,SMB,6.536,2025-02-18,Apparel,Northeast,Contract,183,5.0,5.0,0.9570000000000001,1192.69,0.2,1.0,,0
574,SMB,7.904,2022-06-20,Manufacturing,Southeast,Spot,1157,3.0,3.0,0.9653,512.84,0.3333333333333333,1.0,,0
575,Occasional,7.055,2021-11-18,Industrial,West,Spot,1371,2.0,1.0,0.9236,35.44,0.0,0.5,,0
576,SMB,5.86,2019-11-11,Food & Beverage,West,Spot,2109,3.0,2.0,1.0088666666666668,92.8,0.3333333333333333,0.6666666666666666,,0
577,Occasional,7.612,2025-04-19,Retail,Northeast,Spot,123,2.0,2.0,1.01425,190.48000000000002,0.0,1.0,,0
578,SMB,7.783,2024-10-17,Apparel,West,Spot,307,10.0,9.0,0.98627,2473.63,0.2,0.9,,0
579,Occasional,8.919,2025-01-05,Apparel,West,Spot,227,3.0,3.0,0.9392,339.21000000000004,0.0,1.0,,1
580,Mid-Market,3.446,2021-05-24,Food & Beverage,West,Contract,1549,14.0,13.0,0.9538428571428571,3842.9100000000003,0.2857142857142857,0.9285714285714286,-0.03629333333333329,0
581,SMB,7.246,2023-03-03,Electronics,Southeast,Contract,901,3.0,3.0,0.916,317.48,0.3333333333333333,1.0,,0
582,SMB,6.586,2021-11-19,Retail,Northeast,Spot,1370,8.0,6.0,1.018925,715.5999999999999,0.25,0.75,-0.010099999999999998,0
583,Mid-Market,4.627,2020-07-25,Industrial,International,Spot,1852,11.0,11.0,0.9805272727272727,3079.6099999999997,0.36363636363636365,1.0,0.03916666666666657,0
584,Mid-Market,4.345,2020-05-15,Manufacturing,Southeast,Contract,1923,12.0,12.0,0.9759083333333334,2019.8600000000001,0.3333333333333333,1.0,-0.03808333333333347,0
585,Occasional,7.287,2021-07-23,Automotive,Southeast,Spot,1489,2.0,1.0,0.9585,61.31,0.0,0.5,0.04499999999999993,1
586,SMB,6.222,2022-09-09,Pharma,West,Spot,1076,3.0,2.0,0.9503666666666666,149.54,0.0,0.6666666666666666,-0.028999999999999915,1
587,Mid-Market,4.873,2019-10-25,Apparel,Southeast,Spot,2126,9.0,9.0,0.9901666666666666,2109.85,0.2222222222222222,1.0,0.06945000000000001,0
588,Mid-Market,4.712,2023-09-06,Apparel,West,Spot,714,13.0,13.0,0.9693384615384615,3315.07,0.15384615384615385,1.0,0.011370000000000102,0
589,Mid-Market,4.37,2022-01-19,Automotive,Northeast,Contract,1309,7.0,7.0,1.0050857142857144,1134.3,0.14285714285714285,1.0,0.16599999999999993,0
590,Enterprise,3.114,2024-11-15,Retail,West,Contract,278,14.0,14.0,1.0553428571428571,2560.5,0.42857142857142855,1.0,,0
591,Occasional,7.978,2020-11-09,Industrial,International,Spot,1745,2.0,2.0,0.9935,396.29,0.5,1.0,,1
592,SMB,9.512,2019-05-06,Retail,International,Spot,2298,3.0,2.0,0.9664666666666667,178.25,0.0,0.6666666666666666,-0.09229999999999994,0
593,Mid-Market,3.217,2021-01-29,Industrial,International,Contract,1664,10.0,10.0,0.9688800000000001,1186.6,0.3,1.0,0.11830000000000007,0
595,Enterprise,2.573,2021-02-23,Automotive,Southeast,Contract,1639,19.0,19.0,1.0288842105263158,4357.700000000001,0.15789473684210525,1.0,0.032399999999999984,0
596,Mid-Market,3.271,2023-09-10,Retail,International,Spot,710,13.0,12.0,0.9841307692307691,2254.37,0.15384615384615385,0.9230769230769231,-0.06064999999999998,0
597,SMB,6.958,2024-08-15,Food & Beverage,International,Contract,370,3.0,2.0,0.9459,332.58000000000004,0.3333333333333333,0.6666666666666666,,0
598,SMB,5.7,2020-11-23,Pharma,Midwest,Spot,1731,1.0,1.0,0.9623,41.57,0.0,1.0,,0
599,Occasional,6.839,2023-04-14,Industrial,Southeast,Spot,859,1.0,1.0,0.9693,136.74,0.0,1.0,,0
600,SMB,8.743,2020-05-12,Retail,Northeast,Contract,1926,2.0,2.0,1.0383,256.33000000000004,0.0,1.0,,0
601,SMB,7.664,2021-05-31,Retail,Midwest,Contract,1542,5.0,5.0,0.96132,915.27,0.2,1.0,,0
602,SMB,5.786,2020-12-21,Apparel,West,Spot,1703,5.0,5.0,1.00788,1052.41,0.2,1.0,0.036799999999999944,0
604,SMB,7.215,2024-11-02,Automotive,Southeast,Spot,291,3.0,3.0,0.9321999999999999,139.62,0.0,1.0,-0.0514,0
606,SMB,6.909,2020-12-10,Industrial,Northeast,Spot,1714,8.0,7.0,0.9967874999999999,1343.62,0.375,0.875,0.12463333333333326,0
607,Occasional,9.444,2024-06-21,Pharma,International,Contract,425,4.0,2.0,0.95855,173.31,0.5,0.5,0.10526666666666673,1
608,Mid-Market,4.075,2022-01-31,Industrial,Southeast,Contract,1297,5.0,5.0,1.00916,595.6400000000001,0.2,1.0,0.01629999999999998,0
609,SMB,5.98,2022-06-03,Manufacturing,Northeast,Contract,1174,2.0,2.0,0.9685,158.92,0.0,1.0,,1
610,SMB,7.51,2023-09-15,Electronics,Northeast,Spot,705,4.0,4.0,0.9555,1093.61,0.0,1.0,,0
611,SMB,7.067,2019-12-02,Food & Beverage,West,Spot,2088,4.0,3.0,0.92215,386.61999999999995,0.25,0.75,,0
612,SMB,6.859,2024-10-24,Retail,West,Spot,300,6.0,6.0,0.9737,1357.1,0.3333333333333333,1.0,,0
613,Occasional,8.82,2021-06-08,Retail,Northeast,Spot,1534,2.0,1.0,0.9836,62.39,0.5,0.5,,1
614,Occasional,6.334,2023-05-23,Electronics,Northeast,Spot,820,3.0,3.0,0.9954666666666666,347.19,0.0,1.0,,0
615,Mid-Market,4.593,2021-11-18,Apparel,Southeast,Contract,1371,8.0,8.0,0.9474125,2622.04,0.5,1.0,0.12550000000000006,0
616,SMB,6.55,2024-01-08,Apparel,Northeast,Spot,590,3.0,2.0,0.9867333333333334,275.99,0.3333333333333333,0.6666666666666666,,0
617,SMB,7.117,2023-01-29,Retail,West,Spot,934,2.0,2.0,0.9309499999999999,210.28,0.5,1.0,0.02650000000000008,0
618,Mid-Market,4.053,2020-02-27,Retail,Northeast,Contract,2001,5.0,5.0,0.9671600000000001,1079.3400000000001,0.4,1.0,0.0363,0
619,Mid-Market,5.163,2020-04-02,Apparel,Midwest,Contract,1966,13.0,13.0,0.9649846153846154,2926.17,0.38461538461538464,1.0,-0.015000000000000124,0
620,Enterprise,2.585,2024-11-06,Electronics,Southeast,Contract,287,12.0,12.0,1.021,1913.1999999999994,0.3333333333333333,1.0,-0.07723333333333315,0
621,SMB,6.875,2022-06-19,Automotive,Midwest,Spot,1158,4.0,4.0,0.9808250000000001,294.81,0.75,1.0,-0.17410000000000003,1
622,SMB,6.671,2020-11-02,Electronics,Southeast,Spot,1752,6.0,4.0,0.9933333333333333,357.19,0.3333333333333333,0.6666666666666666,0.06884999999999986,0
623,Occasional,7.808,2019-12-15,Electronics,Northeast,Spot,2075,6.0,5.0,0.9661333333333334,603.91,0.16666666666666666,0.8333333333333334,-0.20719999999999994,1
624,SMB,5.831,2019-11-09,Manufacturing,Northeast,Spot,2111,11.0,10.0,0.9603363636363637,1410.7800000000002,0.18181818181818182,0.9090909090909091,-0.02390833333333331,0
625,Occasional,8.148,2025-02-17,Electronics,Northeast,Spot,184,1.0,1.0,0.9124,334.07,0.0,1.0,,0
627,SMB,8.633,2021-08-16,Food & Beverage,International,Spot,1465,10.0,10.0,0.97133,1868.49,0.1,1.0,-0.02180000000000004,0
628,Mid-Market,3.731,2020-05-05,Apparel,Southeast,Spot,1933,6.0,6.0,0.9781666666666666,2123.79,0.16666666666666666,1.0,-0.025000000000000022,0
629,SMB,5.339,2021-10-16,Retail,Southeast,Spot,1404,3.0,3.0,0.9978999999999999,299.46000000000004,0.0,1.0,,0
630,SMB,7.113,2019-11-29,Pharma,Northeast,Spot,2091,4.0,4.0,0.986375,561.16,0.0,1.0,-0.12034999999999996,0
631,Occasional,8.155,2022-08-31,Food & Beverage,West,Spot,1085,1.0,1.0,0.9233,125.06,0.0,1.0,,1
632,SMB,6.216,2023-03-05,Industrial,International,Contract,899,6.0,5.0,0.9870166666666665,1447.9700000000003,0.16666666666666666,0.8333333333333334,,0
634,Mid-Market,4.35,2021-02-15,Retail,Midwest,Contract,1647,8.0,7.0,0.9999125,1069.3000000000002,0.375,0.875,0.016699999999999826,0
635,Enterprise,2.66,2020-04-26,Apparel,West,Contract,1942,16.0,15.0,1.03255625,4254.34,0.0625,0.9375,-0.05042499999999972,0
636,Mid-Market,4.803,2019-11-21,Manufacturing,Southeast,Contract,2099,7.0,5.0,0.9977428571428572,779.5,0.2857142857142857,0.7142857142857143,,0
637,SMB,8.711,2021-07-07,Industrial,West,Spot,1505,5.0,4.0,0.95992,362.47999999999996,0.2,0.8,-0.031299999999999994,0
638,SMB,5.516,2023-01-03,Food & Beverage,West,Spot,960,3.0,2.0,0.9664333333333334,114.86,0.3333333333333333,0.6666666666666666,,0
639,SMB,5.718,2019-06-12,Automotive,Northeast,Contract,2261,7.0,7.0,0.9227285714285715,2097.08,0.0,1.0,-0.057666666666666644,0
640,Occasional,8.92,2024-01-23,Apparel,Midwest,Spot,575,3.0,2.0,1.0157,307.19,0.3333333333333333,0.6666666666666666,-0.0010999999999998789,0
641,SMB,5.436,2022-01-25,Food & Beverage,Southeast,Spot,1303,3.0,3.0,0.9350666666666667,279.40000000000003,0.3333333333333333,1.0,-0.08079999999999998,0
642,SMB,6.988,2024-04-15,Pharma,Northeast,Spot,492,6.0,5.0,0.9828,1304.54,0.3333333333333333,0.8333333333333334,,0
643,Enterprise,2.759,2022-02-02,Manufacturing,West,Contract,1295,18.0,18.0,1.0293777777777777,5552.7300000000005,0.2222222222222222,1.0,0.04644999999999988,0
644,Mid-Market,4.892,2020-01-14,Retail,Northeast,Contract,2045,13.0,13.0,1.0016615384615384,1484.5199999999998,0.15384615384615385,1.0,,0
645,SMB,4.952,2019-02-22,Automotive,West,Spot,2371,5.0,5.0,0.9724,1164.08,0.4,1.0,,1
646,Occasional,11.081,2022-09-17,Industrial,International,Spot,1068,4.0,3.0,0.9313750000000001,205.56,0.5,0.75,-0.005099999999999993,0
647,Enterprise,2.208,2022-08-06,Automotive,Midwest,Contract,1110,15.0,15.0,1.0156466666666666,3808.7900000000004,0.26666666666666666,1.0,0.010270000000000001,0
648,SMB,6.026,2024-06-04,Electronics,Southeast,Spot,442,4.0,3.0,0.928025,604.99,0.25,0.75,-0.03970000000000007,0
649,SMB,4.017,2024-11-06,Electronics,Midwest,Contract,287,5.0,3.0,1.00988,416.92,0.0,0.6,0.04315000000000013,1
650,Enterprise,2.537,2020-01-28,Electronics,West,Contract,2031,18.0,18.0,1.021938888888889,4169.78,0.2222222222222222,1.0,-0.03245000000000009,0
651,Mid-Market,6.291,2021-02-05,Apparel,Southeast,Spot,1657,10.0,10.0,0.9904999999999999,2062.77,0.2,1.0,-0.04685000000000006,0
652,Occasional,10.099,2020-05-20,Pharma,Southeast,Spot,1918,3.0,3.0,0.9830666666666668,521.89,0.0,1.0,,1
653,SMB,6.889,2019-09-17,Automotive,Midwest,Spot,2164,5.0,5.0,0.9858,601.3399999999999,0.0,1.0,,0
654,Mid-Market,3.998,2019-01-06,Industrial,International,Spot,2418,12.0,11.0,1.0067333333333333,2285.21,0.16666666666666666,0.9166666666666666,0.0816583333333335,0
655,Occasional,7.22,2019-07-20,Food & Beverage,Southeast,Spot,2223,4.0,4.0,0.9152750000000001,1229.5500000000002,0.0,1.0,-0.11410000000000009,0
656,Mid-Market,4.534,2022-07-01,Apparel,Southeast,Contract,1146,14.0,13.0,0.9701714285714286,1441.58,0.14285714285714285,0.9285714285714286,-0.09425714285714293,0
657,Occasional,9.885,2020-01-05,Pharma,International,Spot,2054,3.0,3.0,0.9042,124.28999999999999,0.0,1.0,,0
658,Mid-Market,4.984,2020-04-19,Industrial,Northeast,Spot,1949,6.0,6.0,1.0021,1310.93,0.16666666666666666,1.0,0.09966666666666657,0
659,SMB,6.0,2019-10-14,Electronics,Northeast,Spot,2137,6.0,5.0,0.9751500000000001,606.3499999999999,0.16666666666666666,0.8333333333333334,,0
660,Mid-Market,4.579,2023-10-30,Manufacturing,Midwest,Spot,660,13.0,12.0,0.9767153846153847,2368.96,0.46153846153846156,0.9230769230769231,-0.08494499999999994,0
661,Mid-Market,4.149,2023-03-28,Food & Beverage,Northeast,Contract,876,11.0,10.0,0.9500545454545454,1465.27,0.2727272727272727,0.9090909090909091,0.03432500000000005,0
663,Mid-Market,3.206,2019-09-29,Industrial,Midwest,Contract,2152,4.0,3.0,0.985225,413.3,0.25,0.75,0.031950000000000034,0
664,Mid-Market,4.14,2020-05-23,Automotive,Midwest,Spot,1915,17.0,15.0,0.9948529411764707,3412.4900000000002,0.11764705882352941,0.8823529411764706,0.06182499999999991,0
665,Mid-Market,3.634,2022-01-14,Retail,Midwest,Spot,1314,11.0,11.0,1.0033181818181818,2790.46,0.18181818181818182,1.0,-0.057599999999999985,0
666,SMB,4.814,2023-04-30,Pharma,Southeast,Contract,843,4.0,4.0,1.0177,693.31,0.25,1.0,0.054099999999999926,0
667,SMB,7.903,2019-11-13,Manufacturing,Midwest,Spot,2107,8.0,7.0,0.9941875,985.24,0.375,0.875,0.010033333333333339,0
668,Occasional,7.51,2020-05-30,Electronics,Midwest,Spot,1908,1.0,1.0,0.8394,88.04,1.0,1.0,,0
669,Mid-Market,3.046,2021-10-23,Industrial,West,Spot,1397,8.0,8.0,1.0141125,2399.23,0.375,1.0,-0.05570000000000008,0
670,Mid-Market,3.884,2019-02-13,Industrial,West,Contract,2380,16.0,15.0,0.983125,1895.98,0.3125,0.9375,-0.03015000000000012,0
671,Mid-Market,3.658,2021-08-20,Manufacturing,West,Spot,1461,10.0,10.0,0.9967599999999999,1711.21,0.0,1.0,-0.14385000000000003,0
672,SMB,5.031,2024-01-22,Manufacturing,West,Spot,576,10.0,7.0,1.00923,657.4000000000001,0.2,0.7,-0.03318333333333334,0
673,Occasional,10.158,2022-07-06,Apparel,West,Spot,1141,1.0,1.0,0.989,168.43,1.0,1.0,,0
674,SMB,7.556,2021-11-22,Food & Beverage,Northeast,Spot,1367,9.0,8.0,0.9923,1627.2199999999998,0.4444444444444444,0.8888888888888888,0.03247999999999995,0
675,SMB,5.759,2022-04-03,Food & Beverage,International,Spot,1235,5.0,5.0,0.99548,1345.29,0.6,1.0,,0
676,Mid-Market,5.125,2025-04-24,Automotive,West,Contract,118,2.0,2.0,0.92465,568.94,0.5,1.0,,0
677,Occasional,8.543,2022-06-21,Industrial,Southeast,Spot,1156,3.0,3.0,0.9895333333333333,655.88,0.3333333333333333,1.0,-0.06094999999999995,0
678,SMB,8.522,2022-07-24,Industrial,Northeast,Contract,1123,6.0,6.0,0.9876166666666667,609.98,0.5,1.0,-0.07948333333333335,0
679,Mid-Market,5.141,2025-03-16,Automotive,Midwest,Spot,157,7.0,5.0,1.0271285714285714,363.09,0.14285714285714285,0.7142857142857143,,0
680,Mid-Market,3.787,2020-01-19,Industrial,Southeast,Spot,2040,12.0,12.0,0.9910833333333334,2204.75,0.25,1.0,0.00696500000000011,0
681,Enterprise,2.295,2019-08-22,Apparel,West,Contract,2190,15.0,14.0,1.02346,1972.62,0.06666666666666667,0.9333333333333333,0.0394000000000001,0
682,Mid-Market,4.366,2021-12-31,Industrial,Midwest,Contract,1328,7.0,5.0,0.9585142857142858,892.62,0.42857142857142855,0.7142857142857143,0.04891666666666683,0
683,Enterprise,3.75,2021-02-14,Pharma,Northeast,Contract,1648,12.0,12.0,1.005775,5079.06,0.16666666666666666,1.0,0.04299333333333322,0
684,SMB,7.499,2020-05-09,Retail,Southeast,Spot,1929,5.0,5.0,0.9707000000000001,822.72,0.2,1.0,-0.03420000000000001,0
685,SMB,5.39,2019-10-18,Automotive,West,Spot,2133,7.0,7.0,0.9560428571428571,3228.8399999999997,0.14285714285714285,1.0,0.11073333333333335,0
686,Mid-Market,2.928,2024-11-08,Industrial,Northeast,Spot,285,11.0,11.0,0.9651181818181819,1479.7499999999998,0.2727272727272727,1.0,,0
687,Mid-Market,4.155,2023-02-04,Electronics,West,Contract,928,10.0,8.0,0.94612,2143.0099999999998,0.3,0.8,-0.03816666666666668,0
689,SMB,5.5,2019-10-15,Pharma,Southeast,Spot,2136,3.0,1.0,0.9815333333333333,124.89,0.0,0.3333333333333333,-0.025699999999999945,0
690,SMB,7.327,2021-04-10,Apparel,Midwest,Contract,1593,6.0,6.0,0.9355833333333333,1200.8799999999999,0.16666666666666666,1.0,0.047700000000000076,0
691,Mid-Market,4.959,2023-02-20,Apparel,Southeast,Contract,912,8.0,8.0,0.9734,1076.96,0.25,1.0,-0.09079999999999999,0
692,Occasional,9.528,2022-07-09,Food & Beverage,Midwest,Spot,1138,3.0,2.0,0.9752666666666666,834.61,0.3333333333333333,0.6666666666666666,,0
693,Mid-Market,5.342,2023-08-20,Automotive,West,Spot,731,8.0,8.0,0.9743999999999999,1266.62,0.125,1.0,0.05389999999999995,0
694,Mid-Market,3.958,2023-06-19,Automotive,Northeast,Contract,793,10.0,8.0,0.99976,1769.45,0.2,0.8,0.00553333333333339,0
695,Occasional,9.147,2021-10-03,Industrial,Southeast,Spot,1417,4.0,3.0,0.966125,406.55999999999995,0.25,0.75,,1
696,SMB,6.285,2024-03-21,Pharma,West,Spot,517,5.0,5.0,1.03516,495.6,0.6,1.0,0.10015000000000007,0
697,SMB,6.397,2020-09-24,Retail,West,Spot,1791,7.0,6.0,1.0013285714285713,1506.3,0.5714285714285714,0.8571428571428571,-0.09960000000000013,0
698,SMB,8.127,2019-07-15,Automotive,Midwest,Contract,2228,5.0,4.0,0.9546199999999999,346.77000000000004,0.4,0.8,0.009499999999999953,0
700,Mid-Market,5.547,2019-02-24,Manufacturing,Northeast,Contract,2369,10.0,9.0,0.97014,2601.02,0.2,0.9,0.03684999999999994,0
701,Mid-Market,3.236,2020-11-21,Electronics,Northeast,Contract,1733,7.0,7.0,0.9931,1111.48,0.2857142857142857,1.0,-0.07979999999999998,0
702,Mid-Market,3.477,2019-10-06,Manufacturing,Midwest,Contract,2145,7.0,7.0,0.9485571428571429,1003.8999999999999,0.14285714285714285,1.0,0.02684999999999993,0
703,Mid-Market,5.239,2020-07-18,Apparel,West,Contract,1859,11.0,8.0,0.9772727272727273,975.7000000000002,0.18181818181818182,0.7272727272727273,0.012349999999999861,0
704,Occasional,8.436,2021-08-19,Food & Beverage,West,Spot,1462,3.0,3.0,0.9300333333333333,985.19,0.0,1.0,,0
705,Mid-Market,6.104,2019-11-12,Manufacturing,Northeast,Contract,2108,8.0,8.0,0.988925,1511.15,0.125,1.0,0.03653333333333342,0
706,SMB,6.71,2022-02-10,Retail,Midwest,Spot,1287,4.0,4.0,0.957625,802.56,0.5,1.0,-0.05840000000000001,0
707,SMB,7.746,2025-03-08,Manufacturing,West,Spot,165,2.0,2.0,1.06135,352.76,0.0,1.0,,0
708,SMB,7.571,2019-11-29,Apparel,Northeast,Spot,2091,6.0,4.0,1.0251166666666667,1859.3899999999999,0.16666666666666666,0.6666666666666666,,0
709,SMB,6.408,2025-03-06,Automotive,Midwest,Spot,167,1.0,1.0,0.9384,152.22,0.0,1.0,,0
710,SMB,6.253,2021-09-28,Electronics,Midwest,Spot,1422,4.0,4.0,0.897125,664.96,0.5,1.0,,1
711,Occasional,8.74,2022-12-13,Retail,Northeast,Spot,981,4.0,3.0,0.946525,229.35000000000002,0.25,0.75,0.06195000000000006,0
712,SMB,4.513,2021-12-11,Pharma,Southeast,Spot,1348,4.0,4.0,0.9581500000000001,785.99,0.25,1.0,,0
713,SMB,5.333,2021-02-10,Automotive,Northeast,Spot,1652,5.0,5.0,0.9826599999999999,837.09,0.0,1.0,0.03774999999999995,0
714,Occasional,7.649,2019-09-23,Retail,International,Spot,2158,3.0,3.0,0.9407333333333333,316.68,0.0,1.0,,0
715,SMB,6.982,2022-12-15,Automotive,Northeast,Spot,979,4.0,4.0,1.006375,309.77,0.5,1.0,,0
716,Mid-Market,5.044,2025-02-10,Manufacturing,Northeast,Contract,191,3.0,3.0,1.0701333333333334,1042.71,0.3333333333333333,1.0,,0
717,SMB,6.435,2022-06-22,Electronics,Northeast,Spot,1155,10.0,10.0,0.98636,915.54,0.3,1.0,-0.0560533333333334,0
718,Mid-Market,4.564,2022-12-29,Pharma,Northeast,Contract,965,6.0,6.0,0.9563666666666667,1891.17,0.0,1.0,,0
719,SMB,6.69,2023-04-17,Retail,Northeast,Contract,856,4.0,2.0,0.9659,307.63,0.25,0.5,,0
720,Occasional,9.776,2021-08-04,Electronics,Midwest,Spot,1477,4.0,4.0,0.91265,745.25,0.25,1.0,,1
721,SMB,7.847,2019-10-21,Manufacturing,Northeast,Spot,2130,3.0,3.0,0.999,471.21,0.3333333333333333,1.0,,0
722,SMB,5.175,2022-05-19,Manufacturing,Southeast,Contract,1189,2.0,1.0,0.9913,267.42,0.0,0.5,,0
723,Enterprise,2.555,2024-10-16,Automotive,Northeast,Contract,308,15.0,14.0,1.05148,3324.88,0.4,0.9333333333333333,-0.09001666666666663,0
725,Mid-Market,2.624,2024-10-23,Retail,Northeast,Spot,301,6.0,5.0,1.01385,609.56,0.16666666666666666,0.8333333333333334,,0
726,Enterprise,3.373,2024-09-11,Manufacturing,Midwest,Contract,343,18.0,18.0,1.014861111111111,2743.7,0.3333333333333333,1.0,-0.08455833333333329,0
727,Mid-Market,2.78,2020-08-19,Retail,West,Contract,1827,7.0,7.0,0.9769,2109.7,0.42857142857142855,1.0,-0.09010000000000007,0
728,Enterprise,2.502,2022-11-01,Pharma,West,Contract,1023,18.0,18.0,1.0431388888888888,3409.9,0.2777777777777778,1.0,-0.034159999999999746,0
729,SMB,6.317,2023-12-26,Industrial,Northeast,Spot,603,5.0,5.0,0.9291,1001.5600000000001,0.0,1.0,,1
730,SMB,6.826,2022-04-20,Manufacturing,West,Spot,1218,9.0,6.0,1.0217888888888889,1131.72,0.3333333333333333,0.6666666666666666,-0.07640000000000002,0
731,Mid-Market,4.716,2023-08-30,Apparel,West,Spot,721,14.0,13.0,0.9881857142857143,2351.36,0.07142857142857142,0.9285714285714286,-0.0724999999999999,0
732,Enterprise,2.73,2025-01-27,Electronics,Northeast,Spot,205,4.0,4.0,1.0732,1032.3999999999999,0.25,1.0,,0
733,Mid-Market,4.278,2023-03-08,Retail,Southeast,Spot,896,11.0,9.0,0.9998454545454546,2430.7699999999995,0.5454545454545454,0.8181818181818182,-0.05848333333333333,0
734,Mid-Market,3.605,2024-08-02,Apparel,West,Contract,383,9.0,8.0,0.9666555555555555,1053.3999999999999,0.3333333333333333,0.8888888888888888,-0.023500000000000076,0
735,Enterprise,1.939,2024-05-04,Manufacturing,Southeast,Contract,473,30.0,28.0,1.05687,5874.299999999999,0.23333333333333334,0.9333333333333333,0.054424615384615294,0
736,SMB,5.755,2024-06-02,Pharma,Southeast,Spot,444,3.0,2.0,1.0291666666666668,1378.84,0.0,0.6666666666666666,0.15450000000000008,0
737,Mid-Market,4.659,2024-09-06,Pharma,Midwest,Contract,348,12.0,11.0,0.9829249999999999,1686.8199999999997,0.4166666666666667,0.9166666666666666,0.1140500000000001,0
738,Mid-Market,4.704,2020-07-03,Pharma,Northeast,Contract,1874,10.0,10.0,0.98927,1616.8899999999999,0.4,1.0,0.04541666666666655,0
739,Mid-Market,5.45,2019-02-14,Manufacturing,International,Contract,2379,6.0,5.0,1.0020166666666668,2517.95,0.3333333333333333,0.8333333333333334,-0.09060000000000001,0
740,Mid-Market,4.723,2020-01-08,Electronics,Northeast,Contract,2051,6.0,6.0,0.9333166666666667,512.3299999999999,0.16666666666666666,1.0,-0.11081666666666679,0
741,Enterprise,2.376,2020-08-30,Apparel,Northeast,Spot,1816,14.0,14.0,1.0350357142857143,2013.69,0.21428571428571427,1.0,-0.044114999999999904,0
742,Mid-Market,5.706,2023-08-08,Industrial,Northeast,Spot,743,7.0,7.0,1.038857142857143,1330.4699999999998,0.7142857142857143,1.0,-0.011800000000000033,0
743,Occasional,9.066,2022-05-26,Retail,Southeast,Spot,1182,3.0,3.0,0.9605,385.65000000000003,0.0,1.0,,1
744,Enterprise,2.705,2022-02-15,Food & Beverage,West,Contract,1282,27.0,25.0,1.0434444444444446,5771.7300000000005,0.2962962962962963,0.9259259259259259,0.05603749999999996,0
745,SMB,8.318,2019-01-23,Industrial,West,Contract,2401,8.0,7.0,0.981875,754.4,0.375,0.875,,0
746,SMB,7.69,2023-07-23,Electronics,International,Spot,759,3.0,3.0,1.0221333333333333,261.03,0.3333333333333333,1.0,,0
747,Mid-Market,4.607,2021-06-05,Food & Beverage,Midwest,Contract,1537,3.0,2.0,1.0021333333333333,1218.92,1.0,0.6666666666666666,,0
748,SMB,6.948,2024-01-27,Industrial,Southeast,Spot,571,4.0,4.0,1.040275,539.85,0.25,1.0,-0.03154999999999997,0
749,SMB,8.753,2019-10-02,Industrial,Southeast,Spot,2149,1.0,1.0,0.9657,74.61,0.0,1.0,,0
750,Occasional,9.371,2020-12-20,Apparel,Northeast,Spot,1704,3.0,2.0,1.0089333333333335,432.29,0.0,0.6666666666666666,-0.08919999999999995,0
751,Mid-Market,4.496,2019-05-14,Apparel,International,Spot,2290,8.0,8.0,0.9710375,2260.83,0.25,1.0,-0.013100000000000112,0
752,Mid-Market,5.558,2020-11-24,Pharma,Midwest,Contract,1730,16.0,15.0,0.97199375,3356.85,0.1875,0.9375,,0
753,Mid-Market,3.719,2025-02-26,Electronics,Southeast,Spot,175,2.0,2.0,1.0252,638.5,0.0,1.0,,0
754,SMB,4.801,2022-04-10,Industrial,Midwest,Contract,1228,6.0,5.0,0.9509666666666666,765.8,0.16666666666666666,0.8333333333333334,,0
755,SMB,6.591,2021-12-06,Retail,West,Spot,1353,3.0,2.0,0.9334000000000001,354.85,0.0,0.6666666666666666,,0
756,Mid-Market,7.133,2020-10-28,Retail,Northeast,Contract,1757,9.0,9.0,0.9686888888888888,2182.86,0.3333333333333333,1.0,0.043266666666666564,0
757,Mid-Market,4.938,2020-10-06,Pharma,West,Contract,1779,6.0,5.0,0.9895999999999999,900.9199999999998,0.3333333333333333,0.8333333333333334,0.07940000000000003,0
758,Occasional,6.953,2023-06-13,Automotive,West,Spot,799,1.0,1.0,0.9329,91.0,0.0,1.0,,1
760,SMB,7.04,2023-12-24,Apparel,Northeast,Contract,605,3.0,3.0,0.9815333333333335,754.76,0.0,1.0,,0
761,SMB,5.503,2023-11-30,Food & Beverage,Northeast,Spot,629,2.0,1.0,0.99465,349.86,0.5,0.5,,0
762,Mid-Market,4.943,2022-02-23,Electronics,Midwest,Contract,1274,12.0,10.0,0.9697250000000001,1900.8999999999999,0.25,0.8333333333333334,0.1045166666666667,0
763,Enterprise,2.711,2019-08-29,Food & Beverage,West,Contract,2183,12.0,10.0,1.0577666666666667,1258.45,0.4166666666666667,0.8333333333333334,,0
764,Mid-Market,5.073,2023-10-29,Electronics,International,Spot,661,9.0,9.0,1.0523444444444445,1234.46,0.2222222222222222,1.0,-0.127575,0
765,Occasional,7.369,2024-05-23,Food & Beverage,Midwest,Spot,454,2.0,2.0,0.9016,684.13,0.5,1.0,,1
766,Enterprise,3.292,2022-05-27,Retail,Northeast,Contract,1181,17.0,17.0,1.0250529411764706,4345.33,0.35294117647058826,1.0,0.1178999999999999,0
767,Mid-Market,6.289,2019-08-11,Electronics,Northeast,Spot,2201,6.0,6.0,0.9932,848.8299999999999,0.6666666666666666,1.0,0.11290000000000022,0
768,Enterprise,2.92,2023-10-02,Industrial,Midwest,Contract,688,20.0,20.0,1.039765,4139.33,0.25,1.0,-0.06350000000000011,0
769,Mid-Market,5.313,2025-02-20,Apparel,Northeast,Contract,181,8.0,7.0,0.9904875,2543.84,0.25,0.875,,0
770,SMB,6.961,2020-07-01,Manufacturing,Midwest,Spot,1876,6.0,3.0,0.96705,425.06,0.5,0.5,0.004050000000000109,0
771,Mid-Market,3.155,2020-01-24,Electronics,West,Contract,2035,6.0,6.0,0.9312,374.99,0.0,1.0,-0.01805000000000001,0
772,SMB,5.272,2023-12-05,Electronics,Southeast,Spot,624,8.0,6.0,0.9614625,1478.75,0.125,0.75,,0
773,SMB,7.429,2021-03-19,Electronics,Southeast,Contract,1615,1.0,1.0,1.0775,340.48,1.0,1.0,,0
775,Enterprise,3.414,2023-09-09,Industrial,Southeast,Contract,711,10.0,9.0,1.03139,1471.7,0.6,0.9,0.037349999999999994,0
776,Occasional,9.704,2020-10-11,Apparel,West,Spot,1774,3.0,3.0,0.9396666666666667,453.47,0.3333333333333333,1.0,0.07550000000000001,0
777,SMB,7.869,2019-04-13,Food & Beverage,Southeast,Contract,2321,6.0,6.0,0.9644166666666667,766.8500000000001,0.3333333333333333,1.0,0.036700000000000066,0
778,Mid-Market,5.863,2022-09-15,Manufacturing,Northeast,Contract,1070,6.0,6.0,0.9759833333333333,1683.9299999999998,0.3333333333333333,1.0,0.12129999999999996,1
779,SMB,6.927,2021-09-19,Manufacturing,Northeast,Spot,1431,4.0,4.0,0.977475,256.02,0.25,1.0,,0
781,Mid-Market,4.293,2021-05-21,Apparel,Midwest,Contract,1552,5.0,5.0,0.9860599999999999,905.35,0.2,1.0,-0.02300000000000002,0
782,Occasional,9.012,2020-08-30,Pharma,Midwest,Spot,1816,2.0,2.0,0.9225,420.64,0.5,1.0,,0
783,SMB,4.377,2024-09-25,Pharma,Midwest,Spot,329,6.0,4.0,0.9894666666666666,829.26,0.16666666666666666,0.6666666666666666,-0.05469999999999997,0
784,SMB,5.44,2023-11-28,Automotive,Midwest,Spot,631,2.0,1.0,0.92425,587.81,0.0,0.5,,0
785,Occasional,9.394,2023-02-14,Automotive,Northeast,Spot,918,2.0,2.0,0.93125,135.65,0.0,1.0,,0
786,Mid-Market,4.696,2025-05-11,Retail,Midwest,Spot,101,3.0,2.0,0.9869,616.71,0.3333333333333333,0.6666666666666666,,0
787,SMB,7.278,2024-03-21,Food & Beverage,Northeast,Spot,517,7.0,5.0,0.9832,577.6299999999999,0.14285714285714285,0.7142857142857143,-0.09775,0
788,Mid-Market,3.449,2024-10-10,Retail,International,Contract,314,5.0,5.0,0.96806,993.05,0.2,1.0,0.09139999999999993,0
789,SMB,6.625,2024-04-29,Food & Beverage,Northeast,Spot,478,4.0,3.0,0.9352499999999999,1594.0,0.0,0.75,,1
790,SMB,3.367,2021-09-04,Apparel,Southeast,Spot,1446,10.0,10.0,0.9403900000000001,1580.3600000000001,0.4,1.0,0.1190500000000001,0
791,Mid-Market,5.074,2019-06-01,Manufacturing,Northeast,Contract,2272,13.0,13.0,0.9868384615384614,3098.3399999999997,0.0,1.0,-0.06663333333333343,0
792,Mid-Market,4.014,2023-01-18,Manufacturing,West,Spot,945,9.0,8.0,0.9861555555555557,3607.1200000000003,0.3333333333333333,0.8888888888888888,,0
793,Mid-Market,4.69,2024-02-06,Food & Beverage,Northeast,Contract,561,6.0,6.0,0.9808,412.8,0.16666666666666666,1.0,0.12336666666666674,0
795,Enterprise,3.795,2023-07-18,Apparel,Northeast,Spot,764,25.0,23.0,1.064928,4244.68,0.0,0.92,-0.024399999999999977,0
796,Mid-Market,4.344,2022-10-16,Retail,West,Contract,1039,9.0,9.0,1.002922222222222,1001.0,0.0,1.0,0.030060000000000087,0
797,Enterprise,2.357,2022-11-02,Manufacturing,Midwest,Contract,1022,14.0,13.0,1.0268714285714287,2296.33,0.35714285714285715,0.9285714285714286,0.019766666666666932,0
798,Mid-Market,6.333,2019-10-08,Automotive,Southeast,Spot,2143,8.0,7.0,0.9875625,1003.52,0.25,0.875,-0.03495000000000004,0
799,SMB,8.091,2019-01-18,Apparel,Northeast,Spot,2406,5.0,5.0,0.98878,895.56,0.2,1.0,-0.12874999999999992,0
801,SMB,5.617,2025-01-12,Automotive,West,Spot,220,2.0,2.0,1.03045,387.65000000000003,0.0,1.0,,0
802,Mid-Market,6.384,2024-04-08,Automotive,West,Contract,499,10.0,9.0,0.97169,874.4999999999999,0.3,0.9,-0.011059999999999959,0
803,Occasional,9.764,2020-09-25,Pharma,Northeast,Spot,1790,5.0,4.0,1.0022600000000002,1463.3799999999999,0.2,0.8,-0.02654999999999985,1
804,SMB,7.794,2021-10-28,Industrial,Southeast,Spot,1392,5.0,5.0,0.8891600000000001,763.25,0.0,1.0,,0
805,Mid-Market,4.642,2022-03-23,Food & Beverage,Northeast,Contract,1246,8.0,7.0,0.9683,1455.07,0.125,0.875,-0.08610000000000007,0
806,Mid-Market,4.658,2020-08-23,Industrial,Northeast,Spot,1823,11.0,11.0,0.9881818181818183,2222.4399999999996,0.18181818181818182,1.0,0.03953333333333331,0
807,SMB,5.787,2021-10-26,Food & Beverage,Midwest,Spot,1394,1.0,1.0,0.9837,165.15,0.0,1.0,,0
808,Mid-Market,4.264,2021-04-26,Food & Beverage,Southeast,Spot,1577,9.0,8.0,1.0104111111111111,1542.08,0.3333333333333333,0.8888888888888888,-0.06989999999999996,0
809,SMB,5.774,2023-08-19,Apparel,Northeast,Spot,732,3.0,3.0,0.9416666666666668,290.43,0.0,1.0,,0
811,Enterprise,2.217,2019-08-28,Manufacturing,West,Contract,2184,19.0,19.0,1.0268263157894737,4269.85,0.0,1.0,0.01442499999999991,0
812,Enterprise,1.995,2022-02-06,Industrial,West,Contract,1291,15.0,15.0,1.0227333333333333,4208.540000000001,0.26666666666666666,1.0,-0.0001266666666666083,0
814,SMB,7.03,2024-10-15,Industrial,International,Spot,309,2.0,2.0,0.9707000000000001,189.19,0.0,1.0,,0
815,Mid-Market,5.595,2024-04-16,Food & Beverage,Midwest,Spot,491,6.0,5.0,0.9717333333333333,858.9000000000001,0.16666666666666666,0.8333333333333334,-0.04872499999999991,0
816,Occasional,11.472,2023-11-25,Industrial,Midwest,Spot,634,3.0,3.0,0.924,527.48,0.0,1.0,,0
817,Occasional,11.543,2019-01-11,Pharma,Northeast,Spot,2413,1.0,1.0,0.998,413.48,1.0,1.0,,0
819,SMB,8.548,2023-11-26,Automotive,Midwest,Spot,633,2.0,2.0,0.9889,179.76,0.0,1.0,,0
820,Mid-Market,4.304,2024-12-03,Manufacturing,West,Spot,260,10.0,9.0,1.00793,1010.4599999999999,0.4,0.9,,0
821,Enterprise,3.766,2025-01-22,Automotive,Midwest,Contract,210,6.0,5.0,1.00345,366.28000000000003,0.5,0.8333333333333334,,0
822,SMB,7.032,2020-09-11,Industrial,West,Spot,1804,4.0,4.0,0.939975,630.98,0.5,1.0,,0
823,Mid-Market,4.221,2019-02-03,Apparel,West,Spot,2390,9.0,9.0,1.0020666666666667,1443.1999999999998,0.1111111111111111,1.0,,0
824,SMB,7.155,2023-05-24,Industrial,International,Spot,819,6.0,5.0,1.0017500000000001,802.5699999999999,0.16666666666666666,0.8333333333333334,,0
825,Occasional,10.38,2022-01-22,Automotive,Northeast,Spot,1306,2.0,2.0,0.91885,69.77,0.0,1.0,,1
826,Enterprise,3.01,2019-02-20,Apparel,Northeast,Contract,2373,21.0,19.0,1.0532761904761905,4096.28,0.2857142857142857,0.9047619047619048,0.03944166666666682,0
827,SMB,7.55,2020-10-21,Food & Beverage,West,Spot,1764,5.0,5.0,0.96018,874.47,0.2,1.0,-0.008050000000000002,0
830,Mid-Market,4.116,2020-09-27,Pharma,West,Spot,1788,8.0,7.0,0.981125,2420.3,0.25,0.875,0.0018099999999998673,0
831,SMB,5.092,2023-05-13,Automotive,Midwest,Spot,830,8.0,7.0,0.9718625000000001,1166.8600000000001,0.25,0.875,0.01872499999999999,0
832,SMB,7.373,2023-06-07,Industrial,West,Spot,805,5.0,5.0,0.94702,1042.8100000000002,0.2,1.0,,0
833,Mid-Market,4.566,2021-03-19,Electronics,Southeast,Contract,1615,12.0,11.0,0.9883666666666667,1785.5500000000002,0.4166666666666667,0.9166666666666666,0.006500000000000061,0
834,SMB,5.719,2024-08-29,Retail,West,Contract,356,6.0,4.0,0.9664166666666666,640.66,0.16666666666666666,0.6666666666666666,-0.0015666666666667162,0
835,SMB,6.982,2022-11-14,Electronics,Northeast,Spot,1010,3.0,3.0,0.9831,895.54,0.0,1.0,,0
836,SMB,6.327,2020-01-26,Automotive,Midwest,Spot,2033,5.0,3.0,0.9822599999999999,522.64,0.2,0.6,,0
837,SMB,7.201,2021-03-02,Pharma,West,Spot,1632,4.0,3.0,1.0174,424.1,0.0,0.75,0.15029999999999988,0
838,Occasional,7.192,2024-08-26,Retail,Southeast,Spot,359,3.0,3.0,0.8907333333333334,683.76,0.3333333333333333,1.0,,0
839,Mid-Market,3.177,2019-08-06,Retail,Southeast,Contract,2206,9.0,9.0,1.0133999999999999,2596.34,0.3333333333333333,1.0,0.06884999999999997,0
840,SMB,6.742,2019-01-30,Electronics,Southeast,Spot,2394,4.0,4.0,0.9604,608.23,0.0,1.0,-0.06784999999999985,0
841,Enterprise,2.433,2023-05-18,Electronics,Midwest,Contract,825,18.0,18.0,1.0518111111111113,3274.27,0.2222222222222222,1.0,0.024823333333333197,0
842,SMB,2.912,2021-12-12,Manufacturing,Southeast,Spot,1347,4.0,4.0,0.9951249999999999,189.7,0.25,1.0,,0
843,SMB,6.815,2020-09-07,Food & Beverage,Northeast,Spot,1808,4.0,3.0,1.03025,701.3199999999999,0.0,0.75,0.04444999999999988,0
844,Mid-Market,5.234,2022-02-23,Food & Beverage,West,Spot,1274,10.0,7.0,1.01052,1921.9199999999998,0.5,0.7,,0
845,Mid-Market,6.347,2020-03-23,Manufacturing,Northeast,Spot,1976,5.0,5.0,0.9487400000000001,876.0999999999999,0.0,1.0,0.18589999999999995,0
846,Occasional,9.95,2021-06-29,Manufacturing,Midwest,Spot,1513,1.0,1.0,0.8184,153.58,0.0,1.0,,0
847,Mid-Market,5.249,2020-07-23,Apparel,Midwest,Contract,1854,4.0,4.0,1.000825,546.84,0.5,1.0,-0.05580000000000007,0
848,SMB,7.371,2022-11-28,Industrial,Northeast,Spot,996,6.0,6.0,0.9743499999999999,857.86,0.3333333333333333,1.0,0.13529999999999998,0
849,Mid-Market,5.916,2023-06-29,Industrial,Northeast,Spot,783,10.0,9.0,1.0059099999999999,2120.5,0.1,0.9,-0.03194999999999992,0
851,Mid-Market,3.839,2019-06-14,Retail,West,Spot,2259,11.0,10.0,0.9651454545454545,1154.17,0.18181818181818182,0.9090909090909091,0.08877499999999994,0
852,Mid-Market,4.813,2021-03-07,Industrial,Northeast,Contract,1627,12.0,12.0,1.004925,2475.7599999999998,0.16666666666666666,1.0,-0.018710000000000004,0
853,Occasional,9.697,2020-10-05,Industrial,West,Spot,1780,4.0,3.0,0.995375,716.74,0.75,0.75,,0
854,Occasional,7.787,2022-11-11,Electronics,Midwest,Spot,1013,4.0,4.0,0.9800249999999999,475.2,0.25,1.0,-0.14664999999999995,0
855,Mid-Market,3.751,2022-07-22,Food & Beverage,Northeast,Spot,1125,8.0,8.0,1.03175,1896.8600000000001,0.25,1.0,,0
856,SMB,7.135,2024-11-06,Retail,West,Spot,287,4.0,4.0,1.009325,771.2,0.5,1.0,,1
857,SMB,6.477,2025-02-15,Automotive,Midwest,Spot,186,2.0,2.0,0.9876,415.62,0.5,1.0,,0
858,Occasional,8.523,2024-02-26,Automotive,Northeast,Spot,541,2.0,2.0,1.0230000000000001,128.18,0.0,1.0,,0
859,Mid-Market,4.395,2020-04-29,Retail,West,Spot,1939,7.0,6.0,1.0014571428571428,885.5,0.14285714285714285,0.8571428571428571,0.09184999999999999,0
860,SMB,8.571,2019-04-10,Apparel,Southeast,Spot,2324,6.0,4.0,0.9914666666666667,647.3199999999999,0.16666666666666666,0.6666666666666666,-0.04036666666666666,0
861,SMB,6.974,2024-12-29,Food & Beverage,Southeast,Spot,234,3.0,2.0,1.0282666666666667,383.95,0.0,0.6666666666666666,,0
862,SMB,7.125,2025-04-14,Pharma,Southeast,Spot,128,3.0,2.0,1.0048333333333332,604.61,0.0,0.6666666666666666,,0
863,SMB,7.853,2020-09-01,Manufacturing,West,Spot,1814,11.0,11.0,0.9745,2122.3,0.18181818181818182,1.0,-0.036125000000000074,0
864,SMB,7.035,2019-04-24,Automotive,West,Spot,2310,6.0,6.0,0.9934166666666666,897.13,0.3333333333333333,1.0,0.20255,0
865,Mid-Market,5.295,2023-07-16,Food & Beverage,International,Spot,766,8.0,6.0,0.948075,1050.59,0.25,0.75,,0
869,Mid-Market,4.692,2024-01-26,Electronics,Southeast,Contract,572,13.0,13.0,1.010646153846154,3133.8399999999997,0.23076923076923078,1.0,0.042750000000000066,0
870,Mid-Market,3.329,2024-03-29,Industrial,Northeast,Contract,509,10.0,8.0,0.99283,1130.18,0.3,0.8,-0.00670000000000015,0
871,SMB,3.674,2019-01-24,Pharma,West,Spot,2400,2.0,2.0,1.0183499999999999,430.67,0.0,1.0,,0
872,Enterprise,3.225,2019-12-28,Apparel,Southeast,Contract,2062,19.0,18.0,1.0214894736842106,3302.91,0.21052631578947367,0.9473684210526315,-0.03412666666666664,0
873,Occasional,9.59,2024-03-14,Retail,Midwest,Spot,524,3.0,3.0,0.9490666666666666,805.29,0.0,1.0,0.003250000000000086,1
874,Mid-Market,3.416,2020-03-12,Apparel,Midwest,Spot,1987,12.0,11.0,0.9815,2093.85,0.25,0.9166666666666666,0.00034999999999985043,0
875,SMB,6.027,2020-05-16,Retail,Northeast,Spot,1922,5.0,5.0,0.97584,445.28,0.4,1.0,-0.18469999999999998,0
876,Occasional,7.873,2024-01-06,Electronics,International,Spot,592,4.0,4.0,0.967125,994.29,0.0,1.0,-0.14659999999999995,0
877,Mid-Market,3.357,2020-05-12,Manufacturing,West,Contract,1926,9.0,9.0,0.9761666666666667,1680.38,0.2222222222222222,1.0,0.061549999999999994,0
878,Mid-Market,5.042,2019-12-31,Retail,Midwest,Contract,2059,10.0,8.0,1.0163499999999999,1473.9299999999998,0.2,0.8,0.04600000000000004,0
879,SMB,7.513,2019-02-02,Pharma,West,Spot,2391,3.0,3.0,0.9358333333333334,558.53,0.3333333333333333,1.0,,0
880,SMB,6.176,2022-02-17,Manufacturing,Midwest,Spot,1280,5.0,5.0,0.9558199999999999,522.59,0.0,1.0,-0.025600000000000067,0
881,Mid-Market,6.458,2023-03-31,Pharma,West,Contract,873,6.0,5.0,0.9453833333333334,821.37,0.16666666666666666,0.8333333333333334,-0.007000000000000006,0
882,SMB,7.561,2023-11-17,Automotive,Northeast,Spot,642,5.0,5.0,0.9357,395.71,0.2,1.0,,0
884,SMB,6.778,2023-05-05,Apparel,Southeast,Spot,838,7.0,7.0,0.9776,990.1500000000001,0.5714285714285714,1.0,0.0532999999999999,0
885,Mid-Market,5.826,2024-01-16,Electronics,Southeast,Contract,582,8.0,6.0,1.010275,526.9200000000001,0.625,0.75,-0.06953333333333334,0
886,Mid-Market,2.894,2020-05-27,Electronics,Southeast,Spot,1911,11.0,10.0,0.9748727272727272,1541.8000000000002,0.18181818181818182,0.9090909090909091,-0.04859999999999998,0
887,Mid-Market,5.879,2021-04-08,Pharma,Northeast,Spot,1595,10.0,10.0,0.9940899999999999,3657.79,0.2,1.0,,0
888,Mid-Market,5.443,2021-01-10,Apparel,International,Spot,1683,16.0,13.0,0.9930125000000001,3032.6800000000003,0.25,0.8125,0.03506666666666669,0
889,Mid-Market,3.209,2019-06-08,Apparel,Northeast,Contract,2265,12.0,12.0,0.9972666666666666,2130.45,0.25,1.0,0.06554999999999978,0
891,Mid-Market,4.327,2020-08-10,Pharma,Southeast,Spot,1836,16.0,15.0,0.9987625,3685.3900000000003,0.25,0.9375,0.07162000000000024,0
893,Mid-Market,5.586,2021-05-19,Electronics,Northeast,Contract,1554,5.0,5.0,0.9933,1006.13,0.4,1.0,0.0534,0
894,Mid-Market,5.095,2019-04-19,Industrial,Midwest,Contract,2315,17.0,16.0,0.9615764705882354,4234.7300000000005,0.35294117647058826,0.9411764705882353,0.04233500000000001,0
895,SMB,6.246,2025-01-08,Retail,West,Contract,224,3.0,3.0,0.9301333333333334,218.71,0.3333333333333333,1.0,,0
897,Mid-Market,3.422,2019-09-02,Food & Beverage,International,Spot,2179,10.0,9.0,1.03856,4764.990000000001,0.3,0.9,0.055266666666666575,1
898,Mid-Market,5.15,2021-04-13,Manufacturing,Southeast,Spot,1590,10.0,10.0,1.0306000000000002,1240.97,0.2,1.0,-0.11035000000000006,0
899,Mid-Market,2.676,2019-12-17,Automotive,Midwest,Contract,2073,16.0,14.0,0.966575,1543.61,0.25,0.875,0.049583333333333424,0
901,SMB,7.207,2020-04-05,Apparel,West,Spot,1963,8.0,6.0,0.9798375,1075.29,0.125,0.75,0.1059,0
902,Mid-Market,4.399,2021-01-07,Food & Beverage,West,Contract,1686,11.0,11.0,0.9908181818181819,1884.3,0.18181818181818182,1.0,-0.031009999999999982,0
903,Enterprise,2.944,2020-10-22,Industrial,Northeast,Contract,1763,18.0,17.0,1.0317944444444445,2909.3799999999997,0.1111111111111111,0.9444444444444444,-0.04781666666666684,0
904,SMB,8.402,2019-03-06,Apparel,Northeast,Spot,2359,5.0,4.0,0.92996,759.13,0.2,0.8,,0
905,Occasional,9.516,2019-02-01,Electronics,Southeast,Spot,2392,4.0,4.0,0.9236,634.1800000000001,0.5,1.0,-0.11455000000000004,1
906,SMB,4.552,2022-06-02,Industrial,Northeast,Contract,1175,7.0,6.0,0.9571857142857143,1499.53,0.14285714285714285,0.8571428571428571,-0.02829999999999988,0
907,SMB,6.05,2020-07-20,Automotive,International,Spot,1857,5.0,4.0,1.02504,612.76,0.0,0.8,0.11214999999999997,0
908,Mid-Market,5.624,2019-07-23,Pharma,Midwest,Spot,2220,9.0,7.0,1.006311111111111,2204.23,0.4444444444444444,0.7777777777777778,0.07933333333333314,0
909,Mid-Market,4.617,2020-12-10,Retail,Midwest,Contract,1714,10.0,9.0,0.9802,1904.85,0.1,0.9,-0.09582499999999994,0
910,Mid-Market,4.151,2020-10-29,Pharma,International,Spot,1756,10.0,8.0,0.96807,1880.45,0.2,0.8,-0.06594999999999995,0
911,SMB,7.618,2021-10-29,Apparel,West,Spot,1391,6.0,6.0,0.9657333333333332,1091.21,0.3333333333333333,1.0,-0.008533333333333393,0
913,Occasional,7.563,2021-01-17,Manufacturing,Southeast,Spot,1676,4.0,4.0,0.99925,763.15,0.25,1.0,,1
916,Occasional,6.859,2019-05-04,Electronics,Southeast,Spot,2300,1.0,1.0,0.9942,247.91,0.0,1.0,,1
917,Enterprise,3.583,2022-05-05,Food & Beverage,Southeast,Contract,1203,18.0,17.0,1.041311111111111,3342.7500000000005,0.2777777777777778,0.9444444444444444,0.04032857142857149,0
918,Mid-Market,5.4,2021-12-28,Retail,Northeast,Contract,1331,9.0,9.0,0.9668222222222221,1505.0700000000002,0.4444444444444444,1.0,,0
919,Mid-Market,5.477,2022-05-21,Apparel,Southeast,Spot,1187,7.0,7.0,0.9820285714285715,830.41,0.2857142857142857,1.0,,0
920,SMB,8.455,2020-02-22,Automotive,Southeast,Spot,2006,4.0,4.0,0.984675,1658.71,0.0,1.0,-0.039999999999999925,0
921,Mid-Market,5.779,2022-02-06,Automotive,Southeast,Spot,1291,10.0,10.0,0.9571799999999999,3190.09,0.1,1.0,0.0826,0
922,Occasional,8.601,2019-10-27,Food & Beverage,Northeast,Spot,2124,1.0,1.0,1.0347,2094.77,0.0,1.0,,0
923,SMB,6.888,2025-04-22,Retail,Southeast,Spot,120,3.0,3.0,0.902,285.15999999999997,0.3333333333333333,1.0,,0
924,SMB,6.249,2022-11-30,Food & Beverage,Midwest,Spot,994,5.0,2.0,1.04916,416.59999999999997,0.4,0.4,-0.03200000000000003,0
925,Mid-Market,5.387,2019-03-26,Industrial,West,Contract,2339,4.0,4.0,0.966375,633.47,0.25,1.0,,0
926,Mid-Market,5.573,2022-05-16,Retail,West,Spot,1192,11.0,11.0,1.0426,998.2200000000003,0.45454545454545453,1.0,0.16180000000000005,0
927,Mid-Market,5.26,2025-03-05,Manufacturing,Northeast,Spot,168,4.0,4.0,0.9827,454.49,0.5,1.0,,0
928,Occasional,9.113,2023-12-14,Automotive,Northeast,Spot,615,3.0,2.0,0.9377333333333332,289.61,0.6666666666666666,0.6666666666666666,0.007699999999999929,0
929,SMB,7.509,2020-10-26,Pharma,Southeast,Spot,1759,8.0,8.0,0.9487875,1176.0700000000002,0.5,1.0,-0.022533333333333294,0
930,SMB,7.642,2024-12-12,Manufacturing,Northeast,Spot,251,2.0,2.0,0.92235,1471.08,0.0,1.0,,0
931,Mid-Market,4.839,2020-03-27,Retail,Southeast,Spot,1972,6.0,6.0,0.9903833333333333,1077.3700000000001,0.0,1.0,,0
932,Mid-Market,4.681,2020-08-23,Food & Beverage,International,Contract,1823,13.0,13.0,0.9697923076923077,2942.4900000000002,0.3076923076923077,1.0,0.007619047619047525,0
933,Mid-Market,4.386,2020-01-13,Pharma,Northeast,Spot,2046,11.0,11.0,0.9868636363636363,1470.8,0.09090909090909091,1.0,-0.02536666666666676,0
934,SMB,6.168,2025-02-25,Automotive,Southeast,Spot,176,2.0,2.0,0.90545,161.01999999999998,0.0,1.0,,0
935,SMB,6.996,2023-10-12,Industrial,West,Spot,678,6.0,6.0,0.9367166666666668,864.78,0.5,1.0,-0.055500000000000105,0
936,Mid-Market,3.509,2022-06-15,Food & Beverage,Midwest,Spot,1162,7.0,7.0,0.9975285714285714,2036.81,0.14285714285714285,1.0,0.009000000000000008,0
937,Occasional,10.183,2023-06-15,Food & Beverage,Northeast,Spot,797,1.0,1.0,0.8598,118.01,0.0,1.0,,1
938,Mid-Market,3.74,2020-09-22,Industrial,Northeast,Contract,1793,10.0,9.0,0.96868,1524.38,0.3,0.9,0.02949999999999997,0
939,Occasional,8.25,2019-06-22,Automotive,International,Spot,2251,4.0,4.0,0.960975,549.32,0.25,1.0,,0
940,Mid-Market,4.346,2024-08-21,Manufacturing,Northeast,Contract,364,10.0,9.0,0.9787399999999999,1326.8100000000002,0.3,0.9,0.033400000000000096,0
943,Mid-Market,5.897,2019-05-06,Manufacturing,Southeast,Contract,2298,6.0,5.0,0.9935499999999999,842.03,0.0,0.8333333333333334,-0.08640000000000003,0
944,Mid-Market,4.562,2022-09-24,Industrial,West,Contract,1061,12.0,11.0,0.9713666666666666,1911.0499999999997,0.25,0.9166666666666666,-0.17725000000000002,0
945,SMB,8.017,2019-04-15,Electronics,Northeast,Spot,2319,1.0,1.0,1.0079,238.52,1.0,1.0,,0
946,Mid-Market,5.503,2023-10-24,Pharma,Southeast,Contract,666,8.0,7.0,0.9873,1790.9099999999999,0.0,0.875,,0
947,SMB,8.869,2025-04-20,Food & Beverage,Southeast,Spot,122,2.0,2.0,0.9142,251.1,0.0,1.0,,0
948,Occasional,9.794,2020-11-12,Apparel,International,Spot,1742,2.0,1.0,0.942,318.39,0.0,0.5,,1
949,Occasional,10.6,2020-12-17,Industrial,Northeast,Spot,1707,1.0,1.0,1.0322,108.15,0.0,1.0,,0
950,Mid-Market,5.571,2024-10-03,Food & Beverage,Northeast,Contract,321,8.0,7.0,0.9509375,1009.7399999999999,0.125,0.875,0.1434500000000002,0
951,SMB,7.491,2021-05-17,Food & Beverage,International,Spot,1556,6.0,5.0,0.9855166666666667,347.36,0.16666666666666666,0.8333333333333334,-0.06479999999999997,0
952,Mid-Market,4.392,2020-08-08,Automotive,Northeast,Contract,1838,9.0,8.0,1.0234333333333334,1630.1599999999999,0.2222222222222222,0.8888888888888888,,0
953,Mid-Market,5.135,2019-07-25,Industrial,West,Contract,2218,8.0,8.0,0.9605625,986.87,0.375,1.0,0.09125000000000005,0
954,Mid-Market,4.381,2024-08-07,Industrial,Midwest,Contract,378,12.0,11.0,1.01015,2195.25,0.25,0.9166666666666666,-0.053015000000000034,0
956,Occasional,9.448,2019-07-11,Apparel,West,Spot,2232,1.0,1.0,0.9876,27.22,0.0,1.0,,0
957,SMB,6.653,2024-05-09,Automotive,West,Contract,468,3.0,3.0,0.9770333333333333,435.22,0.0,1.0,,0
958,SMB,6.535,2020-01-25,Industrial,Northeast,Contract,2034,5.0,5.0,0.9656600000000001,628.47,0.2,1.0,0.10559999999999992,0
959,SMB,7.269,2019-12-05,Retail,International,Contract,2085,4.0,4.0,0.9840249999999999,928.8400000000001,0.5,1.0,,0
960,SMB,6.461,2021-07-16,Pharma,International,Spot,1496,4.0,4.0,0.94135,997.05,0.25,1.0,0.1593,1
961,SMB,6.828,2021-11-29,Retail,West,Spot,1360,7.0,6.0,0.9649857142857143,1227.47,0.2857142857142857,0.8571428571428571,-0.04428333333333334,0
962,SMB,5.331,2024-09-10,Pharma,Midwest,Spot,344,4.0,4.0,0.926025,975.9100000000001,0.25,1.0,,0
963,Mid-Market,5.79,2023-08-31,Food & Beverage,Midwest,Contract,720,7.0,6.0,1.0296857142857143,5698.120000000001,0.2857142857142857,0.8571428571428571,0.06835000000000013,0
964,Mid-Market,5.172,2019-12-19,Electronics,Midwest,Spot,2071,17.0,15.0,0.9974823529411765,2603.1200000000003,0.4117647058823529,0.8823529411764706,-0.03957500000000014,0
965,Occasional,8.041,2022-11-23,Industrial,Northeast,Spot,1001,2.0,2.0,0.98095,156.03,0.0,1.0,,1
966,SMB,8.156,2024-11-01,Apparel,Midwest,Spot,292,5.0,5.0,1.0062799999999998,1538.97,0.4,1.0,,0
967,Occasional,7.447,2023-06-01,Pharma,Midwest,Spot,811,2.0,2.0,0.8265,225.38,0.0,1.0,,0
968,Mid-Market,3.529,2020-07-13,Industrial,Midwest,Spot,1864,9.0,9.0,0.9731222222222223,947.3699999999999,0.3333333333333333,1.0,0.08875,0
969,SMB,5.232,2019-11-10,Retail,Southeast,Spot,2110,2.0,2.0,1.0095999999999998,317.37,0.0,1.0,0.026599999999999957,0
970,Mid-Market,4.745,2022-01-06,Apparel,Midwest,Spot,1322,12.0,11.0,0.9981166666666667,2784.4300000000003,0.4166666666666667,0.9166666666666666,-0.03445000000000009,0
971,Mid-Market,6.083,2022-02-23,Manufacturing,Midwest,Spot,1274,17.0,15.0,0.9770235294117647,1804.85,0.35294117647058826,0.8823529411764706,-0.040200000000000014,0
972,Enterprise,1.826,2021-05-08,Manufacturing,Southeast,Contract,1565,15.0,15.0,1.0296133333333333,2185.63,0.4,1.0,-0.04614999999999991,0
973,Mid-Market,4.437,2019-09-24,Manufacturing,International,Spot,2157,7.0,7.0,0.9726285714285714,1328.18,0.14285714285714285,1.0,0.05993333333333328,0
974,Occasional,10.442,2019-10-15,Pharma,West,Spot,2136,2.0,2.0,0.92205,169.6,1.0,1.0,0.25470000000000015,0
975,Mid-Market,5.003,2022-07-12,Apparel,Northeast,Contract,1135,9.0,9.0,0.9491111111111111,1301.38,0.0,1.0,,0
976,SMB,6.081,2025-04-18,Automotive,Northeast,Spot,124,5.0,4.0,1.0107,870.46,0.2,0.8,,0
977,SMB,6.717,2022-12-26,Food & Beverage,West,Contract,968,7.0,6.0,0.9401857142857144,2598.9599999999996,0.2857142857142857,0.8571428571428571,,0
978,Mid-Market,5.091,2021-12-02,Industrial,Southeast,Contract,1357,10.0,10.0,0.95619,1642.2399999999998,0.3,1.0,0.01387499999999997,0
980,Mid-Market,3.667,2023-08-08,Manufacturing,Northeast,Contract,743,10.0,10.0,0.98508,1527.21,0.1,1.0,,0
981,Occasional,9.42,2023-10-15,Retail,Northeast,Contract,675,2.0,2.0,0.9634,1625.2,0.5,1.0,,1
982,SMB,6.093,2022-11-01,Manufacturing,Southeast,Spot,1023,4.0,4.0,0.964,1520.0500000000002,0.0,1.0,-0.03390000000000004,0
983,SMB,5.801,2024-02-01,Food & Beverage,West,Spot,566,2.0,2.0,0.99635,1397.85,0.0,1.0,,0
984,SMB,5.939,2022-05-06,Food & Beverage,International,Spot,1202,8.0,7.0,0.97245,962.99,0.25,0.875,0.027766666666666717,0
985,Mid-Market,5.06,2023-02-23,Automotive,West,Contract,909,10.0,9.0,0.97461,2405.97,0.1,0.9,-0.12937999999999994,0
986,Occasional,9.585,2023-02-10,Manufacturing,Midwest,Spot,922,2.0,1.0,0.9921,145.23,0.0,0.5,,1
987,Mid-Market,3.346,2024-01-07,Electronics,West,Spot,591,10.0,10.0,0.98498,2707.86,0.1,1.0,0.059474999999999945,0
988,Enterprise,2.467,2024-12-27,Industrial,Northeast,Spot,236,10.0,10.0,1.04074,1676.79,0.2,1.0,,0
989,Mid-Market,4.037,2020-12-17,Retail,Midwest,Contract,1707,8.0,8.0,1.039925,2300.0499999999997,0.375,1.0,-0.0915999999999999,0
990,SMB,8.591,2023-08-30,Food & Beverage,International,Contract,721,2.0,1.0,0.92875,220.76,0.5,0.5,,0
991,SMB,3.225,2019-03-19,Manufacturing,Southeast,Spot,2346,5.0,5.0,0.95444,745.0899999999999,0.0,1.0,-0.006933333333333347,0
992,SMB,5.397,2022-07-20,Pharma,International,Spot,1127,7.0,7.0,0.9739000000000001,997.8599999999999,0.2857142857142857,1.0,,0
993,SMB,9.878,2024-12-28,Industrial,Northeast,Contract,235,3.0,3.0,0.9809000000000001,409.68,0.6666666666666666,1.0,,0
994,Mid-Market,5.568,2023-04-21,Manufacturing,Northeast,Spot,852,11.0,11.0,1.0137363636363637,1623.4900000000002,0.36363636363636365,1.0,0.02090000000000014,0
996,SMB,7.309,2023-01-16,Food & Beverage,International,Contract,947,3.0,2.0,1.0415,144.92,0.0,0.6666666666666666,,0
997,SMB,5.273,2021-05-21,Automotive,Southeast,Spot,1552,1.0,1.0,1.0437,197.95,0.0,1.0,,1
998,Enterprise,2.369,2021-11-20,Industrial,West,Contract,1369,18.0,17.0,1.0081222222222221,3191.43,0.1111111111111111,0.9444444444444444,-0.010280000000000178,0
999,Occasional,7.112,2020-07-09,Retail,Northeast,Contract,1868,2.0,1.0,1.00485,62.96,0.0,0.5,0.04150000000000009,1
1000,Mid-Market,4.921,2023-03-02,Food & Beverage,West,Spot,902,12.0,12.0,0.9908583333333333,5209.959999999999,0.16666666666666666,1.0,-0.04102499999999998,0
1001,Enterprise,1.613,2020-04-27,Automotive,Midwest,Contract,1941,13.0,13.0,1.0385538461538462,2488.3700000000003,0.15384615384615385,1.0,0.06901666666666673,0
1002,SMB,6.55,2021-12-16,Retail,Northeast,Spot,1343,8.0,8.0,0.987025,2205.46,0.25,1.0,0.11735000000000007,0
1003,Mid-Market,4.326,2025-04-06,Automotive,West,Spot,136,7.0,7.0,1.009342857142857,478.00999999999993,0.0,1.0,,0
1004,Mid-Market,5.002,2024-01-19,Manufacturing,West,Spot,579,10.0,9.0,0.97835,2290.7000000000003,0.1,0.9,0.019299999999999984,0
1005,SMB,6.681,2021-10-05,Pharma,Midwest,Spot,1415,5.0,5.0,0.95892,442.70000000000005,0.2,1.0,0.05614999999999992,0
1007,Occasional,7.917,2019-02-03,Apparel,Northeast,Spot,2390,1.0,1.0,0.9843,240.81,0.0,1.0,,0
1009,SMB,7.615,2021-05-07,Pharma,Midwest,Spot,1566,5.0,5.0,0.9695600000000001,400.95000000000005,0.4,1.0,0.06579999999999997,1
1010,SMB,8.807,2024-06-21,Manufacturing,West,Spot,425,7.0,5.0,1.0020285714285715,860.47,0.2857142857142857,0.7142857142857143,-0.05259999999999998,0
1011,SMB,7.066,2025-04-26,Apparel,West,Spot,116,2.0,2.0,0.8805000000000001,150.76,0.0,1.0,,1
1012,SMB,5.952,2023-01-05,Pharma,West,Contract,958,4.0,3.0,0.943425,680.39,0.25,0.75,,0
1013,SMB,7.545,2023-01-26,Electronics,Northeast,Spot,937,7.0,5.0,0.9777714285714286,712.3000000000001,0.0,0.7142857142857143,-0.060550000000000104,0
1014,Occasional,9.053,2023-12-30,Retail,Midwest,Spot,599,1.0,1.0,0.8976,128.14,0.0,1.0,,1
1015,Mid-Market,5.191,2020-08-06,Apparel,West,Contract,1840,7.0,6.0,0.9394,747.6700000000001,0.0,0.8571428571428571,-0.10558333333333325,0
1016,Mid-Market,3.945,2020-03-09,Pharma,Northeast,Spot,1990,9.0,9.0,0.9872444444444444,968.05,0.3333333333333333,1.0,0.050899999999999945,0
1017,SMB,5.762,2021-04-16,Automotive,Northeast,Spot,1587,6.0,6.0,1.0111333333333332,1228.8,0.5,1.0,,0
1018,Occasional,7.897,2022-03-12,Manufacturing,Midwest,Spot,1257,1.0,1.0,0.9667,91.1,1.0,1.0,,1
1019,Enterprise,3.13,2023-12-14,Pharma,West,Contract,615,26.0,25.0,1.0283423076923077,4938.0199999999995,0.19230769230769232,0.9615384615384616,0.035620000000000096,0
1020,SMB,5.36,2020-09-18,Automotive,West,Spot,1797,6.0,5.0,0.9369,868.3100000000001,0.3333333333333333,0.8333333333333334,,0
1021,Occasional,10.053,2022-10-07,Industrial,Northeast,Spot,1048,5.0,5.0,0.95136,930.52,0.4,1.0,,0
1022,SMB,4.488,2019-01-09,Industrial,International,Contract,2415,2.0,2.0,0.97305,484.96999999999997,0.0,1.0,,0
1023,Occasional,8.5,2019-03-17,Manufacturing,Northeast,Spot,2348,1.0,1.0,0.8263,96.07,0.0,1.0,,0
1025,SMB,5.524,2024-09-01,Pharma,International,Contract,353,5.0,3.0,1.0223200000000001,674.21,0.2,0.6,0.007033333333333447,0
1026,Mid-Market,4.636,2024-10-04,Food & Beverage,West,Contract,320,9.0,7.0,0.9931222222222222,1163.54,0.3333333333333333,0.7777777777777778,-0.04025000000000012,0
1027,Occasional,7.212,2021-03-11,Manufacturing,International,Spot,1623,4.0,4.0,0.98305,737.42,0.25,1.0,0.07273333333333343,0
1028,Mid-Market,4.319,2022-06-04,Retail,West,Spot,1173,8.0,7.0,1.0396375,1161.1399999999999,0.125,0.875,0.0514,0
1029,SMB,5.187,2023-07-01,Manufacturing,Midwest,Spot,781,4.0,3.0,0.994375,257.91,0.25,0.75,,0
1030,Mid-Market,3.173,2020-09-10,Electronics,Southeast,Spot,1805,10.0,9.0,0.9556800000000001,2152.5,0.1,0.9,0.04352,0
1031,SMB,6.976,2023-12-18,Apparel,Southeast,Spot,611,6.0,6.0,0.9551166666666666,1150.3600000000001,0.16666666666666666,1.0,,0
1032,SMB,5.161,2023-08-15,Retail,International,Spot,736,3.0,3.0,1.0555,609.7,0.6666666666666666,1.0,0.0512999999999999,0
1033,SMB,2.828,2021-09-18,Retail,West,Spot,1432,3.0,2.0,1.0134999999999998,146.70999999999998,0.3333333333333333,0.6666666666666666,0.16935,0
1034,Occasional,8.905,2021-11-24,Electronics,Southeast,Spot,1365,1.0,1.0,0.9496,299.07,0.0,1.0,,1
1035,Mid-Market,3.772,2021-01-18,Automotive,Southeast,Contract,1675,6.0,5.0,0.9686833333333333,1273.1200000000001,0.5,0.8333333333333334,0.021549999999999958,0
1036,SMB,5.347,2024-05-10,Industrial,Southeast,Contract,467,4.0,4.0,0.975725,1202.49,0.5,1.0,-0.006199999999999983,0
1039,SMB,6.034,2024-02-22,Retail,Northeast,Contract,545,2.0,2.0,0.9996499999999999,218.95,0.0,1.0,,0
1040,Mid-Market,3.409,2021-04-30,Automotive,Southeast,Spot,1573,15.0,13.0,1.0076133333333332,2694.23,0.3333333333333333,0.8666666666666667,-0.08291666666666664,0
1041,Mid-Market,3.214,2024-03-16,Food & Beverage,International,Contract,522,10.0,10.0,0.9900399999999999,1972.29,0.4,1.0,0.08984999999999987,0
1042,SMB,5.873,2020-08-18,Retail,Midwest,Spot,1828,8.0,6.0,0.9989625,578.23,0.125,0.75,0.019166666666666776,0
1043,SMB,8.423,2024-12-23,Automotive,Southeast,Spot,240,4.0,4.0,0.93985,431.36,0.0,1.0,,0
1044,SMB,5.864,2020-10-13,Pharma,Southeast,Spot,1772,4.0,4.0,0.926625,568.17,0.0,1.0,,0
1045,Enterprise,2.465,2021-09-07,Electronics,Northeast,Contract,1443,15.0,15.0,1.0559666666666667,4063.2199999999993,0.4,1.0,-0.0006166666666667098,0
1046,Mid-Market,4.499,2019-08-16,Food & Beverage,Northeast,Contract,2196,11.0,11.0,0.9855,3473.3599999999997,0.45454545454545453,1.0,-0.0517249999999998,0
1047,Mid-Market,6.005,2019-07-18,Manufacturing,Northeast,Contract,2225,10.0,10.0,0.9614800000000001,1463.74,0.2,1.0,0.02190000000000003,0
1049,Occasional,9.073,2022-09-01,Automotive,Northeast,Spot,1084,2.0,2.0,0.9364000000000001,374.06000000000006,0.5,1.0,,1
1050,Mid-Market,4.432,2019-02-12,Manufacturing,Southeast,Contract,2381,5.0,5.0,0.9800599999999999,579.77,0.0,1.0,0.03510000000000002,0
1051,SMB,6.577,2024-08-22,Apparel,Northeast,Spot,363,3.0,3.0,0.9569,909.8700000000001,0.3333333333333333,1.0,,0
1052,Mid-Market,5.776,2019-10-06,Manufacturing,International,Spot,2145,12.0,9.0,1.0140166666666668,2617.42,0.25,0.75,-0.0948000000000001,0
1054,Mid-Market,5.024,2020-10-23,Apparel,Southeast,Contract,1762,10.0,10.0,0.96954,1658.14,0.1,1.0,0.07962500000000006,0
1055,Mid-Market,3.398,2021-07-11,Retail,West,Spot,1501,7.0,7.0,0.9955714285714287,2056.9,0.2857142857142857,1.0,0.07610000000000006,0
1056,SMB,6.549,2020-01-25,Apparel,Northeast,Spot,2034,5.0,5.0,0.9804,1384.92,0.2,1.0,0.034150000000000014,0
1057,Occasional,10.295,2024-06-30,Manufacturing,Midwest,Spot,416,1.0,1.0,0.7969,30.08,0.0,1.0,,0
1058,Mid-Market,5.444,2023-11-18,Apparel,West,Contract,641,11.0,10.0,0.9460545454545454,1912.14,0.09090909090909091,0.9090909090909091,0.014616666666666611,0
1059,SMB,5.598,2019-07-11,Food & Beverage,Midwest,Contract,2232,1.0,1.0,0.8557,242.86,0.0,1.0,,0
1060,SMB,6.529,2019-09-15,Retail,Northeast,Spot,2166,7.0,5.0,0.9962571428571428,616.4300000000001,0.2857142857142857,0.7142857142857143,0.06309999999999993,0
1061,Occasional,9.429,2023-01-23,Automotive,West,Spot,940,1.0,1.0,0.9466,1213.09,0.0,1.0,,1
1062,SMB,5.682,2024-10-09,Electronics,West,Spot,315,2.0,1.0,0.96375,161.82,0.5,0.5,,0
1063,Mid-Market,4.299,2019-09-25,Industrial,Southeast,Contract,2156,15.0,15.0,0.9748666666666667,3558.2499999999995,0.26666666666666666,1.0,0.03600000000000003,0
1064,SMB,6.804,2020-06-22,Automotive,Northeast,Spot,1885,8.0,7.0,0.999325,755.65,0.5,0.875,,0
1065,Mid-Market,5.377,2022-08-20,Manufacturing,Northeast,Spot,1096,8.0,8.0,1.0392375,1419.15,0.25,1.0,0.12839999999999985,0
1066,Occasional,9.538,2019-09-22,Pharma,West,Contract,2159,4.0,3.0,0.93455,1098.05,0.5,0.75,,0
1067,Mid-Market,3.867,2021-01-11,Electronics,Southeast,Contract,1682,11.0,10.0,0.9574727272727273,1153.3999999999999,0.2727272727272727,0.9090909090909091,-0.02671666666666661,0
1068,SMB,6.317,2019-01-25,Pharma,Northeast,Spot,2399,4.0,4.0,1.020225,1095.53,0.0,1.0,,0
1069,Enterprise,2.97,2022-04-30,Pharma,Midwest,Contract,1208,22.0,21.0,1.0238772727272727,3414.8700000000003,0.2727272727272727,0.9545454545454546,-0.05270238095238089,0
1070,Mid-Market,4.759,2023-10-08,Electronics,International,Contract,682,6.0,5.0,0.92725,829.85,0.16666666666666666,0.8333333333333334,,0
1071,Occasional,9.312,2021-09-30,Apparel,Northeast,Spot,1420,1.0,1.0,0.9682,73.88,0.0,1.0,,0
1072,SMB,5.466,2020-09-16,Electronics,Northeast,Contract,1799,5.0,5.0,0.96076,577.09,0.4,1.0,-0.17284999999999995,0
1073,SMB,7.79,2021-10-30,Industrial,Southeast,Spot,1390,3.0,3.0,0.9384333333333333,353.4,0.0,1.0,,0
1074,Occasional,8.499,2022-05-25,Industrial,West,Spot,1183,3.0,3.0,0.8812666666666668,293.7,0.3333333333333333,1.0,,0
1075,Occasional,7.654,2020-02-08,Manufacturing,Midwest,Spot,2020,3.0,3.0,0.9193000000000001,833.72,0.0,1.0,,0
1076,Mid-Market,4.917,2019-09-29,Apparel,West,Spot,2152,10.0,8.0,0.96247,2602.67,0.3,0.8,-0.08969999999999989,0
1077,SMB,7.112,2020-03-18,Industrial,Northeast,Spot,1981,6.0,6.0,0.94525,1499.8600000000001,0.3333333333333333,1.0,0.11330000000000007,0
1079,SMB,6.775,2023-10-27,Apparel,Southeast,Spot,663,6.0,6.0,0.9810500000000001,3973.17,0.16666666666666666,1.0,-0.16859999999999997,0
1080,Mid-Market,4.461,2019-11-02,Industrial,Southeast,Spot,2118,8.0,7.0,1.0465625,686.49,0.0,0.875,0.05192999999999981,0
1081,Mid-Market,4.964,2021-01-03,Manufacturing,Midwest,Contract,1690,11.0,10.0,0.9527363636363636,3176.38,0.45454545454545453,0.9090909090909091,-0.1168583333333334,0
1082,Occasional,9.262,2021-09-30,Pharma,West,Spot,1420,1.0,1.0,0.9418,45.91,0.0,1.0,,0
1083,Occasional,8.267,2020-03-17,Automotive,Southeast,Spot,1982,3.0,2.0,0.9943333333333334,181.92000000000002,0.0,0.6666666666666666,,1
1084,Occasional,11.504,2024-09-04,Electronics,West,Contract,350,3.0,2.0,0.9247,140.99,0.3333333333333333,0.6666666666666666,-0.13650000000000007,0
1086,SMB,6.499,2020-08-19,Food & Beverage,Midwest,Spot,1827,7.0,7.0,0.9712857142857142,971.1,0.14285714285714285,1.0,0.012225000000000152,0
1087,SMB,5.559,2019-02-10,Electronics,Southeast,Spot,2383,11.0,10.0,0.9733272727272727,2556.9600000000005,0.2727272727272727,0.9090909090909091,0.09120000000000006,0
1088,SMB,6.685,2020-10-12,Apparel,Midwest,Contract,1773,4.0,3.0,0.8893,860.27,0.0,0.75,,1
1089,SMB,5.855,2022-11-19,Electronics,Northeast,Spot,1005,6.0,6.0,1.0158333333333334,1237.1399999999999,0.5,1.0,0.06529999999999991,0
1090,SMB,5.466,2024-05-22,Food & Beverage,International,Spot,455,5.0,4.0,0.9643599999999999,660.55,0.4,0.8,0.12909999999999988,0
1091,Mid-Market,4.36,2021-04-06,Industrial,International,Contract,1597,7.0,6.0,1.0397571428571428,1084.05,0.2857142857142857,0.8571428571428571,0.016350000000000087,0
1092,SMB,4.653,2020-10-27,Pharma,West,Spot,1758,5.0,5.0,0.9780200000000001,534.99,0.4,1.0,0.09665000000000001,0
1093,Mid-Market,4.016,2020-08-28,Industrial,West,Contract,1818,12.0,12.0,0.94205,1323.02,0.16666666666666666,1.0,0.0044000000000000705,0
1094,Mid-Market,6.045,2019-01-07,Apparel,Northeast,Contract,2417,6.0,4.0,0.9846500000000001,491.70000000000005,0.3333333333333333,0.6666666666666666,-0.040100000000000025,0
1095,SMB,6.17,2019-02-04,Industrial,Midwest,Spot,2389,9.0,9.0,0.9545111111111111,1730.0800000000002,0.2222222222222222,1.0,,0
1096,Mid-Market,5.544,2021-11-07,Manufacturing,Southeast,Contract,1382,12.0,9.0,0.968525,2112.82,0.25,0.75,-0.12524999999999986,0
1097,Mid-Market,3.915,2023-02-12,Industrial,West,Spot,920,7.0,6.0,0.9636857142857143,624.1199999999999,0.14285714285714285,0.8571428571428571,-0.03854999999999997,0
1098,SMB,7.28,2019-01-31,Industrial,Northeast,Spot,2393,3.0,3.0,1.0430333333333333,702.11,0.3333333333333333,1.0,0.03369999999999984,0
1099,Occasional,9.813,2020-05-02,Retail,Northeast,Spot,1936,1.0,1.0,1.041,203.64,0.0,1.0,,0
1100,Mid-Market,5.112,2025-01-24,Electronics,West,Contract,208,3.0,3.0,0.9972,139.23,0.6666666666666666,1.0,,0
1102,Mid-Market,3.932,2023-04-12,Food & Beverage,West,Contract,861,14.0,13.0,0.9626,4344.460000000001,0.0,0.9285714285714286,-0.09189999999999998,0
1103,SMB,5.766,2022-06-24,Automotive,Southeast,Spot,1153,2.0,2.0,0.94455,310.34000000000003,0.0,1.0,,0
1105,Mid-Market,3.534,2021-06-21,Manufacturing,West,Contract,1521,11.0,9.0,0.9970727272727273,2048.85,0.2727272727272727,0.8181818181818182,0.0016000000000000458,0
1106,SMB,9.625,2020-05-05,Pharma,Midwest,Spot,1933,6.0,4.0,0.9890833333333333,345.09000000000003,0.0,0.6666666666666666,0.09838333333333338,0
1107,Mid-Market,5.53,2021-07-04,Industrial,Northeast,Contract,1508,14.0,13.0,0.9829428571428572,2438.34,0.21428571428571427,0.9285714285714286,0.0247142857142858,0
1108,Mid-Market,3.066,2023-09-01,Food & Beverage,Northeast,Contract,719,8.0,8.0,0.9809125000000001,1178.14,0.25,1.0,-0.11035000000000006,0
1109,Occasional,8.659,2023-06-02,Industrial,Northeast,Spot,810,2.0,2.0,0.99085,518.22,0.0,1.0,,0
1110,Mid-Market,5.434,2023-07-08,Apparel,Northeast,Contract,774,12.0,11.0,0.9561333333333334,1761.26,0.08333333333333333,0.9166666666666666,0.05281333333333327,0
1111,Mid-Market,4.373,2023-01-22,Industrial,Midwest,Contract,941,16.0,15.0,0.9605874999999999,2642.13,0.1875,0.9375,0.07845000000000002,0
1112,Mid-Market,4.41,2019-05-28,Industrial,Southeast,Contract,2276,10.0,10.0,1.02234,2269.0099999999998,0.5,1.0,-0.04628333333333334,0
1113,SMB,7.663,2023-03-06,Retail,Southeast,Contract,898,5.0,4.0,0.932,791.3899999999999,0.0,0.8,0.13563333333333338,0
1114,Occasional,6.782,2024-11-14,Automotive,Northeast,Spot,279,2.0,2.0,0.9493499999999999,416.39,0.5,1.0,,0
1115,Occasional,8.454,2023-04-30,Manufacturing,International,Spot,843,2.0,2.0,0.9964000000000001,242.96999999999997,0.5,1.0,-0.017800000000000038,0
1116,Enterprise,2.423,2022-11-11,Automotive,Northeast,Spot,1013,13.0,13.0,1.0612923076923078,3436.23,0.38461538461538464,1.0,-0.0724166666666668,0
1117,Mid-Market,4.969,2020-06-29,Automotive,Southeast,Contract,1878,14.0,13.0,0.9894,2687.3799999999997,0.35714285714285715,0.9285714285714286,-0.07230000000000014,0
1118,SMB,8.165,2024-04-13,Electronics,Midwest,Spot,494,4.0,3.0,0.98185,934.2700000000001,0.0,0.75,,0
1119,Mid-Market,5.123,2022-01-04,Retail,Northeast,Contract,1324,7.0,6.0,0.9779571428571429,1465.3400000000001,0.2857142857142857,0.8571428571428571,,0
1120,Occasional,8.962,2020-10-02,Food & Beverage,International,Spot,1783,2.0,2.0,0.97255,442.71000000000004,0.5,1.0,,0
1121,SMB,7.554,2022-04-07,Electronics,Northeast,Spot,1231,4.0,4.0,0.934725,1016.3100000000001,0.25,1.0,0.0319666666666667,1
1122,Mid-Market,3.856,2019-10-25,Pharma,West,Spot,2126,9.0,9.0,0.9666444444444444,1341.97,0.4444444444444444,1.0,,0
1123,Occasional,9.167,2025-03-05,Retail,Midwest,Contract,168,1.0,1.0,1.0158,249.01,1.0,1.0,,0
1124,Mid-Market,5.246,2023-09-07,Retail,West,Contract,713,14.0,14.0,1.0117285714285715,2765.07,0.2857142857142857,1.0,-0.046699999999999964,0
1125,Mid-Market,4.702,2021-03-06,Food & Beverage,Midwest,Spot,1628,11.0,11.0,0.9712,2441.91,0.18181818181818182,1.0,-0.06085000000000007,0
1126,SMB,8.823,2024-04-17,Automotive,West,Contract,490,5.0,5.0,0.9075599999999999,3888.98,0.0,1.0,0.06300000000000006,0
1127,SMB,5.656,2019-05-12,Electronics,Southeast,Spot,2292,6.0,5.0,0.9521166666666666,593.69,0.16666666666666666,0.8333333333333334,0.003274999999999917,0
1128,SMB,3.527,2021-07-28,Electronics,Midwest,Spot,1484,6.0,5.0,0.9647,484.48,0.16666666666666666,0.8333333333333334,-0.10491666666666666,0
1129,SMB,6.065,2023-05-06,Manufacturing,West,Spot,837,7.0,6.0,1.0006428571428572,766.82,0.14285714285714285,0.8571428571428571,0.04836666666666678,0
1130,Occasional,9.551,2019-02-27,Electronics,Midwest,Spot,2366,3.0,3.0,0.9944333333333333,317.69,0.0,1.0,0.08300000000000007,1
1131,Occasional,10.274,2023-09-22,Electronics,Midwest,Spot,698,1.0,1.0,0.9071,787.19,0.0,1.0,,0
1132,SMB,7.27,2024-06-15,Electronics,Northeast,Spot,431,6.0,6.0,0.97065,1769.1399999999999,0.16666666666666666,1.0,,0
1133,Mid-Market,3.47,2022-12-17,Electronics,Southeast,Contract,977,7.0,7.0,1.0008428571428571,888.01,0.42857142857142855,1.0,-0.03949999999999998,0
1134,SMB,6.782,2020-05-16,Electronics,Southeast,Spot,1922,2.0,2.0,0.9644,114.23,0.0,1.0,,0
1135,Occasional,7.693,2023-12-30,Apparel,Northeast,Spot,599,5.0,5.0,0.9481400000000001,1135.9099999999999,0.0,1.0,-0.12675000000000003,1
1136,Mid-Market,4.447,2021-04-05,Electronics,Southeast,Contract,1598,8.0,7.0,0.9621,625.43,0.125,0.875,0.03966666666666663,0
1137,SMB,6.931,2023-11-27,Automotive,Northeast,Spot,632,2.0,2.0,0.9654,422.52,0.5,1.0,,0
1138,Mid-Market,5.843,2023-03-10,Pharma,Midwest,Contract,894,17.0,16.0,0.9742470588235295,6828.58,0.23529411764705882,0.9411764705882353,0.011803333333333388,0
1139,Enterprise,2.389,2019-08-16,Apparel,West,Contract,2196,20.0,19.0,1.041185,3651.5099999999998,0.3,0.95,0.03611999999999993,0
1140,SMB,8.185,2019-09-01,Pharma,Midwest,Contract,2180,8.0,8.0,0.919025,1305.81,0.125,1.0,0.07940000000000003,0
1141,Mid-Market,6.109,2019-02-06,Industrial,West,Spot,2387,11.0,10.0,0.9754727272727273,2859.6800000000003,0.36363636363636365,0.9090909090909091,0.03400000000000003,0
1142,SMB,7.058,2019-06-25,Electronics,Northeast,Spot,2248,9.0,9.0,0.973,1767.77,0.1111111111111111,1.0,0.10354999999999992,1
1143,Occasional,7.707,2020-12-30,Industrial,Northeast,Spot,1694,2.0,1.0,0.9574499999999999,480.23,0.0,0.5,,1
1144,SMB,7.559,2019-03-04,Manufacturing,West,Spot,2361,4.0,3.0,0.972375,971.1,0.0,0.75,0.04610000000000003,0
1145,Mid-Market,5.246,2025-04-04,Manufacturing,West,Spot,138,3.0,3.0,0.9869,507.3,0.0,1.0,,0
1146,Mid-Market,3.529,2025-02-10,Automotive,West,Spot,191,4.0,4.0,0.9995,664.1899999999999,0.0,1.0,,0
1147,SMB,5.473,2020-02-25,Industrial,West,Spot,2003,6.0,6.0,0.9474833333333333,357.53999999999996,0.0,1.0,0.06409999999999993,0
1148,SMB,5.286,2021-01-28,Retail,West,Spot,1665,4.0,4.0,0.993075,479.96999999999997,0.5,1.0,,0
1149,SMB,8.537,2023-12-13,Pharma,West,Spot,616,3.0,3.0,1.0152666666666665,217.81,0.0,1.0,,0
1151,Mid-Market,5.042,2022-11-17,Manufacturing,West,Spot,1007,8.0,8.0,0.9782625,1141.85,0.25,1.0,0.08709999999999996,0
1153,Mid-Market,5.366,2023-03-14,Apparel,Northeast,Contract,890,10.0,8.0,1.00856,2536.13,0.5,0.8,-0.020650000000000057,0
1154,Mid-Market,5.253,2023-06-19,Pharma,Southeast,Spot,793,16.0,15.0,0.97893125,1914.45,0.25,0.9375,0.12340714285714272,0
1155,SMB,6.721,2022-05-07,Pharma,Midwest,Spot,1201,6.0,6.0,0.9556833333333333,1858.96,0.16666666666666666,1.0,,0
1156,Enterprise,2.659,2022-07-02,Industrial,West,Contract,1145,17.0,16.0,1.0470117647058823,2173.8199999999997,0.23529411764705882,0.9411764705882353,-0.04143999999999992,0
1157,Enterprise,3.094,2020-12-09,Manufacturing,Southeast,Contract,1715,18.0,18.0,1.0347444444444445,2570.3900000000003,0.2222222222222222,1.0,0.0850749999999999,0
1158,Enterprise,2.317,2022-06-22,Pharma,Southeast,Contract,1155,15.0,14.0,1.02768,2840.8999999999996,0.2,0.9333333333333333,0.01794999999999991,0
1159,SMB,5.852,2025-02-13,Electronics,West,Spot,188,4.0,4.0,0.9675,485.18999999999994,0.25,1.0,,0
1160,SMB,5.854,2021-07-06,Industrial,Southeast,Spot,1506,2.0,2.0,0.9067000000000001,387.92,0.0,1.0,,0
1161,Enterprise,2.285,2019-11-21,Electronics,West,Contract,2099,14.0,14.0,1.0295928571428572,2004.6,0.21428571428571427,1.0,-0.09983809523809517,0
1162,SMB,5.821,2022-12-31,Automotive,Northeast,Spot,963,5.0,5.0,0.9423999999999999,1116.25,0.0,1.0,,1
1163,SMB,5.749,2024-03-26,Apparel,Southeast,Spot,512,4.0,4.0,0.923875,722.5400000000001,0.25,1.0,,0
1165,Mid-Market,4.927,2022-08-13,Automotive,Southeast,Contract,1103,12.0,12.0,0.9888750000000001,2244.8599999999997,0.25,1.0,0.06172500000000003,0
1166,Occasional,8.175,2024-04-02,Manufacturing,Northeast,Spot,505,3.0,3.0,0.8475,378.63,0.0,1.0,0.043200000000000016,1
1167,SMB,5.06,2020-09-01,Electronics,Northeast,Spot,1814,4.0,3.0,0.9807250000000001,322.67,0.0,0.75,0.07740000000000002,1
1168,SMB,4.799,2021-10-29,Electronics,Southeast,Contract,1391,3.0,3.0,0.9109666666666666,314.72,0.0,1.0,,0
1169,SMB,6.366,2021-10-17,Apparel,Southeast,Spot,1403,7.0,5.0,0.9859,673.94,0.2857142857142857,0.7142857142857143,-0.10000000000000009,0
1170,Mid-Market,4.535,2021-03-20,Food & Beverage,West,Spot,1614,12.0,12.0,0.9821833333333333,2081.08,0.16666666666666666,1.0,-0.054166666666666585,0
1171,Mid-Market,4.052,2023-10-10,Pharma,Northeast,Spot,680,8.0,7.0,0.9962500000000001,802.61,0.25,0.875,-0.01763333333333328,0
1172,SMB,5.888,2024-11-21,Pharma,Southeast,Spot,272,8.0,7.0,0.9643250000000001,841.0899999999999,0.0,0.875,,0
1173,Mid-Market,2.892,2021-03-06,Manufacturing,Northeast,Spot,1628,12.0,12.0,0.9837166666666667,1864.94,0.25,1.0,-0.028780000000000028,0
1174,SMB,7.929,2019-11-27,Manufacturing,International,Contract,2093,6.0,6.0,0.9674999999999999,1037.0900000000001,0.16666666666666666,1.0,0.010099999999999998,0
1175,SMB,6.952,2024-07-02,Electronics,West,Spot,414,9.0,9.0,0.9439444444444445,4400.379999999999,0.3333333333333333,1.0,-0.11530000000000007,1
1176,SMB,6.918,2024-08-30,Manufacturing,International,Contract,355,6.0,6.0,0.9213166666666667,413.28999999999996,0.16666666666666666,1.0,,0
1177,SMB,5.708,2025-03-26,Industrial,International,Spot,147,1.0,1.0,0.9637,104.51,0.0,1.0,,0
1178,Mid-Market,4.906,2020-09-13,Food & Beverage,Southeast,Contract,1802,9.0,9.0,0.9908999999999999,1428.9499999999998,0.2222222222222222,1.0,0.03400833333333331,0
1179,Mid-Market,4.767,2023-10-17,Food & Beverage,West,Spot,673,12.0,11.0,0.9900583333333334,1695.95,0.25,0.9166666666666666,-0.042033333333333256,0
1180,Mid-Market,5.102,2023-10-09,Apparel,Southeast,Contract,681,12.0,10.0,0.9979333333333332,1358.3899999999999,0.08333333333333333,0.8333333333333334,0.02031000000000005,0
1181,SMB,6.455,2024-04-07,Automotive,West,Spot,500,4.0,4.0,0.998,510.6,0.25,1.0,0.03390000000000004,0
1182,Mid-Market,3.396,2024-05-17,Apparel,Southeast,Spot,460,13.0,13.0,0.9782692307692307,1758.2300000000002,0.23076923076923078,1.0,-0.018333333333333313,0
1183,Mid-Market,5.181,2025-05-08,Pharma,Southeast,Contract,104,1.0,1.0,1.1144,54.19,0.0,1.0,,0
1184,Mid-Market,6.449,2022-03-07,Industrial,International,Spot,1262,11.0,10.0,1.0095727272727273,1557.35,0.2727272727272727,0.9090909090909091,0.13985999999999987,0
1185,Mid-Market,4.671,2019-07-04,Industrial,West,Contract,2239,9.0,9.0,0.9411,767.0,0.2222222222222222,1.0,0.05740000000000001,0
1186,SMB,7.033,2020-04-13,Manufacturing,International,Contract,1955,1.0,1.0,0.9879,134.02,0.0,1.0,,0
1187,Mid-Market,4.545,2024-11-28,Manufacturing,Northeast,Contract,265,11.0,11.0,0.9637818181818182,1405.96,0.18181818181818182,1.0,,0
1188,Occasional,8.628,2024-08-19,Food & Beverage,Southeast,Spot,366,1.0,1.0,0.9385,802.14,0.0,1.0,,0
1189,Mid-Market,4.878,2019-01-27,Automotive,Southeast,Contract,2397,10.0,9.0,0.9704,878.2399999999999,0.1,0.9,0.07253333333333334,0
1190,SMB,7.459,2021-06-13,Industrial,Southeast,Spot,1529,6.0,6.0,0.9513166666666667,933.0600000000001,0.3333333333333333,1.0,,0
1191,SMB,6.487,2020-08-20,Apparel,Midwest,Spot,1826,3.0,3.0,1.0280666666666667,286.37,0.0,1.0,-0.3077000000000001,0
1192,Mid-Market,6.429,2021-02-19,Apparel,Southeast,Contract,1643,13.0,13.0,0.9869230769230769,3135.96,0.38461538461538464,1.0,0.042333333333333334,0
1193,Occasional,8.636,2023-04-05,Manufacturing,West,Spot,868,4.0,3.0,0.899975,539.5699999999999,0.0,0.75,,0
1194,Occasional,8.851,2022-05-26,Pharma,Northeast,Spot,1182,2.0,2.0,0.96985,616.2,0.0,1.0,,0
1195,Occasional,9.556,2022-03-16,Manufacturing,West,Spot,1253,2.0,1.0,0.98305,61.72,0.5,0.5,,0
1196,Mid-Market,3.679,2021-11-25,Pharma,West,Spot,1364,15.0,14.0,1.0094866666666666,3689.42,0.3333333333333333,0.9333333333333333,0.09319999999999995,0
1197,Mid-Market,4.783,2023-04-12,Manufacturing,Midwest,Spot,861,15.0,15.0,0.9976866666666666,3654.7800000000007,0.3333333333333333,1.0,0.037991666666666535,0
1198,SMB,7.895,2023-07-22,Retail,Southeast,Spot,760,7.0,6.0,0.9312285714285714,1499.4400000000003,0.14285714285714285,0.8571428571428571,-0.12014999999999998,1
1199,Mid-Market,3.88,2019-04-16,Industrial,Northeast,Spot,2318,14.0,14.0,0.9627857142857142,3805.11,0.21428571428571427,1.0,0.03253333333333319,0
1200,SMB,6.61,2019-12-01,Industrial,Northeast,Spot,2089,7.0,7.0,0.9570142857142857,2574.2,0.42857142857142855,1.0,0.05023333333333335,0
1201,SMB,7.551,2021-04-10,Apparel,West,Spot,1593,2.0,2.0,1.053,111.38,0.5,1.0,,0
1202,SMB,6.012,2021-11-26,Apparel,Midwest,Spot,1363,4.0,2.0,1.021525,246.23999999999998,0.5,0.5,,0
1204,SMB,6.922,2024-12-11,Pharma,International,Spot,252,4.0,4.0,1.0102,1118.55,0.0,1.0,,1
1205,Enterprise,3.129,2023-04-29,Apparel,West,Contract,844,13.0,12.0,1.0212153846153846,3845.11,0.15384615384615385,0.9230769230769231,0.04895999999999989,0
1206,Enterprise,2.789,2019-03-29,Pharma,West,Contract,2336,17.0,16.0,1.0480294117647058,2867.7200000000003,0.47058823529411764,0.9411764705882353,-0.021700000000000053,0
1207,SMB,7.47,2019-09-03,Electronics,Southeast,Spot,2178,4.0,4.0,0.921875,636.09,0.25,1.0,,1
1208,SMB,7.29,2022-01-18,Food & Beverage,International,Spot,1310,3.0,3.0,0.8873333333333333,281.59,0.3333333333333333,1.0,,0
1209,Mid-Market,4.108,2022-11-30,Automotive,Northeast,Spot,994,10.0,10.0,1.0087899999999999,1446.4199999999998,0.3,1.0,-0.007850000000000135,0
1210,Mid-Market,4.555,2023-05-28,Electronics,Northeast,Spot,815,14.0,12.0,1.0147428571428572,2239.3,0.14285714285714285,0.8571428571428571,0.000400000000000178,0
1211,SMB,7.107,2019-12-12,Industrial,West,Spot,2078,3.0,2.0,1.0378,238.26,0.0,0.6666666666666666,,0
1212,SMB,6.182,2024-12-01,Automotive,West,Spot,262,5.0,4.0,0.97554,728.77,0.2,0.8,,0
1213,SMB,5.632,2022-04-16,Industrial,Midwest,Spot,1222,3.0,3.0,0.9768,377.86,0.0,1.0,-0.06430000000000002,0
1214,Mid-Market,5.813,2022-12-16,Pharma,Northeast,Spot,978,10.0,8.0,0.9828300000000001,1227.81,0.1,0.8,-0.0521100000000001,0
1215,Mid-Market,6.221,2019-04-06,Manufacturing,Southeast,Spot,2328,7.0,6.0,0.9936428571428572,1017.29,0.14285714285714285,0.8571428571428571,,0
1217,Mid-Market,5.003,2022-08-15,Pharma,West,Spot,1101,11.0,11.0,0.9855181818181818,2084.2000000000003,0.36363636363636365,1.0,-0.013816666666666588,0
1218,SMB,7.112,2020-06-26,Food & Beverage,Southeast,Contract,1881,3.0,3.0,1.0244333333333333,654.31,0.0,1.0,-0.014799999999999924,0
1219,SMB,5.927,2021-02-15,Retail,Northeast,Contract,1647,3.0,3.0,0.9371,467.54999999999995,0.0,1.0,,0
1220,Enterprise,1.578,2021-05-09,Industrial,West,Contract,1564,17.0,17.0,1.0553764705882354,4107.1900000000005,0.23529411764705882,1.0,-0.026892500000000208,0
1221,Enterprise,1.987,2019-03-07,Industrial,West,Contract,2358,15.0,14.0,1.04624,3654.8100000000004,0.26666666666666666,0.9333333333333333,,0
1222,Mid-Market,4.261,2025-04-13,Electronics,Southeast,Contract,129,4.0,4.0,0.925825,350.64000000000004,0.0,1.0,,0
1223,Occasional,12.856,2024-05-09,Apparel,Midwest,Spot,468,2.0,2.0,0.8819,171.01,0.0,1.0,,0
1224,SMB,7.931,2024-11-27,Food & Beverage,International,Spot,266,7.0,7.0,0.9918000000000001,1834.05,0.42857142857142855,1.0,,0
1225,Mid-Market,6.843,2021-05-11,Food & Beverage,Southeast,Spot,1562,12.0,12.0,0.9910166666666668,1446.2800000000002,0.5833333333333334,1.0,0.052616666666666534,0
1227,SMB,5.541,2022-01-20,Food & Beverage,Midwest,Spot,1308,5.0,5.0,0.9753399999999999,575.61,0.0,1.0,0.14360000000000017,0
1228,SMB,5.9,2022-03-03,Automotive,Midwest,Spot,1266,6.0,4.0,1.0090333333333332,859.92,0.3333333333333333,0.6666666666666666,0.06369999999999998,0
1230,Enterprise,3.351,2022-01-03,Apparel,Midwest,Contract,1325,14.0,13.0,1.0278928571428572,1598.9199999999998,0.2857142857142857,0.9285714285714286,,0
1231,Mid-Market,4.215,2024-02-26,Industrial,Midwest,Spot,541,12.0,12.0,1.0207,2727.16,0.5,1.0,-0.031006666666666405,0
1232,SMB,8.564,2019-05-24,Automotive,Northeast,Contract,2280,5.0,5.0,0.96072,684.72,0.0,1.0,0.025500000000000078,0
1233,Mid-Market,4.086,2020-04-14,Retail,West,Contract,1954,6.0,5.0,0.9829166666666667,733.89,0.0,0.8333333333333334,-0.032299999999999995,1
1234,SMB,7.642,2024-12-12,Retail,Northeast,Spot,251,6.0,6.0,0.9781833333333334,593.6700000000001,0.3333333333333333,1.0,,0
1235,Mid-Market,3.003,2024-11-18,Apparel,Northeast,Spot,275,8.0,7.0,1.027725,1389.42,0.375,0.875,,0
1236,Mid-Market,5.856,2024-06-15,Industrial,Midwest,Spot,431,5.0,5.0,0.99938,1181.9299999999998,0.6,1.0,0.17496666666666671,0
1237,Mid-Market,5.471,2021-06-16,Automotive,Midwest,Contract,1526,12.0,11.0,0.9757166666666667,1368.94,0.08333333333333333,0.9166666666666666,0.009275000000000033,0
1238,Mid-Market,6.776,2022-01-15,Industrial,International,Spot,1313,9.0,7.0,1.018911111111111,831.8,0.3333333333333333,0.7777777777777778,-0.016633333333333278,0
1239,Mid-Market,3.349,2019-03-03,Manufacturing,West,Contract,2362,9.0,9.0,0.9735444444444445,1736.82,0.2222222222222222,1.0,0.28633333333333344,0
1240,Mid-Market,5.912,2020-11-11,Pharma,West,Contract,1743,6.0,5.0,0.9903833333333334,1088.5300000000002,0.5,0.8333333333333334,0.19800000000000006,0
1241,Occasional,6.102,2023-11-04,Apparel,Southeast,Spot,655,4.0,4.0,0.9641,715.3199999999999,0.0,1.0,-0.05900000000000005,1
1242,Mid-Market,4.663,2021-04-15,Pharma,Midwest,Contract,1588,10.0,9.0,0.98543,2295.5,0.1,0.9,0.11896666666666678,0
1243,Mid-Market,5.325,2022-03-15,Automotive,International,Spot,1254,6.0,6.0,0.9644833333333334,892.97,0.3333333333333333,1.0,0.1160000000000001,0
1244,Enterprise,2.801,2019-10-27,Manufacturing,Southeast,Contract,2124,11.0,11.0,1.022018181818182,1405.73,0.09090909090909091,1.0,-0.011079999999999979,0
1245,Mid-Market,3.117,2022-04-23,Food & Beverage,West,Contract,1215,17.0,17.0,0.9627764705882353,3049.2500000000005,0.058823529411764705,1.0,-0.07357999999999998,1
1246,Mid-Market,5.921,2023-10-24,Food & Beverage,Midwest,Contract,666,8.0,7.0,0.95365,995.22,0.5,0.875,-0.015409999999999924,0
1247,SMB,6.17,2022-10-25,Industrial,Northeast,Spot,1030,7.0,7.0,0.9658714285714286,1115.87,0.14285714285714285,1.0,,0
1248,Mid-Market,5.308,2022-09-17,Manufacturing,Midwest,Spot,1068,7.0,7.0,0.9592857142857143,749.33,0.0,1.0,0.1361,0
1249,Occasional,8.024,2025-02-05,Electronics,Northeast,Spot,196,2.0,2.0,1.0112,345.97,0.0,1.0,,1
1251,Mid-Market,4.565,2020-12-30,Manufacturing,Northeast,Spot,1694,10.0,10.0,0.9864200000000001,1996.0299999999997,0.2,1.0,-0.0484,0
1252,Mid-Market,5.181,2023-02-26,Industrial,Northeast,Contract,906,12.0,11.0,0.938625,1588.63,0.25,0.9166666666666666,-0.055275000000000074,0
1253,Mid-Market,3.911,2022-03-15,Automotive,Southeast,Contract,1254,6.0,5.0,1.0116166666666666,708.73,0.3333333333333333,0.8333333333333334,0.1131000000000002,0
1255,Mid-Market,4.079,2019-05-26,Apparel,Southeast,Contract,2278,10.0,9.0,0.97807,925.6600000000001,0.0,0.9,0.008500000000000063,0
1256,Occasional,9.444,2019-10-26,Pharma,West,Spot,2125,3.0,3.0,0.9636999999999999,751.37,0.3333333333333333,1.0,,0
1257,SMB,6.786,2021-04-12,Industrial,Midwest,Spot,1591,7.0,6.0,0.9521428571428572,1336.8600000000001,0.14285714285714285,0.8571428571428571,,0
1258,SMB,3.305,2022-01-21,Electronics,Northeast,Spot,1307,6.0,5.0,0.9678333333333334,1117.28,0.3333333333333333,0.8333333333333334,-0.15069999999999995,0
1259,SMB,5.512,2024-12-08,Industrial,Northeast,Spot,255,5.0,4.0,1.02496,1363.91,0.6,0.8,,0
1261,Enterprise,2.219,2021-11-30,Apparel,Midwest,Contract,1359,20.0,19.0,1.035705,3299.42,0.1,0.95,-0.002006666666666712,0
1262,Mid-Market,4.183,2020-02-11,Food & Beverage,International,Spot,2017,11.0,7.0,1.012790909090909,1270.07,0.2727272727272727,0.6363636363636364,,0
1263,Mid-Market,2.933,2021-11-23,Apparel,Southeast,Spot,1366,6.0,6.0,0.9651333333333333,1040.97,0.0,1.0,-0.0013499999999999623,0
1264,Occasional,9.878,2022-07-18,Electronics,West,Spot,1129,2.0,2.0,0.95365,430.7,0.5,1.0,,0
1265,SMB,6.539,2022-11-22,Automotive,West,Contract,1002,3.0,2.0,0.9803999999999999,751.8399999999999,0.0,0.6666666666666666,,0
1266,SMB,6.172,2023-01-15,Apparel,International,Contract,948,5.0,5.0,0.9791399999999999,613.6,0.6,1.0,-0.16800000000000004,0
1267,Mid-Market,5.376,2021-11-12,Electronics,Northeast,Contract,1377,17.0,16.0,0.9767588235294118,2630.06,0.11764705882352941,0.9411764705882353,0.04467999999999994,0
1268,Occasional,11.869,2020-01-19,Industrial,International,Spot,2040,1.0,1.0,1.0358,318.77,0.0,1.0,,0
1269,SMB,6.897,2020-01-07,Apparel,Southeast,Contract,2052,7.0,7.0,0.9532999999999999,1397.87,0.2857142857142857,1.0,-0.03189999999999993,0
1270,SMB,7.955,2020-01-12,Food & Beverage,West,Spot,2047,5.0,5.0,0.9470600000000001,738.23,0.0,1.0,,0
1271,Occasional,5.607,2023-02-15,Manufacturing,Midwest,Spot,917,2.0,2.0,0.9877,292.39,0.0,1.0,-0.04720000000000013,0
1272,Mid-Market,5.672,2024-09-16,Industrial,Midwest,Spot,338,10.0,9.0,0.9865600000000001,960.98,0.2,0.9,,0
1273,Mid-Market,3.969,2024-11-20,Automotive,Southeast,Spot,273,6.0,3.0,0.9845,1067.1100000000001,0.3333333333333333,0.5,,0
1274,SMB,6.214,2021-01-28,Apparel,West,Spot,1665,5.0,5.0,0.9874600000000001,457.83000000000004,0.0,1.0,,0
1275,Mid-Market,4.913,2019-07-13,Automotive,Southeast,Spot,2230,8.0,8.0,1.0091375,1595.39,0.25,1.0,0.14265000000000005,0
1276,Mid-Market,4.361,2023-03-15,Pharma,Midwest,Spot,889,13.0,13.0,0.9901,4477.92,0.5384615384615384,1.0,-0.1254666666666665,0
1277,Mid-Market,4.895,2019-04-04,Manufacturing,Midwest,Spot,2330,8.0,7.0,1.0281125,1326.3500000000001,0.5,0.875,,0
1278,Mid-Market,4.035,2023-03-07,Manufacturing,West,Spot,897,13.0,12.0,1.0208,2528.9300000000003,0.23076923076923078,0.9230769230769231,0.022266666666666768,0
1279,Occasional,11.231,2021-07-21,Retail,Midwest,Spot,1491,2.0,2.0,0.8805499999999999,217.17,0.0,1.0,,0
1280,SMB,5.331,2024-08-05,Retail,West,Spot,380,4.0,3.0,0.94035,425.71000000000004,0.25,0.75,0.08489999999999998,0
1281,Mid-Market,3.805,2023-03-03,Apparel,Midwest,Contract,901,10.0,10.0,0.98702,2188.29,0.1,1.0,-0.10087499999999994,0
1282,Mid-Market,5.547,2023-12-07,Automotive,Midwest,Contract,622,8.0,8.0,1.0053375,1240.21,0.0,1.0,-0.003566666666666607,0
1283,SMB,6.99,2021-09-14,Manufacturing,West,Spot,1436,5.0,4.0,0.9979800000000001,980.16,0.8,0.8,-0.15874999999999995,0
1284,SMB,6.208,2024-08-08,Pharma,West,Contract,377,5.0,5.0,0.96168,780.5799999999999,0.0,1.0,,0
1285,Occasional,4.365,2022-07-02,Retail,West,Spot,1145,4.0,3.0,1.010625,676.78,0.0,0.75,,1
1286,Occasional,10.301,2023-03-03,Food & Beverage,Midwest,Contract,901,2.0,2.0,0.8540000000000001,479.88,0.5,1.0,,1
1287,Mid-Market,4.543,2021-05-28,Automotive,Northeast,Contract,1545,8.0,8.0,0.9585750000000001,2180.6499999999996,0.125,1.0,-0.07830000000000004,0
1288,Mid-Market,6.42,2021-12-30,Automotive,West,Spot,1329,9.0,7.0,0.9844444444444443,838.9399999999999,0.0,0.7777777777777778,-0.006113333333333304,0
1289,SMB,6.413,2024-08-07,Industrial,Northeast,Spot,378,4.0,4.0,0.9173,751.5899999999999,0.25,1.0,,0
1290,SMB,6.25,2021-08-16,Electronics,Northeast,Spot,1465,2.0,1.0,0.93555,374.78,0.0,0.5,-0.13230000000000008,1
1291,SMB,9.29,2019-02-22,Industrial,West,Spot,2371,4.0,2.0,1.0628250000000001,235.92,0.25,0.5,,0
1292,SMB,3.911,2021-07-11,Automotive,Southeast,Spot,1501,9.0,9.0,0.9417444444444444,2110.06,0.3333333333333333,1.0,0.1361,0
1293,SMB,6.134,2021-08-12,Electronics,Midwest,Spot,1469,9.0,9.0,0.9471555555555555,1962.86,0.2222222222222222,1.0,0.09594999999999998,0
1294,Mid-Market,4.642,2021-10-15,Electronics,International,Spot,1405,9.0,8.0,0.9708111111111111,1453.58,0.1111111111111111,0.8888888888888888,,0
1295,Mid-Market,3.767,2019-06-22,Retail,Northeast,Contract,2251,7.0,7.0,0.9751285714285715,1028.8600000000001,0.42857142857142855,1.0,-0.0451666666666668,0
1296,Mid-Market,5.704,2019-11-11,Industrial,Northeast,Contract,2109,10.0,10.0,0.96682,1794.8700000000001,0.2,1.0,-0.12440000000000007,0
1297,Mid-Market,5.168,2021-02-28,Manufacturing,Northeast,Contract,1634,10.0,10.0,0.94471,1580.2000000000003,0.0,1.0,,0
1298,Mid-Market,5.254,2021-10-29,Electronics,Southeast,Spot,1391,10.0,8.0,0.9731500000000001,2074.63,0.3,0.8,,0
1299,SMB,6.596,2019-03-12,Food & Beverage,West,Spot,2353,5.0,4.0,0.95512,316.34000000000003,0.6,0.8,-0.09089999999999987,0
1300,Mid-Market,5.672,2021-08-06,Manufacturing,West,Spot,1475,5.0,5.0,1.0305,742.63,0.6,1.0,0.06740000000000002,0
1301,Mid-Market,4.012,2021-02-18,Automotive,Midwest,Contract,1644,11.0,10.0,0.9556818181818181,1719.2199999999998,0.2727272727272727,0.9090909090909091,-0.07362500000000005,0
1302,SMB,5.663,2019-03-26,Apparel,Southeast,Spot,2339,3.0,3.0,0.9586666666666667,372.34,0.6666666666666666,1.0,,0
1303,SMB,7.68,2020-09-01,Manufacturing,Midwest,Spot,1814,3.0,1.0,0.9937666666666667,173.02,0.0,0.3333333333333333,,0
1304,Mid-Market,4.485,2020-10-31,Manufacturing,Northeast,Spot,1754,5.0,5.0,1.00894,998.03,0.4,1.0,,0
1305,SMB,7.576,2019-12-16,Retail,West,Spot,2074,9.0,9.0,0.9746,1990.9899999999998,0.1111111111111111,1.0,-0.07223333333333337,0
1306,Occasional,8.786,2024-01-05,Industrial,Midwest,Spot,593,5.0,4.0,0.9531600000000001,546.62,0.2,0.8,-0.04544999999999999,1
1307,SMB,6.543,2019-06-26,Food & Beverage,Northeast,Spot,2247,4.0,2.0,1.008725,305.69,0.25,0.5,-0.10759999999999992,0
1308,SMB,6.275,2022-11-08,Apparel,West,Contract,1016,5.0,5.0,0.9827199999999999,1328.0700000000002,0.2,1.0,,0
1309,Enterprise,2.515,2023-06-09,Manufacturing,West,Contract,803,20.0,17.0,1.02604,3431.58,0.3,0.85,0.05223571428571416,0
1310,Occasional,5.04,2024-05-17,Manufacturing,Southeast,Spot,460,4.0,3.0,0.9632999999999999,144.39000000000001,0.25,0.75,,1
1311,Mid-Market,4.446,2022-08-21,Pharma,Midwest,Contract,1095,12.0,9.0,0.9851083333333334,2865.4399999999996,0.3333333333333333,0.75,-0.02571666666666661,0
1312,Occasional,9.514,2022-08-14,Manufacturing,Midwest,Spot,1102,2.0,2.0,0.9943,383.7,0.5,1.0,-0.0040000000000000036,1
1313,SMB,6.466,2024-01-27,Pharma,Northeast,Spot,571,5.0,5.0,0.95222,1078.41,0.2,1.0,0.015650000000000053,0
1314,Enterprise,2.607,2024-09-10,Industrial,Northeast,Spot,344,15.0,14.0,1.0729266666666668,3056.06,0.26666666666666666,0.9333333333333333,0.025733333333333386,0
1315,Enterprise,2.968,2020-05-28,Electronics,West,Contract,1910,22.0,20.0,1.0366318181818182,4812.34,0.0,0.9090909090909091,-0.003886666666666816,0
1316,SMB,6.474,2024-04-22,Pharma,International,Spot,485,3.0,2.0,0.9218000000000001,347.48,0.0,0.6666666666666666,,0
1317,SMB,6.506,2022-01-30,Industrial,Midwest,Spot,1298,5.0,4.0,0.99786,836.67,0.2,0.8,-0.0637500000000002,0
1318,Enterprise,1.921,2019-08-28,Industrial,Midwest,Contract,2184,12.0,11.0,1.0569583333333334,2174.3300000000004,0.25,0.9166666666666666,0.021108333333333285,0
1319,SMB,6.374,2023-01-31,Retail,Midwest,Contract,932,9.0,9.0,0.9807555555555556,1931.1499999999999,0.2222222222222222,1.0,,0
1321,SMB,6.903,2019-12-09,Industrial,Northeast,Contract,2081,5.0,5.0,0.9601200000000001,748.24,0.4,1.0,0.04999999999999993,0
1322,SMB,7.504,2019-02-05,Industrial,Southeast,Spot,2388,9.0,9.0,0.9806222222222222,1339.1,0.3333333333333333,1.0,0.08594999999999997,1
1323,Enterprise,2.18,2025-02-09,Electronics,International,Contract,192,4.0,3.0,0.982425,493.15000000000003,0.0,0.75,,0
1324,SMB,5.124,2022-12-24,Pharma,West,Spot,970,6.0,5.0,0.9647166666666666,810.3300000000002,0.16666666666666666,0.8333333333333334,,0
1325,Mid-Market,3.438,2020-06-17,Pharma,International,Contract,1890,15.0,13.0,0.9774133333333332,4800.8,0.26666666666666666,0.8666666666666667,0.05249999999999988,0
1326,Occasional,9.382,2024-04-13,Apparel,Northeast,Spot,494,1.0,1.0,0.8636,221.58,0.0,1.0,,1
1327,Mid-Market,4.363,2021-08-16,Automotive,Midwest,Contract,1465,10.0,10.0,0.95519,1348.88,0.2,1.0,0.000691666666666646,0
1328,SMB,5.339,2021-03-19,Electronics,Midwest,Spot,1615,7.0,6.0,0.9537285714285714,1137.68,0.14285714285714285,0.8571428571428571,0.0465000000000001,1
1329,Mid-Market,5.803,2020-12-06,Industrial,Northeast,Contract,1718,6.0,6.0,0.9834999999999999,3740.24,0.6666666666666666,1.0,-0.10819999999999985,0
1330,Mid-Market,4.814,2022-12-28,Retail,Northeast,Contract,966,5.0,5.0,0.99244,350.23999999999995,0.6,1.0,-0.13549999999999995,0
1331,SMB,4.502,2019-11-24,Retail,West,Contract,2096,5.0,5.0,0.92752,285.38,0.4,1.0,-0.0242,0
1332,SMB,7.64,2021-05-31,Industrial,West,Spot,1542,5.0,5.0,0.9723200000000001,749.3299999999999,0.2,1.0,,0
1333,SMB,6.9,2021-01-12,Manufacturing,Midwest,Contract,1681,4.0,3.0,0.9826249999999999,224.51,0.25,0.75,0.0384000000000001,0
1335,Occasional,8.141,2024-02-02,Electronics,Midwest,Spot,565,2.0,2.0,0.88415,689.77,0.5,1.0,,0
1336,Occasional,5.822,2019-01-21,Electronics,Northeast,Spot,2403,1.0,1.0,0.9866,81.64,0.0,1.0,,0
1338,SMB,7.206,2019-08-19,Industrial,Midwest,Spot,2193,3.0,3.0,0.8863333333333333,533.25,0.3333333333333333,1.0,,0
1339,Occasional,9.907,2021-05-22,Electronics,Southeast,Spot,1551,1.0,1.0,1.0735,113.59,0.0,1.0,,1
1340,Mid-Market,3.2,2019-08-28,Manufacturing,International,Contract,2184,13.0,11.0,0.9471923076923077,1970.78,0.3076923076923077,0.8461538461538461,0.1776000000000001,0
1341,Mid-Market,6.098,2021-06-12,Food & Beverage,Midwest,Spot,1530,13.0,12.0,0.9742923076923078,2023.16,0.15384615384615385,0.9230769230769231,0.08928333333333338,0
1342,SMB,4.885,2023-01-27,Manufacturing,Northeast,Spot,936,7.0,6.0,0.9732714285714286,1381.82,0.14285714285714285,0.8571428571428571,-0.019099999999999895,0
1343,SMB,8.742,2019-08-02,Automotive,Northeast,Spot,2210,4.0,4.0,0.932075,581.69,0.25,1.0,0.017300000000000093,0
1344,SMB,5.869,2022-07-04,Retail,West,Spot,1143,7.0,6.0,0.9744142857142857,779.51,0.2857142857142857,0.8571428571428571,,0
1345,Occasional,11.6,2024-02-23,Food & Beverage,Northeast,Spot,544,2.0,2.0,1.02705,179.89000000000001,1.0,1.0,,1
1346,SMB,6.802,2022-01-14,Food & Beverage,Northeast,Spot,1314,6.0,6.0,1.0065166666666665,864.69,0.16666666666666666,1.0,,1
1347,Mid-Market,4.519,2019-10-01,Retail,Southeast,Spot,2150,11.0,11.0,0.9867,2092.5,0.2727272727272727,1.0,-0.026725,0
1348,Mid-Market,4.017,2023-08-12,Retail,Southeast,Contract,739,10.0,9.0,0.98148,2944.34,0.5,0.9,,0
1349,Mid-Market,4.353,2020-03-30,Pharma,Midwest,Contract,1969,8.0,8.0,0.9983625,1837.33,0.5,1.0,,0
1350,Mid-Market,3.27,2019-02-10,Food & Beverage,Midwest,Contract,2383,3.0,3.0,0.8891666666666667,282.4,0.0,1.0,,0
1351,SMB,7.625,2021-11-29,Manufacturing,Northeast,Spot,1360,8.0,7.0,0.942375,1229.59,0.25,0.875,0.06566666666666665,0
1352,Occasional,10.607,2020-10-21,Manufacturing,West,Spot,1764,2.0,2.0,1.00655,327.36,0.0,1.0,,1
1353,Mid-Market,5.881,2019-03-11,Automotive,Southeast,Contract,2354,11.0,10.0,0.9653272727272728,1538.97,0.18181818181818182,0.9090909090909091,0.04214999999999991,0
1354,Mid-Market,4.246,2024-03-07,Apparel,Midwest,Spot,531,9.0,7.0,0.994388888888889,1241.3799999999999,0.2222222222222222,0.7777777777777778,-0.09996666666666676,0
1355,Occasional,5.619,2022-12-31,Pharma,Northeast,Spot,963,3.0,3.0,0.9026333333333333,796.44,0.0,1.0,,1
1356,Enterprise,2.736,2025-01-24,Automotive,Midwest,Contract,208,8.0,7.0,1.02835,1684.92,0.25,0.875,,0
1357,SMB,5.416,2022-03-15,Retail,Southeast,Spot,1254,3.0,3.0,0.9997000000000001,325.70000000000005,0.3333333333333333,1.0,-0.042300000000000004,1
1358,SMB,5.944,2021-12-03,Apparel,Midwest,Spot,1356,5.0,5.0,0.99656,601.16,0.4,1.0,-0.06985000000000008,0
1359,SMB,6.815,2024-08-13,Automotive,Southeast,Spot,372,6.0,5.0,0.9715833333333334,820.8700000000001,0.5,0.8333333333333334,0.04609999999999992,0
1360,Mid-Market,5.831,2019-07-18,Manufacturing,International,Contract,2225,6.0,6.0,0.9284833333333333,2022.47,0.16666666666666666,1.0,-0.01319999999999999,0
1361,SMB,10.029,2021-05-30,Pharma,Northeast,Spot,1543,3.0,2.0,1.0002,1601.47,0.3333333333333333,0.6666666666666666,,0
1362,Mid-Market,4.646,2024-04-28,Automotive,International,Contract,479,10.0,9.0,1.00901,1894.81,0.3,0.9,-0.09090000000000009,0
1363,SMB,6.961,2020-12-13,Pharma,International,Spot,1711,11.0,10.0,1.0189363636363635,2694.5199999999995,0.45454545454545453,0.9090909090909091,-0.09696666666666676,0
1364,Enterprise,2.55,2024-11-25,Manufacturing,Southeast,Contract,268,10.0,10.0,1.0219999999999998,2729.86,0.6,1.0,,0
1365,SMB,8.528,2020-11-22,Apparel,Southeast,Spot,1732,4.0,4.0,1.0227,739.53,0.0,1.0,-0.005299999999999971,0
1366,SMB,8.047,2021-10-04,Automotive,Southeast,Contract,1416,1.0,1.0,0.9384,274.88,0.0,1.0,,0
1367,Mid-Market,5.887,2024-12-25,Retail,International,Contract,238,4.0,4.0,1.0286,320.86,0.25,1.0,,0
1368,Mid-Market,4.831,2020-08-15,Pharma,Midwest,Spot,1831,12.0,12.0,0.9885583333333333,3247.84,0.5,1.0,-0.06514500000000001,0
1370,Mid-Market,5.247,2019-04-18,Electronics,Northeast,Contract,2316,8.0,7.0,0.9720375,1537.67,0.375,0.875,0.11590000000000011,0
1371,Mid-Market,5.161,2020-10-09,Retail,West,Spot,1776,14.0,14.0,1.0026428571428572,1959.2999999999997,0.2857142857142857,1.0,0.03844999999999987,0
1372,Occasional,6.376,2022-12-10,Retail,Northeast,Spot,984,3.0,3.0,0.9826,907.25,0.3333333333333333,1.0,-0.06345,0
1373,Mid-Market,4.913,2022-12-17,Automotive,Northeast,Spot,977,8.0,7.0,1.01735,1885.94,0.25,0.875,0.05886666666666651,0
1374,SMB,7.042,2025-01-24,Automotive,Southeast,Contract,208,3.0,3.0,1.0048333333333332,489.82,0.6666666666666666,1.0,,0
1376,Mid-Market,4.39,2023-07-09,Industrial,West,Spot,773,14.0,13.0,0.9822428571428572,2008.3799999999997,0.21428571428571427,0.9285714285714286,0.04655000000000009,0
1377,SMB,5.413,2023-05-26,Industrial,West,Spot,817,8.0,8.0,0.978775,1474.1800000000003,0.125,1.0,-0.08605999999999991,0
1378,Occasional,6.251,2021-02-11,Apparel,Northeast,Spot,1651,1.0,1.0,0.8811,110.74,1.0,1.0,,1
1379,SMB,7.872,2024-05-15,Pharma,Southeast,Spot,462,6.0,5.0,0.9782333333333333,1538.6200000000001,0.3333333333333333,0.8333333333333334,0.0276249999999999,0
1380,Mid-Market,6.324,2023-04-15,Industrial,West,Spot,858,12.0,12.0,0.9955333333333334,2062.7,0.25,1.0,0.06462499999999993,0
1381,SMB,4.802,2019-02-28,Pharma,Midwest,Contract,2365,3.0,3.0,1.0060333333333333,539.98,0.3333333333333333,1.0,0.11740000000000006,0
1382,Enterprise,2.886,2024-07-19,Industrial,Northeast,Contract,397,19.0,18.0,1.0262947368421054,2615.4499999999994,0.21052631578947367,0.9473684210526315,0.008206666666666695,0
1383,SMB,8.521,2021-05-25,Industrial,Southeast,Spot,1548,5.0,4.0,1.00214,466.78000000000003,0.2,0.8,,0
1384,Occasional,8.871,2022-03-04,Manufacturing,Midwest,Spot,1265,4.0,3.0,1.017025,594.87,0.0,0.75,,0
1385,Occasional,9.429,2022-03-29,Apparel,International,Spot,1240,2.0,2.0,0.92755,606.84,0.0,1.0,,1
1386,Enterprise,1.985,2024-06-19,Apparel,West,Contract,427,15.0,11.0,1.0198866666666666,1633.4099999999999,0.2,0.7333333333333333,0.02309166666666651,0
1387,SMB,6.84,2020-10-14,Automotive,Northeast,Spot,1771,2.0,2.0,1.0184,131.32,0.5,1.0,,0
1388,Mid-Market,3.784,2021-08-12,Electronics,West,Contract,1469,13.0,13.0,0.9455615384615386,3105.96,0.3076923076923077,1.0,-0.03423333333333334,0
1389,Occasional,6.512,2019-04-06,Automotive,Southeast,Spot,2328,3.0,3.0,0.9541666666666666,2114.62,0.3333333333333333,1.0,,0
1390,Enterprise,2.779,2021-04-28,Food & Beverage,West,Contract,1575,22.0,21.0,1.0562227272727271,3514.9399999999996,0.2727272727272727,0.9545454545454546,-0.05309000000000008,0
1391,Occasional,10.043,2019-08-04,Food & Beverage,Southeast,Spot,2208,4.0,1.0,1.015425,59.39,0.5,0.25,0.15189999999999992,1
1392,Occasional,9.762,2022-11-20,Manufacturing,Northeast,Spot,1004,4.0,3.0,0.9652000000000001,413.78000000000003,0.25,0.75,0.07130000000000003,1
1393,Mid-Market,4.604,2024-12-14,Electronics,Midwest,Contract,249,6.0,6.0,0.94315,1806.2900000000002,0.16666666666666666,1.0,,0
1394,Enterprise,3.146,2022-02-05,Industrial,Southeast,Contract,1292,14.0,14.0,1.040992857142857,4434.6,0.14285714285714285,1.0,-0.04905999999999999,0
1397,SMB,3.42,2019-05-12,Industrial,West,Contract,2292,3.0,3.0,1.0129666666666666,1166.24,0.3333333333333333,1.0,0.20809999999999995,0
1398,Occasional,8.524,2022-06-11,Electronics,West,Spot,1166,3.0,3.0,0.9450333333333334,917.5600000000001,0.0,1.0,,0
1399,SMB,6.191,2022-07-10,Apparel,Southeast,Spot,1137,4.0,2.0,0.974425,606.33,0.0,0.5,0.16459999999999986,0
1400,Mid-Market,4.962,2021-07-26,Electronics,Northeast,Spot,1486,19.0,19.0,0.9728631578947369,3694.04,0.2631578947368421,1.0,-0.0638875000000001,0
1401,SMB,7.385,2024-07-15,Automotive,Midwest,Spot,401,3.0,2.0,0.9613666666666667,761.06,0.3333333333333333,0.6666666666666666,,0
1402,Enterprise,2.843,2021-08-19,Food & Beverage,Southeast,Contract,1462,21.0,21.0,1.0334476190476192,4227.22,0.14285714285714285,1.0,0.01845416666666666,0
1404,Mid-Market,4.213,2022-08-27,Apparel,West,Spot,1089,13.0,11.0,0.969,1540.3700000000001,0.15384615384615385,0.8461538461538461,0.07110000000000005,0
1405,Mid-Market,4.883,2020-05-06,Automotive,International,Contract,1932,9.0,8.0,0.9366111111111112,1710.8899999999999,0.2222222222222222,0.8888888888888888,-0.053716666666666746,0
1406,Mid-Market,4.448,2021-05-14,Industrial,Northeast,Contract,1559,14.0,13.0,0.9861142857142857,2354.46,0.35714285714285715,0.9285714285714286,0.013241666666666596,0
1408,Mid-Market,3.176,2023-10-27,Electronics,Midwest,Contract,663,10.0,9.0,0.95691,1050.6,0.3,0.9,,0
1409,Occasional,8.812,2020-11-08,Pharma,Southeast,Spot,1746,4.0,4.0,0.980375,353.21000000000004,0.5,1.0,-0.03675000000000006,0
1410,SMB,6.316,2021-07-15,Food & Beverage,Midwest,Spot,1497,4.0,4.0,0.9410000000000001,893.04,0.75,1.0,,0
1411,Occasional,9.07,2019-06-15,Retail,Northeast,Spot,2258,4.0,3.0,0.9078999999999999,784.46,0.0,0.75,,0
1412,Occasional,9.406,2021-07-24,Pharma,Northeast,Spot,1488,2.0,2.0,0.9975499999999999,581.13,0.5,1.0,,1
1413,Occasional,9.191,2022-11-13,Food & Beverage,International,Spot,1011,4.0,4.0,0.9653,404.79,0.0,1.0,0.031066666666666798,1
1414,Occasional,8.377,2023-02-11,Food & Beverage,Midwest,Spot,921,4.0,4.0,0.9727250000000001,482.05000000000007,0.25,1.0,,0
1415,Mid-Market,4.609,2020-12-15,Retail,Southeast,Contract,1709,8.0,6.0,1.044225,1188.35,0.5,0.75,,0
1416,SMB,7.458,2019-05-29,Pharma,Southeast,Spot,2275,4.0,4.0,0.9508,919.3299999999999,0.0,1.0,-0.02354999999999996,0
1417,SMB,5.58,2022-11-06,Pharma,International,Spot,1018,8.0,6.0,0.96505,608.85,0.375,0.75,0.034500000000000086,0
1418,SMB,5.033,2023-05-15,Retail,Southeast,Spot,828,4.0,4.0,0.960325,681.98,0.0,1.0,,0
1421,SMB,6.514,2019-08-20,Manufacturing,Southeast,Spot,2192,4.0,4.0,1.0253,504.7,0.25,1.0,,0
1422,SMB,6.638,2022-01-08,Food & Beverage,West,Spot,1320,3.0,3.0,1.0016666666666667,637.6600000000001,0.0,1.0,,0
1424,Mid-Market,3.609,2023-10-18,Industrial,West,Spot,672,9.0,5.0,1.0070222222222223,334.35,0.4444444444444444,0.5555555555555556,0.06447499999999995,0
1425,Mid-Market,3.039,2023-10-05,Retail,Southeast,Spot,685,12.0,10.0,0.96155,1124.0,0.0,0.8333333333333334,0.00759999999999994,0
1426,Mid-Market,4.723,2024-01-21,Electronics,Northeast,Contract,577,9.0,9.0,0.9490000000000001,2714.0,0.1111111111111111,1.0,-0.012500000000000067,0
1427,Mid-Market,5.039,2020-08-10,Apparel,Northeast,Spot,1836,14.0,13.0,1.06105,3168.43,0.2857142857142857,0.9285714285714286,0.01776666666666671,0
1428,Enterprise,2.67,2024-08-22,Manufacturing,Midwest,Contract,363,14.0,12.0,1.0377214285714287,3337.1899999999996,0.21428571428571427,0.8571428571428571,-0.03846999999999989,0
1429,SMB,8.073,2021-05-01,Industrial,West,Contract,1572,16.0,14.0,0.9724625,3976.9300000000003,0.125,0.875,-0.10616000000000003,0
1430,SMB,5.58,2021-07-01,Apparel,West,Spot,1511,8.0,8.0,0.9348,1234.49,0.25,1.0,-0.029000000000000026,0
1431,Occasional,8.647,2024-04-01,Industrial,Midwest,Spot,506,1.0,1.0,1.0483,543.28,0.0,1.0,,1
1432,SMB,6.976,2021-03-07,Industrial,Northeast,Spot,1627,7.0,6.0,1.0147,1234.78,0.42857142857142855,0.8571428571428571,0.11630000000000007,0
1433,Enterprise,2.552,2019-07-02,Retail,Northeast,Contract,2241,25.0,23.0,1.030348,4739.150000000001,0.24,0.92,-0.02771428571428569,0
1434,Mid-Market,5.074,2023-10-06,Food & Beverage,West,Spot,684,10.0,10.0,0.99785,2119.69,0.3,1.0,-0.07590000000000008,0
1435,Mid-Market,5.11,2023-06-01,Apparel,Midwest,Contract,811,11.0,10.0,0.9770636363636364,2385.44,0.5454545454545454,0.9090909090909091,-0.015033333333333343,0
1437,Mid-Market,2.861,2019-12-15,Food & Beverage,Northeast,Spot,2075,8.0,7.0,0.984,1254.99,0.125,0.875,0.049383333333333224,0
1438,SMB,6.682,2023-03-19,Apparel,Southeast,Spot,885,6.0,6.0,0.9867666666666667,1064.94,0.16666666666666666,1.0,0.029749999999999943,0
1439,Occasional,8.502,2020-04-28,Automotive,International,Spot,1940,2.0,2.0,0.9652499999999999,219.32999999999998,0.0,1.0,,0
1440,Occasional,7.765,2022-09-14,Food & Beverage,Northeast,Spot,1071,2.0,2.0,0.9592,317.36,0.5,1.0,,0
1441,Mid-Market,3.375,2022-05-21,Automotive,Northeast,Contract,1187,14.0,12.0,0.9553142857142857,2685.4800000000005,0.21428571428571427,0.8571428571428571,-0.06404999999999994,0
1442,Enterprise,2.183,2024-02-25,Apparel,Midwest,Contract,542,13.0,12.0,1.0605538461538462,4548.21,0.15384615384615385,0.9230769230769231,-0.04730000000000012,0
1444,Enterprise,2.564,2020-04-07,Electronics,International,Contract,1961,11.0,11.0,1.0350454545454546,1128.43,0.18181818181818182,1.0,0.03043999999999991,0
1445,Mid-Market,3.658,2019-10-07,Industrial,International,Spot,2144,11.0,11.0,1.0179181818181817,3920.52,0.45454545454545453,1.0,-0.08496999999999999,0
1446,SMB,4.732,2022-09-15,Retail,West,Spot,1070,2.0,2.0,0.9869,462.89,0.0,1.0,,0
1448,SMB,5.017,2020-01-20,Electronics,Midwest,Spot,2039,7.0,5.0,0.9935571428571429,759.1,0.14285714285714285,0.7142857142857143,,0
1449,SMB,6.614,2022-04-01,Industrial,West,Spot,1237,6.0,5.0,0.96895,751.8499999999999,0.16666666666666666,0.8333333333333334,,0
1450,Mid-Market,5.15,2021-09-18,Apparel,Southeast,Contract,1432,15.0,12.0,0.9836466666666667,2114.48,0.13333333333333333,0.8,0.010699999999999932,0
1451,SMB,8.977,2021-02-13,Manufacturing,International,Spot,1649,4.0,4.0,0.976175,444.39,0.0,1.0,,0
1452,SMB,7.295,2023-06-05,Food & Beverage,Midwest,Contract,807,8.0,8.0,0.9873500000000001,1284.62,0.25,1.0,-0.09130000000000005,0
1453,Occasional,7.912,2020-12-20,Industrial,Northeast,Spot,1704,2.0,2.0,1.00805,545.12,0.5,1.0,,0
1454,Occasional,9.418,2022-04-15,Manufacturing,Midwest,Spot,1223,6.0,6.0,0.9621333333333334,1163.9099999999999,0.16666666666666666,1.0,-0.01189999999999991,1
1455,Mid-Market,3.982,2024-08-20,Pharma,West,Spot,365,11.0,10.0,0.977990909090909,1547.06,0.09090909090909091,0.9090909090909091,0.028075000000000072,0
1456,Mid-Market,4.672,2021-07-13,Food & Beverage,Northeast,Contract,1499,10.0,10.0,0.98216,1477.4499999999998,0.3,1.0,0.03935000000000011,0
1457,Mid-Market,4.03,2019-02-21,Automotive,Southeast,Contract,2372,7.0,6.0,0.9873000000000001,1930.26,0.2857142857142857,0.8571428571428571,-0.02300000000000013,0
1458,SMB,4.529,2024-11-24,Automotive,West,Spot,269,4.0,3.0,0.896675,646.24,0.0,0.75,,0
1459,Occasional,8.845,2020-10-30,Automotive,Northeast,Spot,1755,1.0,1.0,0.978,584.91,1.0,1.0,,0
1460,Mid-Market,5.105,2024-02-25,Retail,Southeast,Contract,542,14.0,13.0,0.9818142857142858,2069.0099999999998,0.2857142857142857,0.9285714285714286,-0.013575000000000115,0
1461,SMB,2.867,2024-02-01,Food & Beverage,West,Spot,566,4.0,4.0,1.0259,593.5,0.5,1.0,0.016000000000000014,0
1462,SMB,7.48,2022-07-05,Apparel,West,Spot,1142,8.0,8.0,0.969125,1346.61,0.0,1.0,,0
1463,Mid-Market,4.723,2019-08-02,Food & Beverage,Midwest,Contract,2210,9.0,9.0,0.9795444444444443,2814.38,0.1111111111111111,1.0,-0.17647500000000005,0
1464,Mid-Market,4.197,2025-05-02,Apparel,International,Spot,110,3.0,2.0,0.9786,376.06,0.0,0.6666666666666666,,0
1465,SMB,6.485,2023-07-16,Apparel,International,Contract,766,6.0,5.0,0.9793333333333334,963.6099999999999,0.3333333333333333,0.8333333333333334,-0.016999999999999904,0
1466,SMB,7.97,2021-10-30,Electronics,Midwest,Spot,1390,3.0,3.0,0.9500666666666667,1012.17,0.0,1.0,0.06929999999999992,0
1467,SMB,5.543,2024-09-10,Retail,Northeast,Contract,344,6.0,5.0,0.9152,994.5799999999999,0.16666666666666666,0.8333333333333334,0.02465000000000006,0
1468,Mid-Market,3.655,2024-04-02,Industrial,West,Contract,505,7.0,7.0,0.9419571428571428,786.3100000000001,0.14285714285714285,1.0,,0
1469,SMB,7.02,2024-01-26,Automotive,Southeast,Contract,572,3.0,3.0,0.9304333333333333,659.47,0.6666666666666666,1.0,,0
1470,Mid-Market,4.841,2020-02-13,Industrial,West,Spot,2015,8.0,8.0,1.0557625,2032.14,0.375,1.0,-0.049800000000000066,0
1471,Occasional,8.314,2023-03-21,Electronics,Midwest,Spot,883,3.0,3.0,0.9758,763.26,0.0,1.0,0.14449999999999996,0
1472,Mid-Market,3.509,2020-11-26,Electronics,Southeast,Contract,1728,8.0,8.0,0.97785,2116.3399999999997,0.25,1.0,0.06984999999999986,0
1473,Mid-Market,4.985,2019-07-11,Electronics,Midwest,Contract,2232,9.0,9.0,0.9515666666666667,2402.1499999999996,0.2222222222222222,1.0,0.07700000000000007,0
1474,SMB,7.615,2021-04-03,Retail,Midwest,Spot,1600,4.0,4.0,1.0006,433.58,0.25,1.0,,0
1475,SMB,6.063,2019-09-11,Manufacturing,International,Contract,2170,6.0,6.0,0.9576333333333333,1506.8999999999996,0.3333333333333333,1.0,0.13129999999999997,0
1476,SMB,6.089,2019-09-15,Electronics,Northeast,Spot,2166,6.0,5.0,0.9649166666666668,690.74,0.5,0.8333333333333334,0.07327499999999998,0
1477,SMB,6.63,2023-11-06,Industrial,International,Contract,653,5.0,5.0,0.96904,907.9,0.0,1.0,-0.07200000000000006,0
1478,Occasional,8.275,2022-05-06,Manufacturing,Northeast,Spot,1202,2.0,2.0,0.9108,261.65,0.5,1.0,,1
1479,SMB,7.251,2021-08-26,Pharma,West,Spot,1455,8.0,8.0,0.9947625,1203.5700000000002,0.25,1.0,0.04551666666666676,0
1480,SMB,6.583,2020-04-13,Pharma,International,Contract,1955,9.0,7.0,1.0291333333333332,840.13,0.4444444444444444,0.7777777777777778,0.1352,0
1481,Mid-Market,6.964,2024-02-21,Electronics,Southeast,Contract,546,9.0,8.0,0.9981000000000001,1693.39,0.1111111111111111,0.8888888888888888,0.0026250000000000995,0
1482,Enterprise,3.23,2023-03-25,Industrial,Northeast,Spot,879,17.0,16.0,1.0166764705882354,3205.38,0.058823529411764705,0.9411764705882353,0.049449999999999994,0
1483,SMB,7.769,2022-11-26,Retail,West,Spot,998,5.0,4.0,0.9946400000000001,637.9200000000001,0.2,0.8,-0.0818000000000001,0
1484,Mid-Market,5.815,2020-04-07,Automotive,West,Spot,1961,8.0,8.0,0.9619,1659.61,0.375,1.0,0.1477666666666666,1
1485,SMB,6.046,2019-10-28,Apparel,Southeast,Contract,2123,6.0,4.0,0.9568166666666666,543.45,0.3333333333333333,0.6666666666666666,,0
1486,Enterprise,2.54,2019-10-28,Electronics,Midwest,Contract,2123,7.0,7.0,1.0634714285714286,1382.21,0.2857142857142857,1.0,,0
1487,Occasional,7.987,2019-03-02,Automotive,West,Spot,2363,4.0,4.0,0.996025,567.76,0.75,1.0,,1
1489,Occasional,6.167,2021-06-14,Industrial,Midwest,Spot,1528,1.0,1.0,0.9291,295.58,0.0,1.0,,0
1490,SMB,8.972,2023-05-22,Retail,Southeast,Spot,821,4.0,4.0,0.983725,878.56,0.25,1.0,,0
1492,SMB,5.874,2025-03-30,Pharma,West,Contract,143,3.0,2.0,0.9372666666666666,930.91,0.3333333333333333,0.6666666666666666,,0
1493,SMB,5.918,2021-02-19,Industrial,Southeast,Spot,1643,5.0,5.0,1.02498,884.27,0.2,1.0,,0
1494,SMB,6.521,2022-04-07,Retail,International,Spot,1231,3.0,3.0,0.9560666666666666,219.95000000000002,0.3333333333333333,1.0,-0.020399999999999974,0
1495,Mid-Market,5.247,2022-02-01,Automotive,Midwest,Contract,1296,10.0,9.0,0.9420400000000001,1579.29,0.1,0.9,0.01959999999999995,0
1496,SMB,6.681,2019-03-23,Industrial,Midwest,Contract,2342,9.0,8.0,0.9936777777777779,2554.51,0.2222222222222222,0.8888888888888888,0.0645,0
1498,SMB,6.136,2022-10-30,Automotive,Southeast,Spot,1025,4.0,3.0,0.982175,259.91,0.25,0.75,0.22124999999999995,1
1499,Mid-Market,4.523,2021-06-23,Automotive,West,Contract,1519,11.0,10.0,0.9614090909090909,3129.8199999999997,0.18181818181818182,0.9090909090909091,-0.007600000000000051,0
1500,SMB,6.579,2022-09-21,Manufacturing,West,Spot,1064,2.0,2.0,1.04975,314.73,0.5,1.0,,0
1501,SMB,6.552,2023-11-26,Automotive,West,Spot,633,11.0,7.0,1.0143727272727274,2346.68,0.36363636363636365,0.6363636363636364,0.030299999999999994,1
1502,Occasional,9.17,2019-02-06,Apparel,Southeast,Spot,2387,2.0,2.0,0.9267000000000001,65.74,0.5,1.0,,1
1503,Mid-Market,2.855,2023-04-23,Retail,Southeast,Spot,850,14.0,13.0,0.980542857142857,2088.9399999999996,0.07142857142857142,0.9285714285714286,-0.08283333333333331,0
1504,Mid-Market,3.41,2024-09-28,Pharma,Northeast,Contract,326,9.0,7.0,0.9575222222222222,1392.1100000000001,0.1111111111111111,0.7777777777777778,0.022699999999999942,0
1505,SMB,6.81,2023-11-04,Apparel,West,Spot,655,8.0,7.0,0.973975,780.27,0.25,0.875,,0
1506,SMB,3.771,2023-02-18,Automotive,Southeast,Spot,914,7.0,7.0,0.9782714285714286,1957.88,0.14285714285714285,1.0,0.07234999999999991,0
1507,SMB,8.857,2019-08-09,Automotive,Midwest,Spot,2203,5.0,5.0,0.95946,1517.6299999999999,0.2,1.0,,0
1508,SMB,6.423,2023-12-19,Food & Beverage,Midwest,Spot,610,10.0,9.0,0.9821500000000001,1648.8400000000001,0.1,0.9,-0.11745000000000005,0
1509,Mid-Market,5.755,2024-01-02,Electronics,Southeast,Contract,596,5.0,3.0,1.01922,542.6500000000001,0.0,0.6,,0
1510,SMB,7.297,2022-04-17,Manufacturing,West,Spot,1221,1.0,1.0,1.0374,50.47,0.0,1.0,,0
1511,Mid-Market,3.889,2022-11-19,Retail,Midwest,Contract,1005,15.0,13.0,1.0330266666666668,1877.9800000000002,0.4,0.8666666666666667,0.0926999999999999,0
1512,Mid-Market,3.971,2023-02-14,Apparel,International,Spot,918,4.0,3.0,0.9759500000000001,404.71000000000004,0.25,0.75,,0
1513,SMB,4.946,2019-10-22,Industrial,Northeast,Spot,2129,4.0,4.0,0.9841,460.81999999999994,0.25,1.0,,1
1514,SMB,6.035,2020-09-18,Retail,Midwest,Spot,1797,9.0,8.0,1.019022222222222,1713.2699999999998,0.5555555555555556,0.8888888888888888,0.05120000000000002,0
1515,Occasional,10.159,2024-04-13,Apparel,Northeast,Spot,494,5.0,4.0,0.97576,798.57,0.4,0.8,,0
1517,Mid-Market,3.644,2020-10-19,Manufacturing,Midwest,Spot,1766,10.0,8.0,0.9859199999999999,668.3700000000001,0.4,0.8,0.05315000000000003,0
1518,Occasional,7.95,2021-09-02,Manufacturing,Southeast,Spot,1448,3.0,3.0,0.9674,1008.98,0.0,1.0,0.12970000000000004,0
1519,Mid-Market,3.496,2025-02-06,Electronics,West,Spot,195,4.0,4.0,1.0137,1042.6000000000001,0.0,1.0,,0
1520,Mid-Market,4.555,2020-01-31,Apparel,Southeast,Contract,2028,9.0,9.0,0.9507888888888889,1030.17,0.1111111111111111,1.0,-0.01915,0
1521,Mid-Market,3.798,2020-09-27,Electronics,Northeast,Contract,1788,6.0,5.0,0.9675166666666666,601.23,0.3333333333333333,0.8333333333333334,0.025899999999999923,0
1522,SMB,5.793,2019-05-17,Automotive,Midwest,Spot,2287,6.0,6.0,0.9935166666666667,717.49,0.3333333333333333,1.0,-0.010750000000000037,0
1523,Occasional,11.833,2020-07-25,Electronics,Northeast,Spot,1852,2.0,1.0,1.0383,456.82,0.5,0.5,,0
1524,SMB,8.364,2023-03-30,Retail,West,Spot,874,7.0,7.0,0.9507142857142857,1684.1000000000001,0.42857142857142855,1.0,0.015233333333333321,0
1525,SMB,5.897,2021-04-27,Retail,West,Spot,1576,7.0,6.0,1.0035142857142856,1067.84,0.14285714285714285,0.8571428571428571,0.06253333333333344,0
1527,Mid-Market,3.897,2024-12-10,Food & Beverage,West,Contract,253,8.0,7.0,0.9454375,846.19,0.25,0.875,,0
1528,SMB,7.51,2024-12-21,Apparel,West,Spot,242,5.0,5.0,0.99556,1180.62,0.4,1.0,,0
1529,Mid-Market,5.07,2023-11-04,Food & Beverage,Southeast,Contract,655,10.0,9.0,0.99217,1261.9399999999998,0.1,0.9,0.01539999999999997,0
1530,Mid-Market,4.391,2023-09-06,Manufacturing,Northeast,Spot,714,8.0,6.0,0.9903,987.1800000000001,0.25,0.75,-0.03794999999999993,0
1531,Mid-Market,4.439,2022-05-26,Manufacturing,Southeast,Contract,1182,15.0,14.0,0.9682333333333334,2109.63,0.4666666666666667,0.9333333333333333,0.02312499999999995,0
1533,SMB,5.819,2019-08-21,Electronics,International,Spot,2191,6.0,5.0,0.9324833333333333,869.56,0.3333333333333333,0.8333333333333334,0.06903333333333328,0
1534,SMB,6.057,2023-10-27,Apparel,West,Spot,663,4.0,4.0,0.988275,607.12,0.25,1.0,,0
1535,Enterprise,2.354,2019-12-08,Industrial,Northeast,Spot,2082,26.0,24.0,1.0492961538461538,4464.13,0.2692307692307692,0.9230769230769231,0.036499999999999755,0
1536,SMB,6.305,2021-04-06,Electronics,Northeast,Spot,1597,1.0,1.0,0.9805,37.05,0.0,1.0,,0
1537,SMB,8.141,2020-09-14,Pharma,West,Spot,1801,5.0,4.0,1.0124,422.56,0.2,0.8,0.014250000000000096,0
1538,SMB,4.332,2023-01-03,Automotive,Northeast,Spot,960,10.0,10.0,0.9703099999999999,2688.11,0.0,1.0,0.012824999999999864,0
1539,SMB,5.021,2024-03-31,Manufacturing,Midwest,Spot,507,5.0,5.0,0.9844999999999999,848.01,0.6,1.0,,0
1540,SMB,4.263,2019-07-14,Pharma,Southeast,Contract,2229,6.0,5.0,0.9944000000000001,615.71,0.0,0.8333333333333334,,0
1541,SMB,5.295,2023-01-05,Electronics,Southeast,Contract,958,10.0,10.0,0.9555999999999999,2753.61,0.5,1.0,,0
1542,Mid-Market,4.472,2020-06-23,Apparel,West,Spot,1884,14.0,13.0,0.9697142857142858,6295.719999999999,0.5,0.9285714285714286,0.032749999999999946,0
1543,Mid-Market,4.35,2019-07-07,Apparel,International,Contract,2236,6.0,6.0,0.9199,1258.52,0.0,1.0,0.007449999999999957,0
1544,Mid-Market,5.023,2021-10-13,Manufacturing,West,Spot,1407,7.0,6.0,0.9778857142857144,580.5999999999999,0.0,0.8571428571428571,0.03320000000000012,0
1545,SMB,5.626,2022-11-16,Manufacturing,Midwest,Spot,1008,6.0,6.0,0.9728833333333333,1155.17,0.5,1.0,0.21389999999999998,1
1546,Mid-Market,5.201,2020-05-06,Retail,Southeast,Spot,1932,15.0,14.0,1.00992,2814.9700000000003,0.2,0.9333333333333333,0.053774999999999906,0
1547,Mid-Market,4.468,2021-08-07,Retail,International,Spot,1474,11.0,11.0,1.0061727272727272,2905.29,0.36363636363636365,1.0,-0.02953333333333341,0
1549,Mid-Market,4.673,2021-04-24,Apparel,Midwest,Contract,1579,3.0,3.0,1.0658666666666667,516.01,0.6666666666666666,1.0,-0.13039999999999985,0
1551,Mid-Market,3.825,2024-07-24,Food & Beverage,Northeast,Spot,392,9.0,7.0,0.9879888888888888,1302.3400000000001,0.2222222222222222,0.7777777777777778,0.04532500000000006,0
1552,SMB,5.719,2021-06-22,Industrial,Northeast,Spot,1520,2.0,2.0,1.0082,125.5,0.0,1.0,,0
1553,Mid-Market,5.292,2022-11-05,Apparel,West,Spot,1019,12.0,12.0,1.037375,2296.18,0.16666666666666666,1.0,0.004741666666666644,0
1554,Mid-Market,5.0,2023-09-23,Automotive,Midwest,Contract,697,10.0,10.0,0.94816,1279.3700000000001,0.3,1.0,0.043983333333333374,0
1555,Mid-Market,5.01,2022-02-05,Apparel,Northeast,Contract,1292,7.0,5.0,0.9960571428571429,1403.33,0.42857142857142855,0.7142857142857143,-0.08570000000000011,0
1556,SMB,4.182,2021-09-19,Manufacturing,Southeast,Spot,1431,7.0,7.0,0.9640857142857142,1169.56,0.42857142857142855,1.0,-0.03454999999999997,0
1557,Occasional,8.192,2021-03-13,Pharma,International,Spot,1621,2.0,1.0,0.9708,78.68,0.5,0.5,,0
1558,SMB,5.378,2019-12-06,Pharma,Midwest,Contract,2084,5.0,5.0,0.9755600000000001,771.42,0.0,1.0,,0
1559,SMB,8.041,2019-03-02,Apparel,Midwest,Spot,2363,3.0,2.0,1.0189000000000001,774.53,0.3333333333333333,0.6666666666666666,,0
1560,Occasional,7.4,2021-03-31,Automotive,Northeast,Spot,1603,2.0,2.0,1.0189,111.44999999999999,0.0,1.0,,1
1561,Occasional,7.21,2024-04-21,Retail,International,Contract,486,1.0,1.0,0.8507,114.45,0.0,1.0,,1
1562,SMB,7.084,2020-07-22,Apparel,West,Spot,1855,6.0,6.0,0.9656333333333333,1824.54,0.3333333333333333,1.0,0.061549999999999994,0
1563,Occasional,6.026,2020-03-13,Automotive,Midwest,Spot,1986,1.0,1.0,0.9649,63.4,1.0,1.0,,1
1564,Occasional,11.252,2021-03-09,Retail,Southeast,Spot,1625,2.0,2.0,1.0017,175.18,0.0,1.0,0.07640000000000002,1
1565,SMB,6.825,2022-12-29,Food & Beverage,West,Contract,965,7.0,7.0,0.9393857142857142,2632.6600000000003,0.0,1.0,0.08756666666666657,0
1566,SMB,5.397,2020-06-07,Industrial,West,Spot,1900,3.0,3.0,0.9662000000000001,774.99,0.0,1.0,-0.12119999999999997,1
1567,Mid-Market,4.853,2020-06-20,Retail,West,Contract,1887,6.0,5.0,0.9898666666666666,1269.56,0.5,0.8333333333333334,,0
1568,Enterprise,2.7,2019-10-01,Manufacturing,International,Contract,2150,11.0,11.0,1.0366181818181817,1661.1800000000003,0.09090909090909091,1.0,-0.0052000000000000934,0
1569,SMB,4.757,2021-03-19,Automotive,Midwest,Spot,1615,5.0,4.0,1.0138399999999999,677.0799999999999,0.4,0.8,,0
1571,Mid-Market,4.642,2024-07-16,Apparel,Midwest,Spot,400,10.0,8.0,0.9915200000000001,634.0400000000001,0.2,0.8,-0.09309999999999996,0
1572,SMB,6.548,2025-01-14,Industrial,West,Spot,218,1.0,1.0,0.9279,800.02,1.0,1.0,,0
1573,SMB,7.642,2021-06-21,Food & Beverage,Southeast,Contract,1521,3.0,3.0,0.9781333333333334,349.41999999999996,0.3333333333333333,1.0,,0
1574,Occasional,10.994,2019-07-27,Food & Beverage,Northeast,Spot,2216,4.0,2.0,0.9799,802.42,0.25,0.5,,1
1575,Mid-Market,5.227,2019-08-01,Food & Beverage,West,Spot,2211,13.0,13.0,1.0227384615384616,3368.59,0.15384615384615385,1.0,-0.06685999999999992,0
1576,Mid-Market,5.442,2021-03-01,Electronics,Southeast,Contract,1633,11.0,11.0,0.9505818181818182,1705.69,0.18181818181818182,1.0,-0.05178000000000005,0
1577,SMB,7.683,2022-02-02,Food & Beverage,West,Contract,1295,4.0,3.0,0.960475,349.26,0.0,0.75,-0.05300000000000005,0
1578,Occasional,9.761,2022-07-10,Pharma,Northeast,Spot,1137,2.0,2.0,0.8625499999999999,318.02,0.5,1.0,,1
1579,Occasional,7.366,2021-01-10,Industrial,Southeast,Spot,1683,1.0,1.0,0.8926,203.02,0.0,1.0,,1
1580,Occasional,11.698,2021-05-13,Industrial,Southeast,Spot,1560,2.0,2.0,0.85865,180.48,0.0,1.0,,1
1582,Mid-Market,5.42,2022-06-14,Retail,West,Contract,1163,10.0,10.0,0.98324,2141.17,0.1,1.0,0.022219999999999795,0
1583,Mid-Market,4.509,2023-08-24,Electronics,Southeast,Spot,727,9.0,9.0,1.0467888888888888,1327.54,0.2222222222222222,1.0,-0.01584999999999992,0
1584,Mid-Market,5.848,2019-04-16,Automotive,Midwest,Contract,2318,13.0,13.0,0.9788384615384615,3271.43,0.23076923076923078,1.0,0.038149999999999906,0
1585,SMB,7.357,2022-03-11,Pharma,Northeast,Spot,1258,10.0,10.0,1.0082799999999998,983.83,0.1,1.0,0.0037166666666668124,0
1586,Occasional,8.37,2023-04-29,Electronics,West,Spot,844,4.0,4.0,0.962325,351.83000000000004,0.25,1.0,,0
1587,Mid-Market,4.806,2023-06-26,Electronics,International,Spot,786,16.0,15.0,0.97695625,3650.38,0.1875,0.9375,-0.107105,0
1588,SMB,5.715,2022-10-04,Retail,West,Spot,1051,3.0,3.0,0.9475333333333333,1010.29,0.3333333333333333,1.0,,0
1589,Mid-Market,5.169,2022-07-02,Electronics,Northeast,Spot,1145,12.0,11.0,1.01385,1703.31,0.3333333333333333,0.9166666666666666,0.026575000000000015,0
1590,Mid-Market,4.854,2023-07-17,Food & Beverage,Midwest,Contract,765,10.0,10.0,1.01456,1482.04,0.1,1.0,,0
1591,Mid-Market,4.822,2021-07-10,Food & Beverage,Southeast,Spot,1502,8.0,8.0,0.9851625,2731.7599999999998,0.25,1.0,-0.15075000000000005,0
1592,Enterprise,2.413,2022-10-13,Pharma,Northeast,Spot,1042,20.0,20.0,1.025505,3673.17,0.25,1.0,0.03093333333333348,0
1593,Occasional,11.1,2021-02-16,Electronics,Northeast,Spot,1646,3.0,3.0,0.9605333333333334,365.72999999999996,0.6666666666666666,1.0,,1
1594,Mid-Market,3.938,2021-12-02,Manufacturing,Northeast,Spot,1357,6.0,6.0,0.9846833333333334,606.7800000000001,0.3333333333333333,1.0,-0.08553333333333335,0
1595,Occasional,9.854,2019-10-30,Industrial,Northeast,Spot,2121,2.0,2.0,0.97925,632.25,0.0,1.0,,0
1596,SMB,6.629,2021-05-02,Food & Beverage,West,Spot,1571,3.0,2.0,0.9471666666666666,249.17000000000002,0.6666666666666666,0.6666666666666666,,0
1597,Mid-Market,5.231,2019-12-12,Electronics,Southeast,Contract,2078,12.0,12.0,0.9616333333333333,2082.2000000000003,0.25,1.0,0.01746666666666663,0
1598,Mid-Market,7.161,2020-07-05,Apparel,West,Contract,1872,4.0,4.0,0.939475,376.73999999999995,0.25,1.0,-0.022949999999999915,0
1599,SMB,6.214,2021-10-18,Pharma,International,Spot,1402,6.0,5.0,0.9901166666666666,2168.59,0.16666666666666666,0.8333333333333334,-0.010600000000000054,0
1600,Mid-Market,4.263,2022-05-02,Pharma,Midwest,Spot,1206,14.0,12.0,1.0116714285714286,1107.0800000000002,0.21428571428571427,0.8571428571428571,-0.014169999999999794,0
1601,Occasional,12.322,2025-04-12,Manufacturing,Midwest,Spot,130,2.0,2.0,0.89655,207.96,0.0,1.0,,0
1602,Mid-Market,4.664,2019-03-05,Apparel,West,Contract,2360,7.0,7.0,0.9940142857142857,1384.0700000000002,0.2857142857142857,1.0,-0.0040999999999999925,0
1603,SMB,6.359,2024-12-27,Manufacturing,Northeast,Spot,236,3.0,2.0,0.9923666666666667,150.57,0.6666666666666666,0.6666666666666666,,0
1604,SMB,9.045,2021-03-10,Automotive,Southeast,Contract,1624,5.0,4.0,0.91762,316.73,0.4,0.8,,0
1605,Mid-Market,4.198,2023-10-30,Food & Beverage,Midwest,Contract,660,5.0,4.0,0.98268,869.89,0.6,0.8,-0.006700000000000039,0
1606,Mid-Market,4.161,2023-07-09,Food & Beverage,West,Contract,773,12.0,11.0,0.9799833333333333,1376.8599999999997,0.25,0.9166666666666666,0.06482500000000002,0
1608,Mid-Market,5.99,2019-09-22,Food & Beverage,West,Spot,2159,7.0,6.0,1.0114857142857143,3152.2400000000007,0.42857142857142855,0.8571428571428571,0.022149999999999892,0
1610,SMB,4.486,2019-06-03,Food & Beverage,Midwest,Contract,2270,3.0,3.0,0.9248999999999999,660.41,0.3333333333333333,1.0,,0
1611,Mid-Market,4.173,2024-11-06,Manufacturing,West,Contract,287,8.0,8.0,0.96835,1149.07,0.375,1.0,0.05793333333333339,0
1612,SMB,6.318,2023-05-08,Pharma,West,Spot,835,9.0,9.0,0.9985888888888889,1438.22,0.3333333333333333,1.0,-0.04947500000000005,0
1613,SMB,8.054,2022-03-19,Electronics,Midwest,Spot,1250,6.0,4.0,0.9630333333333333,790.8700000000001,0.16666666666666666,0.6666666666666666,-0.019099999999999895,0
1614,Mid-Market,3.171,2021-08-26,Retail,International,Contract,1455,9.0,9.0,0.9868333333333332,1269.4299999999998,0.3333333333333333,1.0,-0.07786666666666664,0
1615,Occasional,8.165,2019-08-16,Automotive,West,Contract,2196,1.0,1.0,0.9338,230.82,0.0,1.0,,0
1616,Mid-Market,3.918,2024-05-06,Electronics,Midwest,Spot,471,8.0,8.0,1.0310625,2131.3599999999997,0.75,1.0,-0.0965999999999998,0
1617,Enterprise,2.843,2023-11-08,Pharma,Northeast,Contract,651,15.0,15.0,1.0476066666666666,3549.41,0.26666666666666666,1.0,0.09426666666666672,0
1618,SMB,4.841,2025-04-01,Manufacturing,Northeast,Spot,141,1.0,1.0,0.9255,42.35,0.0,1.0,,0
1619,Occasional,7.821,2023-11-14,Electronics,West,Spot,645,1.0,1.0,0.9841,151.73,0.0,1.0,,0
1620,Enterprise,2.861,2025-05-19,Food & Beverage,Northeast,Contract,93,3.0,3.0,0.9984333333333334,783.0699999999999,0.0,1.0,,0
1621,Mid-Market,3.062,2024-11-29,Manufacturing,Midwest,Contract,264,5.0,4.0,0.97264,572.17,0.0,0.8,,0
1622,SMB,5.828,2021-11-02,Industrial,Midwest,Spot,1387,4.0,4.0,1.0078,1148.27,0.25,1.0,,0
1623,SMB,5.965,2023-09-10,Electronics,West,Spot,710,3.0,3.0,0.9312,950.23,0.3333333333333333,1.0,,0
1624,Mid-Market,5.169,2020-10-05,Pharma,West,Contract,1780,9.0,9.0,0.9775444444444444,1757.6000000000001,0.3333333333333333,1.0,0.11403333333333332,0
1625,Mid-Market,7.12,2024-04-20,Pharma,West,Spot,487,6.0,6.0,1.0043499999999999,1003.9100000000001,0.3333333333333333,1.0,-0.0736,0
1626,SMB,6.332,2023-01-21,Food & Beverage,Southeast,Spot,942,4.0,4.0,0.9146,580.24,0.0,1.0,,1
1627,Mid-Market,4.27,2021-12-08,Pharma,Northeast,Contract,1351,7.0,6.0,1.0614000000000001,1420.6,0.42857142857142855,0.8571428571428571,,0
1628,Mid-Market,3.1,2023-03-10,Pharma,West,Contract,894,7.0,7.0,0.9664142857142857,1496.42,0.14285714285714285,1.0,0.10464999999999991,0
1629,Mid-Market,5.41,2020-11-05,Retail,Northeast,Contract,1749,6.0,6.0,0.9745333333333334,1091.2,0.3333333333333333,1.0,-0.04610000000000003,0
1630,Mid-Market,3.946,2023-02-24,Apparel,Midwest,Spot,908,13.0,11.0,0.9989923076923077,2545.6000000000004,0.15384615384615385,0.8461538461538461,-0.01695000000000002,0
1631,SMB,4.685,2022-03-02,Retail,International,Contract,1267,8.0,8.0,0.8840875,2271.24,0.125,1.0,0.03474999999999995,0
1632,Occasional,5.845,2021-02-22,Food & Beverage,Midwest,Spot,1640,4.0,4.0,0.947775,542.1,0.0,1.0,0.07374999999999998,1
1634,SMB,7.4,2019-06-05,Food & Beverage,West,Contract,2268,5.0,5.0,0.9842600000000001,1023.95,0.0,1.0,0.20065,0
1635,Occasional,8.354,2024-01-19,Retail,West,Spot,579,3.0,3.0,0.8618666666666667,621.8199999999999,0.0,1.0,-0.04960000000000009,1
1636,Mid-Market,5.769,2020-05-26,Apparel,Southeast,Spot,1912,6.0,6.0,1.04455,840.3100000000001,0.0,1.0,0.07274999999999987,0
1637,Mid-Market,4.346,2020-06-25,Food & Beverage,Midwest,Spot,1882,10.0,10.0,0.9968600000000001,1559.4399999999998,0.2,1.0,-0.15800000000000014,0
1639,Mid-Market,4.031,2019-09-07,Retail,Midwest,Spot,2174,13.0,13.0,0.9847076923076923,2612.33,0.15384615384615385,1.0,0.03232499999999994,0
1640,SMB,7.21,2019-10-29,Pharma,Southeast,Contract,2122,7.0,7.0,0.9218714285714286,1257.1100000000001,0.14285714285714285,1.0,-0.06685000000000008,0
1641,SMB,5.556,2024-07-20,Apparel,Midwest,Spot,396,5.0,4.0,1.0198399999999999,980.99,0.0,0.8,0.04415000000000002,0
1642,Mid-Market,4.44,2025-03-05,Pharma,West,Contract,168,4.0,4.0,0.98395,297.78999999999996,0.25,1.0,,0
1643,SMB,6.704,2022-11-24,Apparel,Northeast,Spot,1000,9.0,9.0,1.0298333333333334,1917.57,0.4444444444444444,1.0,-0.04744999999999999,0
1644,Mid-Market,5.282,2019-02-03,Automotive,Midwest,Contract,2390,16.0,14.0,0.9793999999999999,2472.85,0.125,0.875,0.05631666666666668,0
1645,Mid-Market,4.395,2024-10-06,Automotive,Northeast,Contract,318,6.0,5.0,1.0098166666666666,2019.1599999999999,0.0,0.8333333333333334,,0
1646,SMB,5.521,2023-01-05,Industrial,Southeast,Spot,958,2.0,2.0,0.9864999999999999,315.14,0.0,1.0,,1
1647,Mid-Market,4.153,2022-06-22,Industrial,Northeast,Spot,1155,11.0,10.0,1.0073,1887.16,0.36363636363636365,0.9090909090909091,0.002200000000000202,0
1648,SMB,6.201,2025-04-26,Automotive,Northeast,Spot,116,2.0,2.0,0.9330499999999999,412.2,0.5,1.0,,0
1650,SMB,9.184,2021-05-26,Pharma,International,Spot,1547,8.0,8.0,0.9762125,854.5600000000001,0.25,1.0,-0.026939999999999964,0
1651,Mid-Market,4.421,2024-03-13,Pharma,West,Contract,525,13.0,12.0,1.0016538461538462,2085.34,0.23076923076923078,0.9230769230769231,-0.0014333333333333975,0
1652,Mid-Market,3.455,2022-07-07,Manufacturing,Midwest,Spot,1140,11.0,11.0,1.0048363636363637,2191.5499999999997,0.18181818181818182,1.0,0.06309333333333322,0
1653,Mid-Market,4.957,2023-10-12,Apparel,West,Contract,678,7.0,6.0,0.9722999999999999,1465.4099999999999,0.2857142857142857,0.8571428571428571,-0.06820000000000004,0
1654,Mid-Market,2.992,2023-08-22,Pharma,West,Spot,729,11.0,11.0,1.0070363636363637,2289.15,0.18181818181818182,1.0,-0.08901666666666674,0
1655,Occasional,8.832,2024-08-06,Pharma,Midwest,Spot,379,4.0,4.0,0.99745,293.46999999999997,0.25,1.0,,1
1656,Mid-Market,4.2,2021-02-11,Automotive,Northeast,Contract,1651,11.0,11.0,0.9469090909090909,2165.68,0.45454545454545453,1.0,0.08623333333333327,0
1657,Mid-Market,5.283,2019-06-25,Apparel,West,Contract,2248,14.0,14.0,0.9736785714285714,2985.8999999999996,0.21428571428571427,1.0,-0.006759999999999988,0
1658,Occasional,7.208,2022-03-09,Industrial,International,Spot,1260,2.0,2.0,0.93845,390.2,0.5,1.0,-0.11169999999999991,1
1659,Mid-Market,4.873,2023-04-26,Industrial,Southeast,Spot,847,9.0,9.0,1.0312,1234.6000000000001,0.4444444444444444,1.0,0.057533333333333214,0
1660,Enterprise,3.044,2024-06-12,Automotive,Midwest,Contract,434,21.0,21.0,1.0389619047619048,3681.8900000000003,0.09523809523809523,1.0,-0.00773333333333337,0
1661,Mid-Market,5.131,2020-10-12,Electronics,Southeast,Contract,1773,6.0,5.0,0.9949666666666666,832.69,0.0,0.8333333333333334,0.02565000000000006,0
1662,SMB,6.715,2023-12-20,Manufacturing,Southeast,Spot,609,4.0,3.0,1.035475,344.36,0.25,0.75,-0.04234999999999989,0
1663,SMB,5.175,2024-07-19,Electronics,West,Spot,397,5.0,5.0,0.9626999999999999,1424.58,0.0,1.0,-0.08079999999999998,1
1664,Mid-Market,4.541,2024-05-22,Apparel,Southeast,Spot,455,16.0,15.0,1.00705625,2442.5299999999997,0.375,0.9375,0.057366666666666566,0
1665,Occasional,9.163,2024-05-21,Automotive,International,Spot,456,1.0,1.0,0.8779,1384.6,0.0,1.0,,0
1667,Occasional,9.489,2023-05-29,Apparel,Northeast,Spot,814,5.0,5.0,0.99914,1123.82,0.6,1.0,,0
1668,Mid-Market,5.653,2021-06-20,Apparel,West,Spot,1522,13.0,13.0,1.0046307692307692,1274.43,0.23076923076923078,1.0,0.024733333333333163,0
1669,Enterprise,3.312,2021-11-28,Industrial,West,Contract,1361,14.0,13.0,1.0479714285714286,2942.6800000000003,0.21428571428571427,0.9285714285714286,-0.013733333333333375,0
1670,Occasional,9.067,2023-12-25,Apparel,Midwest,Spot,604,3.0,3.0,1.0837999999999999,1619.9,0.3333333333333333,1.0,,0
1671,Mid-Market,5.432,2020-07-29,Manufacturing,Midwest,Spot,1848,4.0,4.0,0.9943249999999999,508.99,0.25,1.0,,0
1672,SMB,6.816,2023-01-07,Pharma,West,Spot,956,6.0,6.0,0.9340166666666666,1254.4399999999998,0.0,1.0,-0.02870000000000006,0
1673,SMB,4.978,2022-10-26,Electronics,Southeast,Contract,1029,4.0,3.0,0.932375,329.84000000000003,0.0,0.75,,0
1674,Mid-Market,5.002,2023-06-12,Apparel,Northeast,Spot,800,11.0,8.0,0.9931727272727273,2077.61,0.2727272727272727,0.7272727272727273,0.006550000000000056,0
1675,SMB,5.161,2021-10-22,Apparel,Southeast,Spot,1398,7.0,7.0,0.9543142857142858,865.78,0.14285714285714285,1.0,,0
1676,Occasional,7.525,2023-12-07,Electronics,Southeast,Spot,622,5.0,5.0,1.0081,543.32,0.6,1.0,,1
1677,SMB,5.351,2019-06-23,Electronics,West,Spot,2250,1.0,1.0,1.0221,232.56,0.0,1.0,,0
1678,SMB,6.067,2023-12-31,Retail,Northeast,Contract,598,4.0,4.0,1.0112,678.1999999999999,0.25,1.0,0.17684999999999995,0
1679,Occasional,10.187,2024-05-30,Electronics,Midwest,Spot,447,2.0,2.0,0.92815,214.36,0.0,1.0,,0
1680,SMB,7.724,2024-11-26,Automotive,Midwest,Spot,267,4.0,4.0,0.9477249999999999,385.06,0.25,1.0,,0
1681,SMB,7.294,2025-02-24,Apparel,West,Spot,177,2.0,2.0,0.9480999999999999,376.29,0.0,1.0,,0
1682,SMB,7.228,2021-04-30,Industrial,Midwest,Spot,1573,7.0,6.0,1.0000714285714287,2036.4099999999999,0.0,0.8571428571428571,,0
1683,SMB,5.281,2019-04-23,Industrial,International,Contract,2311,9.0,8.0,0.9817666666666666,1155.18,0.4444444444444444,0.8888888888888888,0.016200000000000103,1
1684,Mid-Market,5.435,2023-05-11,Automotive,International,Contract,832,12.0,12.0,0.9772083333333333,3125.77,0.16666666666666666,1.0,-0.07540000000000002,0
1685,Mid-Market,5.275,2019-08-08,Manufacturing,Northeast,Contract,2204,12.0,10.0,0.9765,1262.57,0.25,0.8333333333333334,-0.07625999999999988,0
1686,Mid-Market,4.204,2020-11-13,Electronics,West,Contract,1741,10.0,9.0,0.96813,1157.25,0.3,0.9,-0.08730000000000004,0
1687,SMB,5.95,2023-09-07,Retail,Northeast,Spot,713,4.0,4.0,0.97575,543.06,0.25,1.0,-0.05929999999999991,0
1688,SMB,6.926,2022-12-18,Retail,West,Spot,976,5.0,4.0,0.9811,769.4300000000001,0.0,0.8,,0
1689,SMB,5.846,2023-01-17,Manufacturing,Midwest,Spot,946,4.0,3.0,0.9719,2112.53,0.0,0.75,0.12319999999999998,1
1690,Mid-Market,3.39,2024-01-04,Electronics,Southeast,Spot,594,10.0,8.0,0.96258,1306.32,0.1,0.8,0.04249000000000003,0
1691,SMB,6.266,2020-02-06,Retail,Southeast,Spot,2022,6.0,6.0,0.9997166666666667,689.13,0.16666666666666666,1.0,0.1602999999999999,0
1692,Occasional,3.789,2024-04-10,Automotive,Southeast,Spot,497,2.0,2.0,0.868,695.0,0.0,1.0,,0
1693,Mid-Market,4.978,2022-11-29,Pharma,West,Contract,995,11.0,11.0,0.9819818181818182,1570.1299999999999,0.36363636363636365,1.0,-0.025819999999999954,0
1694,SMB,7.13,2021-10-20,Apparel,West,Spot,1400,3.0,3.0,1.0081,679.03,0.3333333333333333,1.0,,1
1695,SMB,6.181,2022-02-03,Apparel,Northeast,Spot,1294,4.0,4.0,0.9591000000000001,315.79,0.75,1.0,,0
1696,SMB,6.871,2022-05-23,Industrial,Southeast,Spot,1185,7.0,7.0,0.9932,831.2,0.42857142857142855,1.0,0.04919999999999991,0
1697,Mid-Market,5.091,2022-09-02,Manufacturing,Southeast,Spot,1083,14.0,14.0,1.0143071428571429,3439.7200000000003,0.2857142857142857,1.0,0.10622999999999994,0
1698,SMB,8.511,2021-03-23,Electronics,Midwest,Spot,1611,5.0,3.0,1.00458,214.44,0.2,0.6,,0
1699,Occasional,9.413,2020-06-27,Electronics,Northeast,Spot,1880,5.0,3.0,0.9738,676.12,0.4,0.6,-0.07105000000000006,0
1700,SMB,6.394,2020-02-16,Pharma,Southeast,Spot,2012,4.0,4.0,0.979025,1350.12,0.25,1.0,0.02010000000000023,1
1701,Occasional,12.913,2021-04-09,Pharma,West,Spot,1594,1.0,1.0,0.9838,66.07,0.0,1.0,,0
1702,Occasional,6.387,2020-09-26,Automotive,Midwest,Spot,1789,1.0,1.0,0.9865,72.25,0.0,1.0,,1
1703,Mid-Market,5.581,2022-06-10,Pharma,West,Contract,1167,14.0,14.0,0.9877142857142857,3395.22,0.21428571428571427,1.0,-0.05859499999999995,0
1704,SMB,8.015,2025-01-30,Manufacturing,Midwest,Spot,202,5.0,5.0,0.97676,815.6600000000001,0.2,1.0,,0
1705,SMB,7.271,2019-09-21,Pharma,Midwest,Spot,2160,5.0,5.0,1.04616,1372.27,0.0,1.0,,1
1706,Occasional,8.414,2021-01-22,Industrial,Midwest,Spot,1671,2.0,2.0,1.0223,449.81,0.5,1.0,,0
1707,Mid-Market,3.757,2019-04-30,Pharma,Southeast,Spot,2304,13.0,12.0,1.0138615384615384,2229.49,0.3076923076923077,0.9230769230769231,0.021199999999999997,0
1709,Occasional,8.787,2023-09-03,Manufacturing,International,Spot,717,1.0,1.0,0.9497,50.38,0.0,1.0,,0
1710,Mid-Market,5.014,2020-08-10,Retail,West,Spot,1836,7.0,7.0,0.9819571428571428,2764.2700000000004,0.14285714285714285,1.0,-0.02959999999999996,0
1711,SMB,4.839,2021-10-05,Manufacturing,West,Spot,1415,1.0,1.0,0.9545,128.21,0.0,1.0,,0
1712,Mid-Market,4.536,2023-10-27,Retail,Northeast,Contract,663,7.0,7.0,0.9600428571428571,1225.3600000000001,0.42857142857142855,1.0,-0.023350000000000093,0
1714,Occasional,10.458,2022-10-29,Industrial,Northeast,Spot,1026,1.0,1.0,0.8564,57.98,0.0,1.0,,1
1715,Mid-Market,2.903,2020-10-21,Food & Beverage,International,Contract,1764,10.0,10.0,0.9741500000000001,648.3,0.1,1.0,-0.0010666666666665492,0
1716,SMB,5.277,2023-08-24,Apparel,West,Spot,727,3.0,3.0,0.8892000000000001,415.09000000000003,0.0,1.0,0.011099999999999999,0
1717,Mid-Market,4.938,2023-07-28,Automotive,Midwest,Contract,754,7.0,7.0,0.9794857142857143,1102.24,0.2857142857142857,1.0,0.019499999999999962,0
1718,SMB,5.6,2023-04-18,Automotive,International,Spot,855,4.0,4.0,1.0292,1211.1799999999998,0.25,1.0,-0.14426666666666665,0
1719,SMB,5.574,2019-04-22,Apparel,Northeast,Spot,2312,8.0,8.0,0.9803999999999999,1319.9,0.125,1.0,0.020340000000000025,0
1720,SMB,6.492,2023-09-17,Automotive,Midwest,Spot,703,7.0,6.0,1.006257142857143,1028.44,0.14285714285714285,0.8571428571428571,-0.07174999999999998,0
1721,Enterprise,3.098,2019-02-17,Electronics,Northeast,Contract,2376,16.0,14.0,1.009175,2327.8500000000004,0.3125,0.875,-0.045275000000000176,0
1722,Mid-Market,2.933,2025-01-14,Food & Beverage,Southeast,Contract,218,6.0,6.0,0.9244166666666667,828.1800000000001,0.16666666666666666,1.0,,0
1723,SMB,7.338,2024-11-17,Food & Beverage,International,Contract,276,3.0,2.0,0.9613666666666667,86.09,0.3333333333333333,0.6666666666666666,,0
1724,SMB,8.106,2022-10-04,Automotive,West,Spot,1051,5.0,5.0,0.9471399999999999,586.73,0.2,1.0,,0
1725,SMB,6.97,2023-04-23,Food & Beverage,Northeast,Spot,850,5.0,4.0,0.9604799999999999,1215.1,0.4,0.8,-0.056499999999999995,0
1726,Enterprise,2.133,2019-06-15,Industrial,Southeast,Contract,2258,21.0,19.0,1.036147619047619,3710.2599999999993,0.23809523809523808,0.9047619047619048,-6.071428571430282e-05,0
1727,Mid-Market,3.749,2024-10-30,Manufacturing,Midwest,Contract,294,5.0,5.0,0.9716000000000001,634.88,0.4,1.0,-0.0038333333333332442,0
1729,Enterprise,2.148,2020-09-30,Apparel,Midwest,Contract,1785,14.0,14.0,1.038957142857143,3351.82,0.2857142857142857,1.0,0.006099999999999994,0
1730,Mid-Market,5.817,2023-09-21,Automotive,Midwest,Contract,699,5.0,5.0,0.97482,784.92,0.4,1.0,0.07925000000000004,0
1732,Enterprise,2.562,2022-04-18,Electronics,Southeast,Contract,1220,10.0,10.0,1.05632,1755.7,0.4,1.0,0.038000000000000034,0
1733,SMB,6.065,2022-05-20,Retail,Northeast,Spot,1188,4.0,4.0,0.981525,408.98,0.25,1.0,-0.07300000000000006,1
1734,Mid-Market,6.242,2022-08-28,Electronics,International,Spot,1088,17.0,14.0,0.9941470588235295,2388.4,0.23529411764705882,0.8235294117647058,-0.0689333333333334,0
1735,Occasional,10.076,2020-12-09,Food & Beverage,Southeast,Spot,1715,3.0,2.0,0.9737666666666667,332.63,0.6666666666666666,0.6666666666666666,,1
1736,SMB,4.101,2022-12-23,Food & Beverage,Midwest,Spot,971,5.0,4.0,0.9071,699.5,0.2,0.8,0.03949999999999998,0
1738,Mid-Market,3.506,2021-07-20,Automotive,West,Spot,1492,13.0,13.0,0.9934923076923077,4338.679999999999,0.38461538461538464,1.0,0.03756666666666675,0
1739,SMB,6.685,2024-02-26,Automotive,Northeast,Spot,541,6.0,6.0,0.9820333333333333,624.47,0.0,1.0,,1
1740,SMB,6.631,2024-02-28,Retail,Northeast,Spot,539,2.0,2.0,1.01905,392.11,0.5,1.0,,0
1741,Mid-Market,4.304,2024-09-02,Manufacturing,West,Contract,352,11.0,11.0,0.9590545454545455,2016.59,0.18181818181818182,1.0,0.008516666666666617,0
1742,Mid-Market,4.638,2023-10-28,Food & Beverage,West,Spot,662,11.0,11.0,1.0071727272727273,3603.5099999999998,0.36363636363636365,1.0,0.08038000000000001,0
1743,Enterprise,2.374,2025-02-21,Pharma,Southeast,Contract,180,8.0,8.0,1.024025,1479.02,0.25,1.0,,0
1744,Occasional,13.888,2023-10-06,Apparel,Southeast,Spot,684,4.0,4.0,0.9432499999999999,750.4399999999999,0.0,1.0,,1
1746,SMB,9.127,2023-10-08,Retail,Northeast,Spot,682,4.0,4.0,0.964425,696.9200000000001,0.0,1.0,0.07119999999999993,0
1747,SMB,8.089,2024-07-30,Electronics,Northeast,Spot,386,5.0,5.0,0.93742,536.86,0.0,1.0,-0.06455,0
1748,SMB,7.542,2024-12-08,Automotive,Southeast,Spot,255,3.0,3.0,0.9177,631.56,0.3333333333333333,1.0,,0
1750,SMB,5.984,2022-12-20,Industrial,Midwest,Spot,974,4.0,4.0,0.9973000000000001,1834.06,0.0,1.0,,0
1751,SMB,6.486,2023-09-26,Pharma,West,Spot,694,8.0,7.0,1.0298,1344.9499999999998,0.125,0.875,0.03644999999999987,0
1753,Occasional,9.042,2021-07-14,Industrial,Midwest,Spot,1498,1.0,1.0,0.818,91.57,0.0,1.0,,1
1754,SMB,5.67,2019-10-18,Manufacturing,Southeast,Contract,2133,5.0,5.0,1.00152,2711.8,0.2,1.0,0.03750000000000009,0
1755,Mid-Market,4.156,2024-11-23,Electronics,West,Contract,270,9.0,9.0,0.9778333333333333,1177.92,0.1111111111111111,1.0,,0
1756,SMB,7.201,2023-03-19,Industrial,Northeast,Contract,885,5.0,5.0,0.9289999999999999,567.9100000000001,0.2,1.0,-0.023599999999999954,0
1757,Mid-Market,4.171,2021-11-09,Pharma,Southeast,Contract,1380,16.0,15.0,0.9653875000000001,2783.29,0.1875,0.9375,0.1308666666666667,0
1758,Occasional,9.112,2023-10-12,Manufacturing,West,Spot,678,6.0,6.0,0.9682333333333334,1140.61,0.3333333333333333,1.0,,1
1759,Occasional,6.063,2019-03-21,Pharma,Southeast,Spot,2344,2.0,2.0,0.9781,212.2,0.5,1.0,,1
1760,Occasional,7.93,2022-03-08,Retail,Northeast,Spot,1261,1.0,1.0,0.9323,400.32,0.0,1.0,,1
1761,Mid-Market,5.994,2020-10-08,Electronics,Southeast,Spot,1777,8.0,8.0,1.009225,836.5,0.375,1.0,-0.047900000000000054,0
1762,Mid-Market,4.263,2020-12-02,Industrial,West,Contract,1722,9.0,8.0,0.9215,874.9599999999999,0.1111111111111111,0.8888888888888888,0.11754999999999993,0
1764,Mid-Market,3.271,2022-09-01,Industrial,West,Contract,1084,9.0,8.0,1.0186777777777778,1053.74,0.3333333333333333,0.8888888888888888,,0
1765,Mid-Market,4.446,2019-12-08,Pharma,West,Contract,2082,6.0,6.0,1.0067166666666667,838.1600000000002,0.3333333333333333,1.0,-0.0025000000000000577,0
1766,Enterprise,2.031,2021-06-07,Apparel,Midwest,Contract,1535,8.0,8.0,1.0459,1744.77,0.25,1.0,0.07394999999999996,0
1768,Enterprise,2.379,2025-01-22,Pharma,West,Contract,210,6.0,6.0,1.0761333333333332,950.87,0.3333333333333333,1.0,,0
1769,Mid-Market,3.106,2020-12-10,Retail,Northeast,Spot,1714,11.0,11.0,1.0134818181818182,2341.71,0.36363636363636365,1.0,-0.06580000000000008,0
1770,SMB,7.028,2021-05-18,Industrial,International,Contract,1555,5.0,3.0,0.92968,494.81,0.4,0.6,-0.01980000000000004,0
1771,SMB,5.294,2021-03-24,Food & Beverage,West,Spot,1610,5.0,4.0,0.9845200000000001,1496.25,0.6,0.8,0.025499999999999856,0
1772,SMB,8.036,2020-03-03,Apparel,Northeast,Spot,1996,7.0,6.0,0.9505714285714285,1165.48,0.2857142857142857,0.8571428571428571,,0
1773,SMB,6.723,2024-03-14,Pharma,West,Spot,524,3.0,2.0,0.8980666666666667,1063.62,0.3333333333333333,0.6666666666666666,,0
1774,Occasional,6.663,2022-11-04,Apparel,Midwest,Spot,1020,3.0,1.0,1.0057666666666665,346.44,0.3333333333333333,0.3333333333333333,-0.1491,0
1775,SMB,4.525,2021-11-30,Electronics,Southeast,Spot,1359,3.0,2.0,1.0072666666666668,377.15,0.3333333333333333,0.6666666666666666,,0
1776,SMB,6.538,2021-08-22,Automotive,Southeast,Spot,1459,8.0,7.0,0.973625,1081.06,0.25,0.875,-0.18575000000000008,0
1777,SMB,6.937,2023-06-12,Manufacturing,Midwest,Spot,800,4.0,3.0,0.9792749999999999,582.68,0.25,0.75,-0.05899999999999994,0
1778,SMB,7.767,2019-08-22,Apparel,West,Spot,2190,4.0,4.0,0.935175,809.49,0.0,1.0,,1
1779,Mid-Market,3.65,2025-03-18,Pharma,West,Contract,155,2.0,2.0,1.06045,273.87,0.5,1.0,,0
1780,SMB,6.195,2022-10-07,Pharma,Southeast,Spot,1048,2.0,2.0,0.976,253.62,0.5,1.0,,0
1781,Mid-Market,5.355,2020-07-08,Retail,Midwest,Spot,1869,10.0,9.0,1.00084,1022.5999999999999,0.3,0.9,0.04215000000000002,0
1782,SMB,7.594,2022-08-02,Food & Beverage,West,Spot,1114,3.0,3.0,1.0138,532.56,0.0,1.0,,0
1783,Mid-Market,4.555,2024-09-05,Retail,West,Contract,349,12.0,12.0,0.9519000000000001,3196.6399999999994,0.16666666666666666,1.0,-0.018266666666666653,0
1784,Mid-Market,4.313,2020-02-26,Pharma,Midwest,Spot,2002,11.0,11.0,0.9888909090909092,1507.5,0.0,1.0,-0.03216666666666679,0
1785,Mid-Market,3.926,2022-06-29,Apparel,Southeast,Contract,1148,9.0,9.0,0.9503555555555556,1567.53,0.1111111111111111,1.0,,0
1786,Occasional,5.348,2022-12-26,Pharma,West,Spot,968,1.0,1.0,0.9994,230.0,1.0,1.0,,1
1787,Mid-Market,4.401,2024-05-26,Automotive,Southeast,Contract,451,10.0,8.0,0.98278,1921.4699999999998,0.2,0.8,,0
1788,SMB,6.825,2022-10-13,Electronics,Northeast,Spot,1042,6.0,5.0,0.9371,1105.5900000000001,0.16666666666666666,0.8333333333333334,,0
1789,Occasional,8.852,2023-11-29,Electronics,Midwest,Spot,630,2.0,2.0,0.95415,312.03,0.5,1.0,,0
1790,Enterprise,2.363,2024-02-27,Food & Beverage,Southeast,Contract,540,16.0,16.0,1.04280625,1941.5000000000002,0.25,1.0,0.019966666666666577,0
1791,SMB,5.022,2024-12-09,Manufacturing,Northeast,Spot,254,4.0,4.0,0.9312,813.19,0.5,1.0,,0
1792,Mid-Market,4.871,2021-05-30,Automotive,Northeast,Spot,1543,10.0,10.0,1.00145,2477.9700000000003,0.1,1.0,0.029100000000000015,0
1793,Mid-Market,5.485,2023-09-10,Automotive,West,Contract,710,9.0,8.0,0.9582333333333334,1320.9499999999998,0.0,0.8888888888888888,0.1129500000000001,0
1794,SMB,4.902,2020-08-28,Food & Beverage,International,Spot,1818,7.0,6.0,1.003242857142857,914.64,0.5714285714285714,0.8571428571428571,-0.011099999999999888,0
1795,Occasional,10.993,2024-08-17,Automotive,Southeast,Spot,368,4.0,3.0,1.00835,225.05,0.0,0.75,,1
1796,Mid-Market,2.237,2025-05-05,Retail,Northeast,Contract,107,3.0,3.0,0.9325,471.53999999999996,0.0,1.0,,0
1797,SMB,7.947,2020-12-17,Manufacturing,West,Spot,1707,3.0,2.0,0.9514666666666667,228.48000000000002,0.0,0.6666666666666666,,1
1798,Mid-Market,3.851,2022-09-28,Electronics,Southeast,Spot,1057,8.0,8.0,1.0354625,1856.56,0.25,1.0,-0.02713333333333301,0
1799,SMB,8.035,2024-06-25,Food & Beverage,International,Spot,421,6.0,5.0,0.9572333333333334,789.9200000000001,0.3333333333333333,0.8333333333333334,,0
1800,SMB,6.987,2019-03-08,Manufacturing,Midwest,Spot,2357,4.0,4.0,1.0327250000000001,736.88,0.25,1.0,,0
1801,SMB,8.395,2023-09-13,Pharma,Northeast,Contract,707,3.0,1.0,0.9666333333333333,245.29,0.3333333333333333,0.3333333333333333,-0.025500000000000078,0
1802,SMB,7.868,2024-06-21,Automotive,Midwest,Spot,425,3.0,3.0,1.0035666666666667,233.22000000000003,0.3333333333333333,1.0,-0.01824999999999999,0
1803,Mid-Market,4.743,2024-10-22,Food & Beverage,Southeast,Spot,302,8.0,7.0,0.984375,1086.02,0.25,0.875,,0
1804,SMB,7.42,2020-04-24,Food & Beverage,West,Spot,1944,11.0,10.0,0.9715545454545456,1904.7699999999998,0.2727272727272727,0.9090909090909091,-0.043266666666666564,0
1805,SMB,5.506,2024-01-18,Retail,Northeast,Spot,580,4.0,4.0,0.9662249999999999,565.1,0.0,1.0,,1
1806,SMB,8.678,2024-03-28,Electronics,West,Contract,510,5.0,4.0,0.91084,664.4100000000001,0.0,0.8,,0
1807,Enterprise,2.264,2019-01-07,Automotive,West,Contract,2417,13.0,12.0,0.9919615384615385,2093.16,0.0,0.9230769230769231,0.039766666666666506,0
1808,SMB,7.244,2023-09-14,Automotive,West,Spot,706,2.0,2.0,0.9579,141.78,0.5,1.0,,0
1809,Mid-Market,4.511,2023-03-05,Retail,West,Contract,899,5.0,4.0,0.95536,1128.46,0.4,0.8,0.019650000000000056,0
1811,Mid-Market,4.841,2019-04-15,Automotive,Midwest,Spot,2319,7.0,6.0,1.0269285714285714,1117.62,0.5714285714285714,0.8571428571428571,0.13060000000000005,0
1813,SMB,5.798,2022-10-23,Pharma,Southeast,Spot,1032,8.0,8.0,0.9686625,999.67,0.5,1.0,-0.061066666666666714,0
1814,Mid-Market,4.326,2020-10-30,Automotive,Northeast,Contract,1755,11.0,10.0,0.9908545454545454,1802.4300000000003,0.5454545454545454,0.9090909090909091,0.0038449999999998763,0
1815,SMB,6.908,2021-08-01,Automotive,Southeast,Spot,1480,2.0,2.0,0.9134500000000001,248.05,0.0,1.0,0.19550000000000012,0
1816,SMB,4.595,2024-02-10,Pharma,Southeast,Spot,557,9.0,9.0,1.0138666666666667,1719.1200000000001,0.5555555555555556,1.0,0.04952500000000004,0
1818,SMB,5.456,2021-02-10,Automotive,Midwest,Spot,1652,2.0,1.0,1.0625,86.12,0.5,0.5,0.05520000000000014,0
1820,SMB,5.974,2023-03-13,Automotive,International,Spot,891,2.0,2.0,0.88395,681.86,0.0,1.0,0.20090000000000008,0
1821,Occasional,8.868,2020-04-12,Pharma,Southeast,Spot,1956,3.0,2.0,0.9099333333333334,423.75,0.0,0.6666666666666666,,1
1822,SMB,6.283,2022-12-26,Industrial,West,Spot,968,3.0,2.0,0.9389333333333334,368.84000000000003,0.3333333333333333,0.6666666666666666,,1
1823,SMB,5.692,2024-05-06,Automotive,Northeast,Spot,471,3.0,3.0,0.9823666666666666,195.82,0.0,1.0,0.019750000000000045,0
1824,SMB,6.407,2019-05-13,Retail,Northeast,Spot,2291,3.0,3.0,1.0044000000000002,512.9,0.0,1.0,,0
1825,SMB,8.867,2019-07-12,Electronics,Northeast,Spot,2231,5.0,5.0,1.01986,633.6400000000001,0.4,1.0,,0
1826,Enterprise,2.442,2019-01-13,Automotive,Southeast,Contract,2411,12.0,12.0,1.03195,2560.95,0.3333333333333333,1.0,0.02910833333333329,0
1827,SMB,8.262,2022-10-20,Retail,Southeast,Spot,1035,6.0,6.0,0.9700166666666666,825.21,0.16666666666666666,1.0,,0
1828,SMB,7.025,2019-05-21,Apparel,Midwest,Spot,2283,5.0,4.0,0.95686,434.01,0.2,0.8,,0
1829,Occasional,8.262,2025-03-19,Electronics,Southeast,Spot,154,1.0,1.0,1.0218,165.85,0.0,1.0,,1
1830,SMB,6.57,2019-11-08,Manufacturing,Northeast,Spot,2112,4.0,4.0,0.958,1029.22,0.0,1.0,,0
1831,SMB,7.613,2019-06-24,Pharma,West,Spot,2249,10.0,9.0,0.9909000000000001,1857.55,0.5,0.9,-0.0129999999999999,0
1832,Occasional,5.826,2020-09-19,Industrial,Northeast,Spot,1796,1.0,1.0,1.1339,491.17,0.0,1.0,,0
1833,SMB,7.956,2024-02-02,Industrial,West,Spot,565,2.0,2.0,0.9632499999999999,332.97,0.0,1.0,,0
1834,Mid-Market,4.126,2025-01-17,Food & Beverage,International,Contract,215,11.0,9.0,0.9673636363636363,1676.87,0.09090909090909091,0.8181818181818182,,0
1835,Mid-Market,4.379,2020-09-03,Retail,West,Spot,1812,8.0,7.0,1.0343875,805.25,0.5,0.875,,0
1836,Mid-Market,5.634,2022-06-16,Industrial,Midwest,Contract,1161,7.0,7.0,0.995057142857143,895.29,0.42857142857142855,1.0,,0
1837,Enterprise,3.189,2024-02-28,Industrial,Midwest,Spot,539,14.0,14.0,1.0051571428571429,3317.5000000000005,0.21428571428571427,1.0,-0.04289999999999994,0
1838,SMB,5.604,2024-04-24,Pharma,Midwest,Contract,483,3.0,2.0,0.9369999999999999,461.47,0.0,0.6666666666666666,,0
1839,SMB,6.507,2020-01-08,Apparel,International,Spot,2051,7.0,5.0,1.0193999999999999,771.17,0.5714285714285714,0.7142857142857143,-0.10185,0
1840,SMB,4.414,2024-08-03,Pharma,International,Spot,382,5.0,4.0,1.0057800000000001,818.66,0.4,0.8,0.09623333333333328,0
1841,Enterprise,2.7,2024-10-12,Retail,Southeast,Contract,312,20.0,17.0,1.037655,3506.33,0.2,0.85,-0.05804285714285706,0
1842,SMB,7.948,2023-11-25,Manufacturing,Midwest,Spot,634,6.0,4.0,0.9856333333333334,2102.7400000000002,0.16666666666666666,0.6666666666666666,-0.11265000000000014,0
1843,Mid-Market,3.941,2022-07-07,Manufacturing,West,Contract,1140,15.0,13.0,0.9959333333333333,1684.28,0.4,0.8666666666666667,-0.05943333333333323,0
1845,Mid-Market,4.543,2024-12-05,Retail,Midwest,Spot,258,4.0,4.0,1.034275,470.82000000000005,0.25,1.0,,0
1846,SMB,9.078,2024-10-04,Pharma,Midwest,Spot,320,4.0,4.0,1.0146,610.47,0.0,1.0,,0
1847,Mid-Market,4.765,2022-06-15,Electronics,West,Contract,1162,12.0,12.0,0.9831166666666666,1677.9700000000003,0.25,1.0,,0
1848,SMB,6.696,2023-12-12,Retail,Southeast,Spot,617,8.0,8.0,0.9937375,2333.87,0.25,1.0,0.03529999999999989,0
1849,Mid-Market,6.004,2021-08-31,Industrial,Southeast,Spot,1450,7.0,7.0,1.0108,1170.26,0.2857142857142857,1.0,0.06874999999999998,0
1850,SMB,4.05,2023-12-15,Retail,Northeast,Spot,614,2.0,2.0,0.91945,471.57,0.0,1.0,,0
1851,Mid-Market,4.33,2019-08-06,Automotive,Midwest,Contract,2206,11.0,10.0,0.9868363636363636,1935.29,0.2727272727272727,0.9090909090909091,-0.023175000000000057,0
1852,Occasional,9.858,2025-01-04,Automotive,International,Spot,228,2.0,1.0,0.9774,21.03,0.0,0.5,,0
1853,SMB,7.331,2022-06-09,Automotive,West,Spot,1168,7.0,5.0,0.9792857142857143,874.4200000000001,0.2857142857142857,0.7142857142857143,0.021199999999999997,0
1854,SMB,5.515,2022-12-28,Manufacturing,Southeast,Spot,966,6.0,6.0,0.9596666666666667,2273.37,0.16666666666666666,1.0,0.06310000000000004,0
1855,Occasional,5.949,2020-04-06,Industrial,Southeast,Spot,1962,3.0,3.0,0.9448333333333334,1278.62,0.3333333333333333,1.0,,0
1856,Occasional,10.615,2022-07-11,Pharma,West,Spot,1136,5.0,5.0,0.8976599999999999,1329.02,0.4,1.0,,0
1857,Mid-Market,5.463,2019-01-08,Food & Beverage,West,Spot,2416,7.0,7.0,0.9713714285714286,1197.69,0.14285714285714285,1.0,0.032299999999999995,0
1858,Mid-Market,5.709,2024-12-07,Apparel,Midwest,Contract,256,8.0,8.0,0.9398875,824.0799999999999,0.125,1.0,,0
1859,Mid-Market,4.543,2023-12-29,Electronics,Southeast,Spot,600,10.0,10.0,0.9976900000000001,3777.49,0.1,1.0,,0
1860,Mid-Market,4.41,2022-01-11,Electronics,Northeast,Contract,1317,10.0,10.0,0.9952500000000001,1691.6699999999998,0.3,1.0,0.0663999999999999,0
1861,SMB,5.804,2024-07-28,Electronics,West,Spot,388,7.0,5.0,0.9892285714285715,902.12,0.2857142857142857,0.7142857142857143,,0
1862,Occasional,10.025,2024-05-30,Pharma,Midwest,Spot,447,2.0,2.0,1.0122,152.84,0.5,1.0,,1
1863,Occasional,10.612,2019-10-17,Pharma,Southeast,Spot,2134,1.0,1.0,0.9354,344.39,1.0,1.0,,0
1864,SMB,7.352,2019-05-12,Manufacturing,International,Spot,2292,4.0,3.0,1.026375,884.16,0.25,0.75,,0
1865,SMB,6.905,2020-09-09,Manufacturing,Midwest,Spot,1806,6.0,6.0,0.9413333333333332,2664.1200000000003,0.0,1.0,,0
1866,Occasional,9.734,2019-01-04,Industrial,International,Spot,2420,1.0,1.0,0.9328,439.63,1.0,1.0,,1
1867,Occasional,9.846,2022-10-27,Pharma,Midwest,Spot,1028,3.0,2.0,0.9580666666666667,80.31,0.3333333333333333,0.6666666666666666,,0
1868,Mid-Market,4.304,2022-07-10,Automotive,Southeast,Contract,1137,17.0,15.0,0.9756941176470588,2037.99,0.29411764705882354,0.8823529411764706,-0.004995238095238053,0
1869,SMB,6.014,2022-08-02,Electronics,International,Contract,1114,4.0,4.0,0.89605,739.83,0.25,1.0,,0
1870,Occasional,9.633,2019-06-29,Electronics,International,Spot,2244,2.0,2.0,0.97745,558.53,0.0,1.0,,0
1871,Mid-Market,4.37,2025-02-13,Electronics,International,Spot,188,4.0,3.0,0.9589,915.54,0.25,0.75,,0
1874,Occasional,5.89,2019-01-14,Pharma,Northeast,Spot,2410,1.0,1.0,0.9438,95.45,0.0,1.0,,0
1875,Occasional,6.398,2021-08-22,Electronics,Southeast,Spot,1459,2.0,2.0,1.00895,758.8199999999999,0.5,1.0,0.08729999999999993,1
1876,SMB,6.751,2023-10-15,Industrial,International,Spot,675,1.0,1.0,1.0763,64.35,0.0,1.0,,0
1877,Mid-Market,5.369,2023-12-29,Pharma,Southeast,Spot,600,10.0,8.0,1.00067,1483.4100000000003,0.3,0.8,,0
1878,Mid-Market,4.808,2020-08-15,Food & Beverage,West,Spot,1831,20.0,20.0,1.0165549999999999,3141.78,0.35,1.0,-0.02450500000000011,0
1879,SMB,6.109,2024-06-26,Retail,International,Spot,420,4.0,4.0,1.03325,839.9200000000001,0.25,1.0,0.05875000000000008,0
1881,SMB,6.201,2022-05-23,Pharma,International,Spot,1185,1.0,1.0,0.9276,84.15,0.0,1.0,,1
1882,SMB,7.008,2021-07-18,Industrial,Midwest,Spot,1494,7.0,5.0,0.9432714285714285,497.13999999999993,0.14285714285714285,0.7142857142857143,0.05803333333333327,1
1883,Mid-Market,4.812,2022-07-05,Manufacturing,Midwest,Spot,1142,7.0,7.0,0.9994857142857142,1583.7199999999998,0.42857142857142855,1.0,0.1089,0
1884,SMB,6.386,2019-03-08,Manufacturing,International,Contract,2357,3.0,3.0,0.8996999999999998,814.72,0.6666666666666666,1.0,,0
1885,Mid-Market,3.587,2022-06-28,Industrial,Northeast,Spot,1149,10.0,10.0,0.9803599999999999,2319.16,0.4,1.0,-0.08044999999999991,0
1886,Mid-Market,3.729,2019-03-07,Pharma,Northeast,Contract,2358,7.0,6.0,0.9744857142857143,1006.3699999999999,0.14285714285714285,0.8571428571428571,-0.050000000000000044,0
1887,Mid-Market,6.529,2019-03-26,Retail,International,Spot,2339,8.0,8.0,0.953175,1776.63,0.0,1.0,0.017999999999999905,0
1888,Mid-Market,4.44,2022-09-09,Retail,West,Contract,1076,10.0,8.0,0.97081,1405.78,0.4,0.8,0.00818333333333332,0
1891,Mid-Market,3.903,2022-05-21,Manufacturing,Midwest,Contract,1187,12.0,11.0,0.9681583333333333,1965.6,0.08333333333333333,0.9166666666666666,0.0720266666666668,0
1893,SMB,3.313,2024-05-19,Apparel,Midwest,Spot,458,5.0,3.0,0.89582,350.88,0.0,0.6,,0
1894,Enterprise,3.836,2021-04-01,Industrial,Southeast,Contract,1602,17.0,16.0,1.0431588235294118,3263.31,0.17647058823529413,0.9411764705882353,-0.017854166666666726,0
1895,Mid-Market,5.888,2025-03-05,Food & Beverage,Midwest,Spot,168,3.0,3.0,1.0415666666666665,448.12,0.6666666666666666,1.0,,0
1896,Mid-Market,4.854,2022-03-21,Food & Beverage,West,Contract,1248,17.0,17.0,1.0104470588235293,3133.18,0.23529411764705882,1.0,-0.009179999999999966,0
1897,SMB,6.064,2022-12-19,Electronics,International,Contract,975,11.0,11.0,0.9804181818181817,1543.9099999999999,0.18181818181818182,1.0,0.005800000000000027,0
1898,Mid-Market,5.12,2019-09-02,Manufacturing,Southeast,Contract,2179,5.0,5.0,1.01098,990.12,0.6,1.0,0.0041999999999999815,0
1899,Enterprise,2.685,2020-06-01,Retail,Midwest,Contract,1906,19.0,17.0,1.0414,1549.87,0.3157894736842105,0.8947368421052632,0.035844999999999905,0
1900,Enterprise,2.455,2022-06-25,Automotive,Southeast,Contract,1152,16.0,14.0,1.0285625,2179.9300000000003,0.125,0.875,0.035408333333333264,0
1901,SMB,5.856,2020-10-22,Retail,Southeast,Spot,1763,5.0,4.0,0.94772,1575.23,0.4,0.8,0.1070000000000001,0
1902,Enterprise,2.602,2022-12-31,Automotive,Northeast,Spot,963,17.0,17.0,1.091029411764706,3939.45,0.23529411764705882,1.0,-0.013983333333333459,0
1903,Occasional,8.592,2019-07-14,Manufacturing,Midwest,Spot,2229,2.0,2.0,1.00685,336.93,0.5,1.0,,0
1904,Mid-Market,4.476,2020-09-03,Apparel,Midwest,Spot,1812,10.0,9.0,1.00607,1258.9999999999998,0.7,0.9,0.00019999999999997797,0
1905,SMB,6.778,2023-06-08,Industrial,Southeast,Spot,804,2.0,2.0,0.9518,249.93,0.5,1.0,-0.006399999999999961,0
1906,SMB,7.274,2023-01-30,Apparel,Southeast,Spot,933,2.0,2.0,0.9775,133.09,0.0,1.0,,0
1908,Enterprise,2.728,2024-12-30,Electronics,Northeast,Contract,233,11.0,10.0,1.0203636363636364,1591.8200000000002,0.0,0.9090909090909091,,0
1909,SMB,5.745,2024-05-27,Pharma,West,Spot,450,4.0,4.0,0.983325,490.98999999999995,0.5,1.0,,0
1910,Occasional,9.421,2019-01-03,Apparel,Northeast,Spot,2421,3.0,3.0,0.9703666666666667,395.33,0.0,1.0,,1
1911,Enterprise,2.818,2023-01-07,Food & Beverage,Northeast,Contract,956,13.0,12.0,1.0014923076923077,2403.2,0.15384615384615385,0.9230769230769231,-0.11995,0
1912,Mid-Market,4.313,2020-07-11,Retail,International,Spot,1866,12.0,12.0,0.9633166666666666,2266.99,0.16666666666666666,1.0,-0.0982333333333334,0
1913,Occasional,9.319,2020-10-11,Industrial,Southeast,Spot,1774,2.0,2.0,0.9317,211.25,0.0,1.0,,1
1914,SMB,7.304,2020-05-26,Manufacturing,West,Spot,1912,4.0,4.0,0.9379,1821.86,0.0,1.0,0.0885499999999999,0
1915,Mid-Market,4.447,2022-01-15,Industrial,Midwest,Spot,1313,9.0,8.0,0.9842444444444445,1670.29,0.3333333333333333,0.8888888888888888,0.038250000000000006,0
1916,Mid-Market,3.356,2019-10-29,Industrial,West,Contract,2122,13.0,12.0,0.9663384615384616,3331.45,0.15384615384615385,0.9230769230769231,0.04930000000000001,0
1917,SMB,6.835,2022-07-18,Retail,Midwest,Spot,1129,3.0,3.0,0.9901,544.29,0.0,1.0,,0
1918,SMB,4.546,2020-02-09,Apparel,Northeast,Spot,2019,5.0,5.0,0.9868,348.70000000000005,0.2,1.0,,0
1919,SMB,8.881,2022-05-03,Apparel,West,Spot,1205,6.0,6.0,0.9661,795.8400000000001,0.3333333333333333,1.0,0.07515000000000005,0
1920,Occasional,10.587,2023-03-05,Manufacturing,West,Spot,899,1.0,1.0,0.9166,89.08,0.0,1.0,,0
1921,SMB,4.873,2020-03-13,Automotive,Southeast,Spot,1986,2.0,2.0,0.98795,137.68,0.0,1.0,,0
1922,Mid-Market,4.521,2019-09-08,Retail,West,Contract,2173,5.0,5.0,0.9560600000000001,816.3,0.2,1.0,0.12830000000000008,0
1923,SMB,7.103,2024-05-17,Manufacturing,Midwest,Spot,460,4.0,4.0,1.0097749999999999,683.1500000000001,0.5,1.0,,0
1924,Mid-Market,4.866,2023-12-04,Industrial,International,Contract,625,9.0,7.0,0.9710222222222222,1077.96,0.1111111111111111,0.7777777777777778,0.11630000000000007,0
1925,Mid-Market,6.265,2020-09-28,Apparel,West,Spot,1787,8.0,8.0,0.9807375,1482.4099999999999,0.125,1.0,-0.060833333333333295,0
1926,Enterprise,3.638,2024-11-29,Retail,Northeast,Contract,264,13.0,13.0,1.051346153846154,3767.3100000000004,0.15384615384615385,1.0,,0
1927,Mid-Market,4.677,2020-06-22,Manufacturing,West,Spot,1885,14.0,13.0,1.0235357142857142,2626.84,0.42857142857142855,0.9285714285714286,-0.08497500000000013,0
1928,SMB,7.068,2025-03-06,Electronics,International,Spot,167,9.0,7.0,0.9889111111111111,1068.32,0.1111111111111111,0.7777777777777778,,0
1929,Enterprise,2.177,2019-10-03,Retail,West,Contract,2148,12.0,11.0,1.0579333333333334,2492.58,0.5,0.9166666666666666,0.04603333333333337,0
1930,SMB,6.931,2023-05-27,Manufacturing,Northeast,Spot,816,4.0,3.0,0.9796499999999999,735.31,0.25,0.75,,0
1931,SMB,6.007,2019-02-16,Pharma,West,Spot,2377,7.0,6.0,0.9917285714285714,1607.37,0.2857142857142857,0.8571428571428571,-0.0939000000000001,0
1932,SMB,7.593,2020-04-25,Retail,Midwest,Spot,1943,6.0,6.0,0.9740666666666667,1567.94,0.5,1.0,,0
1933,SMB,4.728,2021-09-12,Electronics,Southeast,Spot,1438,5.0,5.0,1.00216,671.29,0.4,1.0,-0.003349999999999964,0
1934,SMB,6.521,2019-07-27,Electronics,West,Spot,2216,3.0,2.0,0.9863,276.62,0.0,0.6666666666666666,,0
1935,SMB,5.923,2022-01-17,Industrial,Midwest,Spot,1311,8.0,8.0,0.978225,1211.95,0.375,1.0,-0.11280000000000001,0
1936,Mid-Market,2.499,2020-07-18,Industrial,West,Contract,1859,6.0,5.0,0.931,987.4300000000001,0.0,0.8333333333333334,,0
1937,SMB,5.787,2019-08-29,Automotive,West,Spot,2183,6.0,5.0,0.9239333333333333,836.0,0.16666666666666666,0.8333333333333334,-0.0005666666666667153,0
1941,Mid-Market,7.066,2020-01-11,Automotive,Midwest,Contract,2048,3.0,3.0,1.0026666666666666,447.4,0.3333333333333333,1.0,-0.08719999999999994,0
1942,SMB,7.893,2021-07-18,Apparel,Southeast,Spot,1494,5.0,5.0,0.9833000000000001,768.45,0.2,1.0,,0
1943,Mid-Market,5.38,2021-03-08,Industrial,Northeast,Contract,1626,5.0,5.0,0.95052,322.54999999999995,0.0,1.0,-0.09044999999999992,0
1944,Mid-Market,3.87,2021-03-04,Pharma,West,Spot,1630,11.0,11.0,1.0120090909090909,2204.55,0.2727272727272727,1.0,0.15059999999999985,0
1945,SMB,6.188,2021-10-11,Industrial,Southeast,Spot,1409,5.0,3.0,1.01478,1213.51,0.0,0.6,0.06795000000000007,0
1946,Occasional,10.638,2022-05-26,Apparel,International,Spot,1182,2.0,1.0,0.9785999999999999,196.78,0.0,0.5,,0
1947,Mid-Market,5.132,2022-03-27,Apparel,International,Spot,1242,11.0,11.0,0.9914363636363638,1526.24,0.36363636363636365,1.0,-0.027875000000000094,0
1948,Occasional,7.404,2020-12-11,Apparel,West,Spot,1713,1.0,1.0,0.8624,137.36,0.0,1.0,,0
1951,Occasional,7.443,2021-03-17,Electronics,Northeast,Spot,1617,2.0,2.0,1.01,268.25,0.0,1.0,,1
1952,Enterprise,1.814,2020-06-22,Apparel,West,Contract,1885,14.0,14.0,1.0309428571428572,3535.189999999999,0.21428571428571427,1.0,-0.0663583333333333,0
1953,SMB,7.537,2022-07-21,Electronics,Midwest,Spot,1126,8.0,8.0,0.9561999999999999,600.1800000000001,0.0,1.0,,0
1954,Occasional,8.499,2021-06-17,Automotive,International,Spot,1525,3.0,3.0,0.9498666666666665,1134.1599999999999,0.0,1.0,,1
1956,Occasional,3.346,2021-11-11,Apparel,Southeast,Spot,1378,3.0,2.0,0.9551333333333334,313.31,0.3333333333333333,0.6666666666666666,,0
1957,SMB,6.66,2019-04-07,Manufacturing,International,Spot,2327,8.0,8.0,0.9925999999999999,1343.48,0.375,1.0,-0.008199999999999985,0
1958,Enterprise,2.985,2019-11-01,Automotive,Midwest,Contract,2119,21.0,20.0,1.0339095238095237,6231.55,0.2857142857142857,0.9523809523809523,-0.07180833333333325,0
1959,Occasional,12.658,2019-07-01,Automotive,West,Spot,2242,1.0,1.0,0.9587,604.71,0.0,1.0,,1
1960,SMB,5.529,2021-07-21,Manufacturing,International,Spot,1491,3.0,3.0,0.9271666666666666,335.57,0.0,1.0,,1
1961,SMB,6.29,2021-02-09,Electronics,Midwest,Spot,1653,7.0,7.0,0.9637857142857144,567.7300000000001,0.14285714285714285,1.0,-0.07343333333333335,0
1962,Mid-Market,3.932,2024-09-17,Apparel,Southeast,Contract,337,7.0,7.0,0.9193714285714286,1149.4,0.5714285714285714,1.0,0.04184999999999994,0
1963,SMB,6.241,2024-12-08,Automotive,Midwest,Spot,255,3.0,3.0,1.0252000000000001,2125.35,0.0,1.0,,0
1964,Mid-Market,3.382,2019-12-08,Apparel,West,Contract,2082,12.0,12.0,0.9498083333333334,1096.5900000000001,0.3333333333333333,1.0,-0.021419999999999884,0
1965,SMB,5.764,2025-04-19,Food & Beverage,International,Spot,123,3.0,3.0,0.9954666666666666,355.16999999999996,0.0,1.0,,0
1966,Enterprise,3.234,2022-11-23,Electronics,Southeast,Contract,1001,17.0,16.0,1.042329411764706,5036.0599999999995,0.4117647058823529,0.9411764705882353,-0.02131666666666665,0
1967,SMB,7.114,2021-01-17,Industrial,West,Spot,1676,8.0,8.0,0.9828250000000001,1219.1399999999999,0.25,1.0,-0.07815000000000005,1
1968,Occasional,9.706,2021-09-17,Automotive,Southeast,Spot,1433,2.0,2.0,0.90545,88.88999999999999,0.0,1.0,,0
1969,SMB,6.882,2021-12-10,Industrial,Midwest,Spot,1349,5.0,4.0,1.02742,434.43,0.4,0.8,,0
1970,SMB,4.691,2020-02-20,Electronics,West,Spot,2008,4.0,4.0,0.9383,2063.56,0.25,1.0,0.0414500000000001,0
1971,Mid-Market,4.286,2024-10-13,Food & Beverage,West,Spot,311,10.0,9.0,1.01382,2297.39,0.4,0.9,,0
1972,Occasional,7.847,2019-01-31,Manufacturing,Southeast,Spot,2393,4.0,4.0,0.9497500000000001,962.1500000000001,0.25,1.0,0.1751999999999999,0
1973,SMB,4.618,2019-06-19,Industrial,Southeast,Spot,2254,6.0,6.0,0.9664833333333335,790.44,0.3333333333333333,1.0,,0
1974,Mid-Market,4.682,2020-10-27,Automotive,Southeast,Contract,1758,8.0,8.0,0.9773125,721.3499999999999,0.125,1.0,-0.09893333333333332,0
1975,Mid-Market,2.915,2019-12-16,Manufacturing,Northeast,Contract,2074,15.0,13.0,0.9954333333333333,3554.699999999999,0.3333333333333333,0.8666666666666667,0.011215000000000086,0
1976,Mid-Market,3.566,2019-05-31,Manufacturing,Southeast,Spot,2273,8.0,6.0,0.9893375,750.44,0.25,0.75,,0
1977,SMB,7.11,2021-07-22,Pharma,West,Spot,1490,9.0,8.0,0.9784555555555556,1329.71,0.4444444444444444,0.8888888888888888,-0.09206666666666663,0
1979,SMB,5.622,2019-11-02,Food & Beverage,Southeast,Spot,2118,11.0,9.0,0.9632454545454544,1228.77,0.36363636363636365,0.8181818181818182,-0.06399999999999995,0
1980,Mid-Market,4.609,2024-05-26,Electronics,West,Contract,451,13.0,12.0,1.0167,2657.4,0.38461538461538464,0.9230769230769231,-0.0044999999999999485,0
1981,Occasional,8.244,2024-11-19,Apparel,Northeast,Spot,274,3.0,3.0,1.0231000000000001,388.61,0.0,1.0,,1
1982,Mid-Market,4.233,2023-10-19,Industrial,Southeast,Contract,671,11.0,11.0,0.9936454545454545,1925.7099999999998,0.18181818181818182,1.0,-0.045925000000000105,0
1983,Occasional,9.012,2022-06-25,Industrial,International,Spot,1152,3.0,3.0,0.9329999999999999,292.80999999999995,0.3333333333333333,1.0,,0
1984,Mid-Market,4.955,2025-04-25,Food & Beverage,Northeast,Contract,117,3.0,3.0,0.9959666666666666,486.51,0.3333333333333333,1.0,,0
1985,SMB,6.962,2021-05-03,Automotive,Southeast,Contract,1570,5.0,5.0,1.03738,558.27,0.0,1.0,-0.11864999999999992,0
1987,Mid-Market,3.507,2019-02-06,Manufacturing,Northeast,Spot,2387,11.0,10.0,0.9874363636363636,1694.46,0.09090909090909091,0.9090909090909091,-0.014133333333333109,0
1988,SMB,7.537,2023-09-20,Automotive,Southeast,Spot,700,9.0,9.0,0.9356333333333333,1045.0,0.1111111111111111,1.0,0.020066666666666677,0
1989,Occasional,11.443,2019-08-14,Electronics,Northeast,Spot,2198,2.0,2.0,0.95425,81.21000000000001,0.0,1.0,0.13490000000000002,0
1990,Mid-Market,5.243,2023-06-09,Apparel,Southeast,Spot,803,16.0,16.0,0.98383125,2392.46,0.3125,1.0,0.018080000000000096,0
1991,Mid-Market,3.535,2024-03-20,Apparel,West,Spot,518,9.0,8.0,0.9816333333333334,1775.2800000000002,0.2222222222222222,0.8888888888888888,0.006250000000000089,0
1992,SMB,5.075,2020-06-12,Industrial,Southeast,Spot,1895,4.0,3.0,0.99915,941.8100000000001,0.5,0.75,-0.05854999999999999,0
1993,Mid-Market,6.078,2023-01-30,Industrial,Southeast,Spot,933,10.0,9.0,1.01693,2923.68,0.3,0.9,-0.05708000000000002,0
1994,Enterprise,2.171,2021-01-09,Automotive,Southeast,Contract,1684,18.0,18.0,1.0203777777777778,7277.05,0.2222222222222222,1.0,0.014533333333333287,0
1995,SMB,4.906,2021-08-27,Pharma,International,Spot,1454,7.0,7.0,0.9887857142857143,1153.96,0.14285714285714285,1.0,-0.14529999999999998,0
1996,SMB,8.609,2022-07-14,Food & Beverage,Northeast,Spot,1133,2.0,2.0,0.9415500000000001,488.8,0.5,1.0,,0
1997,Mid-Market,3.056,2020-08-30,Food & Beverage,West,Contract,1816,10.0,9.0,0.98766,2388.52,0.2,0.9,0.03377000000000008,0
1998,Mid-Market,3.617,2024-04-23,Industrial,Southeast,Spot,484,8.0,8.0,0.9608,1693.93,0.125,1.0,-0.05005000000000004,0
1999,Occasional,8.632,2021-08-18,Manufacturing,International,Spot,1463,3.0,1.0,0.9686666666666666,107.82,0.3333333333333333,0.3333333333333333,,0
2000,SMB,7.022,2022-01-29,Pharma,Southeast,Spot,1299,3.0,3.0,0.9953,491.89,1.0,1.0,,0
2001,Occasional,9.039,2024-06-06,Apparel,Northeast,Spot,440,1.0,1.0,0.9643,114.39,0.0,1.0,,1
2002,SMB,6.097,2020-07-08,Retail,Midwest,Spot,1869,6.0,6.0,0.9760333333333332,1301.8499999999997,0.5,1.0,,0
2003,Occasional,10.726,2022-01-06,Apparel,Northeast,Spot,1322,1.0,1.0,0.9022,33.66,0.0,1.0,,1
2005,Mid-Market,4.976,2021-08-31,Electronics,Midwest,Contract,1450,9.0,9.0,0.9563777777777778,1708.6599999999999,0.1111111111111111,1.0,-0.06962000000000002,0
2006,Occasional,9.736,2019-10-09,Pharma,West,Spot,2142,2.0,1.0,0.9127,141.71,0.5,0.5,-0.10699999999999998,1
2007,SMB,5.987,2020-11-23,Retail,Northeast,Spot,1731,4.0,2.0,0.996175,526.24,0.5,0.5,-0.06730000000000003,0
2008,Mid-Market,6.098,2025-05-16,Manufacturing,West,Contract,96,4.0,4.0,1.0328249999999999,420.27,0.0,1.0,,0
2009,Mid-Market,4.884,2024-01-23,Food & Beverage,Southeast,Spot,575,10.0,10.0,0.99529,1269.02,0.3,1.0,0.04652499999999993,0
2010,SMB,5.171,2024-05-24,Pharma,International,Spot,453,5.0,4.0,1.0107,990.74,0.0,0.8,-0.00945000000000007,0
2011,Enterprise,2.596,2020-09-09,Retail,West,Contract,1806,12.0,11.0,1.0089166666666667,2615.62,0.4166666666666667,0.9166666666666666,0.0,0
2012,Mid-Market,5.107,2024-08-04,Electronics,Midwest,Contract,381,5.0,5.0,0.98644,1461.9099999999999,0.2,1.0,-0.07740000000000014,0
2013,Mid-Market,4.616,2021-08-15,Electronics,West,Contract,1466,13.0,13.0,0.9766153846153846,3334.14,0.15384615384615385,1.0,0.13529999999999998,0
2014,SMB,7.66,2024-04-19,Pharma,Midwest,Contract,488,6.0,5.0,0.9273333333333333,663.6300000000001,0.3333333333333333,0.8333333333333334,0.057700000000000085,0
2015,Mid-Market,3.676,2024-11-14,Electronics,Midwest,Contract,279,10.0,10.0,0.99498,1560.95,0.2,1.0,,0
2016,SMB,5.668,2020-05-21,Retail,Northeast,Spot,1917,6.0,6.0,0.9531333333333333,1027.91,0.5,1.0,,0
2017,Mid-Market,4.159,2025-04-04,Pharma,West,Spot,138,3.0,1.0,1.0207333333333333,112.96,0.0,0.3333333333333333,,0
2018,Enterprise,1.737,2023-03-21,Automotive,Southeast,Contract,883,14.0,14.0,1.0178142857142858,3362.07,0.14285714285714285,1.0,0.0645095238095238,0
2019,SMB,7.912,2023-11-15,Pharma,Northeast,Contract,644,5.0,3.0,0.9751999999999998,627.62,0.2,0.6,,0
2020,Mid-Market,3.509,2024-01-17,Electronics,West,Contract,581,13.0,13.0,0.9686230769230769,2760.0499999999997,0.07692307692307693,1.0,-0.06320000000000026,0
2021,SMB,6.119,2020-02-15,Food & Beverage,Northeast,Spot,2013,1.0,1.0,0.9101,123.04,0.0,1.0,,0
2022,Mid-Market,3.449,2023-12-21,Manufacturing,West,Contract,608,13.0,12.0,0.9416,1665.6899999999998,0.15384615384615385,0.9230769230769231,-0.08682999999999996,0
2023,Enterprise,1.971,2020-06-02,Manufacturing,Northeast,Spot,1905,17.0,17.0,1.0536882352941177,2240.87,0.23529411764705882,1.0,0.02131666666666665,0
2024,Mid-Market,4.962,2020-10-23,Food & Beverage,Southeast,Contract,1762,13.0,12.0,0.9654538461538462,4641.72,0.23076923076923078,0.9230769230769231,0.05166666666666653,0
2025,SMB,5.348,2019-10-11,Pharma,West,Contract,2140,4.0,3.0,0.8964749999999999,312.31,0.0,0.75,0.1713,0
2026,Mid-Market,3.589,2020-03-17,Food & Beverage,Northeast,Contract,1982,16.0,15.0,0.97760625,3680.0299999999997,0.125,0.9375,0.051649999999999974,0
2028,Mid-Market,4.888,2021-03-09,Apparel,Midwest,Spot,1625,11.0,11.0,0.9790181818181818,2285.92,0.36363636363636365,1.0,-0.0013083333333332448,0
2029,SMB,3.451,2021-07-31,Retail,West,Spot,1481,9.0,9.0,0.9955666666666667,2675.51,0.2222222222222222,1.0,-0.12009999999999998,0
2030,SMB,6.455,2022-03-14,Pharma,Northeast,Spot,1255,3.0,2.0,1.0305333333333333,128.17000000000002,0.0,0.6666666666666666,0.07840000000000003,0
2031,Enterprise,3.124,2023-10-03,Pharma,West,Contract,687,18.0,18.0,1.0504777777777778,4260.200000000001,0.3333333333333333,1.0,-0.031208333333333282,0
2032,SMB,6.396,2022-10-29,Retail,Southeast,Spot,1026,4.0,4.0,0.942625,744.24,0.25,1.0,,0
2033,Mid-Market,3.428,2022-07-29,Food & Beverage,Southeast,Contract,1118,9.0,8.0,0.9989444444444443,942.1199999999999,0.3333333333333333,0.8888888888888888,-0.06769999999999987,0
2034,Mid-Market,4.867,2024-07-30,Automotive,Southeast,Spot,386,13.0,11.0,1.0127384615384616,2167.6099999999997,0.15384615384615385,0.8461538461538461,-0.01726666666666654,0
2035,Mid-Market,4.16,2022-04-22,Electronics,Southeast,Spot,1216,14.0,13.0,0.9718357142857144,1850.89,0.07142857142857142,0.9285714285714286,,0
2036,SMB,7.59,2024-02-16,Food & Beverage,Midwest,Spot,551,1.0,1.0,0.9006,551.12,0.0,1.0,,1
2037,Occasional,8.713,2025-01-27,Manufacturing,Northeast,Spot,205,1.0,1.0,0.9477,80.05,1.0,1.0,,0
2038,Enterprise,2.367,2023-07-05,Retail,Southeast,Contract,777,18.0,17.0,1.0388388888888889,4234.02,0.16666666666666666,0.9444444444444444,-0.010858333333333414,0
2039,SMB,4.336,2019-03-28,Electronics,Midwest,Spot,2337,3.0,3.0,0.8971,510.63,0.3333333333333333,1.0,,0
2040,SMB,7.994,2020-10-03,Automotive,Midwest,Contract,1782,1.0,1.0,0.853,61.68,0.0,1.0,,0
2041,Mid-Market,5.866,2023-02-13,Industrial,Northeast,Spot,919,8.0,8.0,1.0355625,1592.9699999999998,0.25,1.0,-0.05799999999999983,0
2042,SMB,7.585,2022-03-12,Apparel,Southeast,Contract,1257,5.0,4.0,0.9959,727.29,0.0,0.8,-0.07950000000000002,0
2043,SMB,8.102,2020-11-24,Automotive,Southeast,Spot,1730,6.0,5.0,0.9432333333333333,651.02,0.16666666666666666,0.8333333333333334,-0.017750000000000044,0
2044,Occasional,10.577,2021-03-27,Apparel,West,Spot,1607,2.0,2.0,1.00545,218.7,0.0,1.0,,0
2045,Occasional,12.862,2019-07-10,Apparel,International,Spot,2233,1.0,1.0,0.886,110.4,0.0,1.0,,1
2046,Enterprise,2.046,2020-07-26,Food & Beverage,Midwest,Contract,1851,17.0,17.0,1.0174294117647058,2498.16,0.11764705882352941,1.0,0.0036133333333332462,0
2047,SMB,6.537,2024-03-21,Retail,West,Spot,517,4.0,4.0,0.98055,1711.79,0.5,1.0,-0.03206666666666669,0
2048,SMB,7.817,2019-01-25,Food & Beverage,Northeast,Spot,2399,7.0,6.0,1.0495857142857141,671.07,0.14285714285714285,0.8571428571428571,,0
2049,Mid-Market,4.891,2024-07-30,Automotive,International,Spot,386,8.0,6.0,0.9932625,1336.83,0.125,0.75,0.010366666666666746,0
2050,Mid-Market,5.712,2021-04-06,Pharma,Southeast,Spot,1597,10.0,10.0,1.0048400000000002,2933.26,0.2,1.0,0.17635000000000012,0
2052,Enterprise,2.715,2020-09-15,Retail,Northeast,Contract,1800,11.0,10.0,1.008081818181818,2058.4900000000002,0.09090909090909091,0.9090909090909091,0.03025000000000022,0
2053,SMB,4.835,2024-07-11,Manufacturing,Northeast,Spot,405,6.0,6.0,0.94775,698.8199999999999,0.3333333333333333,1.0,0.0019000000000001238,0
2055,Mid-Market,3.92,2024-09-04,Electronics,Southeast,Spot,350,6.0,6.0,0.9980333333333333,738.43,0.16666666666666666,1.0,0.07924999999999993,0
2056,SMB,7.456,2019-06-01,Industrial,Southeast,Spot,2272,6.0,6.0,1.0130166666666665,752.9699999999999,0.3333333333333333,1.0,0.12929999999999986,0
2057,Occasional,9.073,2024-04-25,Food & Beverage,Northeast,Spot,482,1.0,1.0,0.9733,155.23,0.0,1.0,,1
2058,SMB,5.675,2020-10-20,Apparel,International,Spot,1765,6.0,6.0,0.94555,927.5600000000001,0.3333333333333333,1.0,,0
2059,Mid-Market,4.651,2021-05-23,Apparel,West,Spot,1550,5.0,5.0,1.0206,582.58,0.2,1.0,,0
2060,Enterprise,2.339,2019-04-20,Food & Beverage,International,Contract,2314,12.0,11.0,1.0376166666666666,3254.66,0.25,0.9166666666666666,-0.07223999999999997,0
2062,Mid-Market,3.717,2023-04-11,Manufacturing,International,Spot,862,9.0,9.0,1.0219,1921.0699999999997,0.3333333333333333,1.0,0.020550000000000068,0
2064,Mid-Market,4.228,2022-10-15,Apparel,Northeast,Spot,1040,10.0,10.0,1.01061,1859.0000000000002,0.4,1.0,-0.1426666666666666,0
2065,Mid-Market,4.364,2020-01-21,Apparel,Southeast,Contract,2038,5.0,5.0,0.9936999999999999,640.65,0.2,1.0,,0
2066,Occasional,7.841,2021-04-01,Electronics,Southeast,Spot,1602,1.0,1.0,0.93,435.24,1.0,1.0,,1
2067,SMB,5.251,2021-12-07,Automotive,West,Spot,1352,6.0,6.0,0.9895166666666667,745.4899999999999,0.5,1.0,-0.022733333333333272,1
2068,Occasional,8.355,2019-12-25,Manufacturing,Northeast,Spot,2065,3.0,3.0,0.9938666666666668,640.5,0.0,1.0,0.04554999999999998,1
2069,Mid-Market,3.947,2025-03-18,Electronics,Northeast,Spot,155,3.0,3.0,0.9925,303.4,0.0,1.0,,0
2071,Occasional,6.34,2022-10-04,Manufacturing,Northeast,Spot,1051,2.0,2.0,0.9592499999999999,453.23,0.5,1.0,,1
2072,SMB,5.611,2022-11-23,Apparel,Northeast,Spot,1001,3.0,3.0,0.8837666666666667,607.26,0.0,1.0,,0
2073,Mid-Market,3.506,2023-09-10,Apparel,Northeast,Spot,710,8.0,8.0,0.97585,2116.66,0.375,1.0,-0.08332000000000017,0
2074,Occasional,6.906,2023-07-12,Apparel,West,Spot,770,1.0,1.0,0.9058,227.71,0.0,1.0,,0
2075,Mid-Market,3.328,2019-06-02,Automotive,Northeast,Contract,2271,9.0,7.0,0.9618444444444444,825.98,0.4444444444444444,0.7777777777777778,-0.0507333333333333,0
2076,SMB,7.051,2022-07-17,Retail,Northeast,Spot,1130,6.0,6.0,0.9171833333333334,973.4200000000001,0.16666666666666666,1.0,,0
2077,Occasional,7.972,2024-03-07,Pharma,Northeast,Spot,531,2.0,2.0,0.95265,124.19,0.0,1.0,,1
2078,Mid-Market,2.494,2024-05-17,Retail,West,Contract,460,7.0,5.0,1.0074714285714286,888.0899999999999,0.42857142857142855,0.7142857142857143,0.08990000000000009,0
2079,Mid-Market,3.649,2022-12-22,Industrial,Northeast,Contract,972,10.0,10.0,1.00851,2273.23,0.4,1.0,0.09416666666666651,0
2080,Enterprise,2.365,2024-12-22,Apparel,Northeast,Contract,241,11.0,10.0,1.0795545454545454,2305.0,0.45454545454545453,0.9090909090909091,,0
2081,Mid-Market,5.165,2022-11-28,Automotive,International,Spot,996,10.0,10.0,1.0191700000000001,1737.2700000000002,0.2,1.0,-0.045700000000000074,0
2082,Mid-Market,3.161,2021-07-20,Pharma,West,Spot,1492,13.0,13.0,0.9566076923076923,1741.2,0.15384615384615385,1.0,-0.027728571428571436,0
2083,SMB,4.43,2021-12-13,Food & Beverage,Northeast,Spot,1346,1.0,1.0,1.0322,84.91,1.0,1.0,,0
2084,Mid-Market,3.369,2023-08-08,Apparel,Southeast,Spot,743,9.0,9.0,0.984388888888889,794.48,0.2222222222222222,1.0,0.07029999999999992,0
2085,SMB,4.047,2024-11-28,Automotive,Northeast,Spot,265,4.0,4.0,0.9551499999999999,544.1700000000001,0.5,1.0,,0
2086,Mid-Market,6.212,2020-07-13,Manufacturing,West,Spot,1864,8.0,8.0,1.0442375,1493.7900000000002,0.25,1.0,-0.007699999999999818,0
2087,Mid-Market,4.027,2020-12-15,Automotive,Southeast,Spot,1709,11.0,11.0,0.9738818181818182,1378.7500000000002,0.18181818181818182,1.0,0.01319999999999999,0
2088,Mid-Market,4.889,2023-05-07,Apparel,International,Spot,836,13.0,13.0,0.991176923076923,2585.58,0.3076923076923077,1.0,-0.041774999999999896,0
2089,SMB,8.247,2024-02-03,Retail,West,Contract,564,8.0,6.0,0.9849875,1552.04,0.25,0.75,,0
2090,SMB,7.685,2021-08-29,Industrial,Midwest,Spot,1452,9.0,6.0,0.9461444444444445,1022.5999999999999,0.1111111111111111,0.6666666666666666,0.10745000000000005,0
2091,Mid-Market,5.178,2023-04-16,Manufacturing,Northeast,Spot,857,12.0,12.0,0.977175,1999.29,0.25,1.0,0.06672000000000011,0
2092,Occasional,8.711,2019-01-17,Pharma,West,Spot,2407,4.0,3.0,0.945275,377.21000000000004,0.0,0.75,,1
2093,SMB,5.341,2020-12-11,Manufacturing,West,Spot,1713,7.0,7.0,1.0271428571428571,2444.4199999999996,0.2857142857142857,1.0,-0.027933333333333255,1
2094,Mid-Market,5.196,2025-05-15,Manufacturing,West,Spot,97,7.0,6.0,1.022357142857143,961.9999999999999,0.2857142857142857,0.8571428571428571,,0
2095,Occasional,11.631,2022-11-04,Apparel,Northeast,Spot,1020,3.0,3.0,0.9586333333333333,196.61,0.3333333333333333,1.0,,0
2096,Mid-Market,3.23,2024-10-15,Apparel,West,Contract,309,4.0,4.0,0.987525,1662.21,0.25,1.0,,0
2097,Enterprise,2.97,2020-06-13,Apparel,West,Contract,1894,12.0,12.0,1.0339833333333333,1790.02,0.16666666666666666,1.0,0.008850000000000025,0
2098,SMB,6.596,2020-12-09,Electronics,International,Spot,1715,4.0,4.0,0.9735750000000001,1623.47,0.25,1.0,,0
2101,SMB,7.823,2024-11-05,Automotive,Southeast,Spot,288,4.0,4.0,0.9639,739.49,0.0,1.0,,1
2102,Mid-Market,6.802,2021-02-11,Electronics,West,Spot,1651,9.0,9.0,0.9947444444444444,2407.78,0.2222222222222222,1.0,-0.04684999999999995,0
2103,SMB,7.103,2024-05-05,Pharma,International,Spot,472,6.0,5.0,0.97695,1153.02,0.3333333333333333,0.8333333333333334,,0
2104,Occasional,9.658,2022-01-22,Industrial,Midwest,Spot,1306,2.0,2.0,0.9963000000000001,729.88,0.0,1.0,,1
2105,SMB,6.778,2024-08-16,Electronics,Northeast,Spot,369,8.0,7.0,0.9428625,1535.25,0.25,0.875,0.03426666666666678,0
2106,SMB,7.914,2024-09-03,Food & Beverage,Northeast,Spot,351,1.0,1.0,0.8972,80.92,1.0,1.0,,0
2107,SMB,5.723,2021-11-24,Automotive,Midwest,Spot,1365,7.0,6.0,0.9823428571428572,1688.48,0.42857142857142855,0.8571428571428571,0.014100000000000001,0
2108,Occasional,7.341,2021-01-11,Automotive,West,Spot,1682,2.0,2.0,0.88505,83.93,0.0,1.0,-0.0230999999999999,0
2110,Mid-Market,3.657,2022-01-02,Pharma,Southeast,Contract,1326,8.0,7.0,1.01575,1190.77,0.375,0.875,0.027099999999999902,0
2111,SMB,6.637,2021-11-17,Electronics,International,Spot,1372,5.0,5.0,0.97708,1097.49,0.2,1.0,,0
2112,SMB,6.579,2023-06-09,Pharma,Midwest,Spot,803,5.0,2.0,0.98532,146.12,0.8,0.4,0.07080000000000009,1
2113,Mid-Market,3.663,2025-03-30,Food & Beverage,Northeast,Spot,143,3.0,2.0,0.9981333333333334,396.12,0.0,0.6666666666666666,,0
2114,SMB,6.273,2019-11-14,Retail,Southeast,Spot,2106,6.0,6.0,1.0047666666666666,1101.63,0.5,1.0,-0.11740000000000017,1
2116,Occasional,7.635,2021-10-25,Apparel,Northeast,Spot,1395,2.0,1.0,0.9562999999999999,120.63,0.5,0.5,-0.13639999999999997,1
2117,Mid-Market,3.253,2019-03-04,Food & Beverage,West,Spot,2361,5.0,5.0,0.9380200000000001,889.34,0.2,1.0,,0
2118,Enterprise,2.147,2021-01-23,Retail,Midwest,Spot,1670,12.0,12.0,1.0578916666666667,1972.6799999999998,0.08333333333333333,1.0,-0.03257999999999983,0
2119,Mid-Market,5.817,2022-01-31,Retail,Midwest,Spot,1297,9.0,9.0,1.0026111111111111,1900.04,0.2222222222222222,1.0,-0.03090000000000015,0
2120,Mid-Market,6.78,2023-07-06,Food & Beverage,Midwest,Spot,776,11.0,10.0,0.9887545454545456,1918.71,0.18181818181818182,0.9090909090909091,-0.11385,0
2121,Mid-Market,4.172,2022-10-11,Apparel,Northeast,Contract,1044,9.0,9.0,0.9741555555555556,1145.3300000000002,0.3333333333333333,1.0,0.023433333333333417,0
2122,Enterprise,2.677,2019-11-28,Electronics,Northeast,Contract,2092,8.0,8.0,1.0351,1058.29,0.125,1.0,-0.051383333333333336,0
2123,Mid-Market,3.412,2022-04-03,Apparel,Northeast,Spot,1235,11.0,11.0,1.0011818181818182,2724.63,0.09090909090909091,1.0,0.054299999999999904,0
2124,Mid-Market,2.587,2020-07-20,Food & Beverage,Northeast,Spot,1857,12.0,12.0,1.017925,3706.06,0.4166666666666667,1.0,0.032783333333333387,0
2125,Mid-Market,4.38,2020-10-18,Retail,West,Contract,1767,12.0,10.0,0.9729083333333333,2023.3500000000001,0.3333333333333333,0.8333333333333334,-0.1869666666666665,0
2126,Mid-Market,4.315,2023-09-29,Pharma,Northeast,Spot,691,6.0,6.0,1.0051833333333333,1408.65,0.16666666666666666,1.0,-0.059150000000000036,0
2127,Mid-Market,4.014,2024-05-10,Manufacturing,West,Spot,467,3.0,3.0,1.0028666666666666,399.97,0.0,1.0,,0
2128,Mid-Market,4.799,2020-01-16,Retail,Northeast,Spot,2043,9.0,8.0,1.0061111111111112,830.37,0.0,0.8888888888888888,-0.12076666666666669,0
2129,Mid-Market,4.956,2023-01-06,Manufacturing,Northeast,Spot,957,8.0,8.0,0.9724499999999999,1423.05,0.375,1.0,0.02083333333333337,0
2130,Enterprise,3.085,2021-10-24,Electronics,Northeast,Contract,1396,19.0,17.0,1.0540526315789474,3218.8100000000004,0.2631578947368421,0.8947368421052632,,0
2131,Mid-Market,4.891,2021-03-30,Pharma,Midwest,Spot,1604,11.0,11.0,0.9938272727272728,1643.9099999999999,0.09090909090909091,1.0,-0.008520000000000083,0
2132,SMB,6.132,2023-10-02,Industrial,Midwest,Spot,688,7.0,6.0,0.9609142857142857,1142.35,0.42857142857142855,0.8571428571428571,0.0036999999999999256,1
2133,Occasional,11.0,2020-08-28,Manufacturing,West,Spot,1818,1.0,1.0,0.949,98.6,0.0,1.0,,0
2135,SMB,6.687,2021-09-02,Manufacturing,Midwest,Spot,1448,3.0,3.0,0.9839666666666668,683.86,0.6666666666666666,1.0,,0
2136,SMB,6.641,2019-08-20,Electronics,West,Spot,2192,9.0,5.0,0.9867444444444445,610.76,0.0,0.5555555555555556,0.08662500000000006,0
2137,Mid-Market,4.315,2024-04-13,Manufacturing,Southeast,Contract,494,11.0,10.0,0.9344636363636364,1433.01,0.18181818181818182,0.9090909090909091,0.18120000000000014,0
2138,SMB,5.342,2024-09-05,Electronics,Northeast,Spot,349,3.0,2.0,0.9026333333333333,315.83000000000004,0.0,0.6666666666666666,-0.03649999999999998,0
2139,SMB,7.562,2022-10-03,Industrial,Northeast,Spot,1052,9.0,8.0,0.9694222222222222,1111.2,0.1111111111111111,0.8888888888888888,0.019100000000000006,0
2140,Occasional,8.845,2023-10-29,Food & Beverage,Northeast,Spot,661,1.0,1.0,0.9686,87.87,0.0,1.0,,1
2142,SMB,5.428,2021-04-06,Apparel,Southeast,Spot,1597,5.0,5.0,0.9709399999999999,566.93,0.4,1.0,0.005299999999999971,0
2144,SMB,6.246,2024-02-03,Manufacturing,West,Contract,564,3.0,3.0,0.9292000000000001,577.04,0.6666666666666666,1.0,,0
2145,Mid-Market,3.609,2021-05-07,Food & Beverage,Southeast,Contract,1566,7.0,7.0,0.9719571428571429,1112.9099999999999,0.42857142857142855,1.0,-0.10980000000000012,0
2147,Mid-Market,5.199,2021-01-17,Retail,Northeast,Spot,1676,10.0,10.0,0.96928,2924.84,0.0,1.0,,0
2148,Occasional,7.211,2023-01-03,Apparel,Midwest,Spot,960,6.0,5.0,0.9639833333333333,716.94,0.3333333333333333,0.8333333333333334,,1
2149,SMB,7.03,2020-05-25,Electronics,Northeast,Spot,1913,5.0,5.0,0.93858,807.18,0.0,1.0,0.031200000000000006,0
2150,Mid-Market,4.611,2022-09-21,Electronics,Southeast,Spot,1064,9.0,9.0,0.9656777777777779,1178.7799999999997,0.4444444444444444,1.0,,0
2151,SMB,4.057,2019-07-16,Pharma,Southeast,Contract,2227,6.0,6.0,0.9500500000000001,599.05,0.5,1.0,-0.12250000000000005,0
2152,Enterprise,3.219,2023-11-25,Industrial,West,Contract,634,24.0,22.0,1.0214166666666666,4764.76,0.125,0.9166666666666666,-0.028200000000000003,0
2153,SMB,7.669,2019-03-12,Automotive,West,Spot,2353,7.0,5.0,0.9967428571428572,1249.8899999999999,0.2857142857142857,0.7142857142857143,0.09335000000000004,0
2155,SMB,8.064,2024-08-04,Food & Beverage,Northeast,Spot,381,7.0,7.0,1.004757142857143,2907.2799999999997,0.2857142857142857,1.0,-0.06259999999999999,1
2156,Occasional,9.427,2022-11-09,Retail,International,Spot,1015,1.0,1.0,0.9337,141.38,0.0,1.0,,1
2157,Mid-Market,5.4,2025-01-23,Manufacturing,Northeast,Spot,209,5.0,5.0,1.00876,508.65,0.4,1.0,,0
2158,Mid-Market,5.311,2024-05-23,Electronics,West,Contract,454,13.0,13.0,0.9966076923076923,2650.58,0.07692307692307693,1.0,-0.01587000000000005,0
2159,Mid-Market,3.32,2019-12-14,Electronics,West,Contract,2076,13.0,11.0,0.9701692307692308,1635.1000000000001,0.3076923076923077,0.8461538461538461,-0.00915833333333338,0
2160,Enterprise,2.267,2023-12-18,Manufacturing,Midwest,Contract,611,16.0,15.0,1.03385,2523.75,0.25,0.9375,-0.055850000000000066,0
2161,SMB,6.026,2021-07-07,Manufacturing,Southeast,Spot,1505,5.0,4.0,0.9398799999999999,436.09000000000003,0.0,0.8,-0.026599999999999957,0
2162,Mid-Market,3.309,2024-09-14,Manufacturing,West,Spot,340,10.0,9.0,0.97441,1198.4399999999996,0.1,0.9,-0.1330800000000002,0
2163,Mid-Market,3.92,2024-10-04,Apparel,West,Spot,320,5.0,5.0,0.9743600000000001,922.2599999999999,0.2,1.0,-0.11489999999999989,0
2164,Mid-Market,3.649,2025-05-13,Food & Beverage,Northeast,Contract,99,1.0,1.0,0.9018,134.05,0.0,1.0,,0
2166,Mid-Market,5.28,2020-04-15,Pharma,Northeast,Contract,1953,11.0,10.0,0.9961727272727273,2426.46,0.09090909090909091,0.9090909090909091,0.0017666666666666941,0
2167,Occasional,9.129,2019-11-01,Automotive,Midwest,Spot,2119,2.0,2.0,1.04695,131.22,0.5,1.0,,1
2168,Mid-Market,4.916,2020-02-07,Food & Beverage,Midwest,Contract,2021,8.0,8.0,0.966525,1204.3200000000002,0.125,1.0,0.003750000000000031,0
2170,SMB,6.541,2022-11-28,Electronics,Midwest,Spot,996,5.0,5.0,1.03306,704.75,0.4,1.0,0.06674999999999998,0
2171,Mid-Market,4.957,2021-05-06,Food & Beverage,Northeast,Spot,1567,6.0,6.0,0.9717166666666667,1196.0,0.0,1.0,,0
2172,Mid-Market,4.788,2021-12-30,Electronics,Midwest,Contract,1329,8.0,7.0,0.9890125000000001,1507.46,0.25,0.875,,0
2173,SMB,8.897,2020-02-25,Industrial,Southeast,Contract,2003,5.0,4.0,0.93482,241.31000000000003,0.2,0.8,0.03915000000000002,0
2174,Mid-Market,5.68,2022-10-21,Industrial,Midwest,Contract,1034,12.0,12.0,0.9164083333333334,1543.3899999999999,0.16666666666666666,1.0,0.022399999999999864,0
2175,Mid-Market,5.023,2021-11-02,Electronics,Midwest,Spot,1387,7.0,6.0,1.0277571428571428,1130.01,0.42857142857142855,0.8571428571428571,,0
2176,SMB,6.267,2024-04-27,Industrial,West,Spot,480,6.0,6.0,1.0089833333333333,1173.89,0.16666666666666666,1.0,0.0035999999999998256,0
2177,Mid-Market,4.661,2019-02-21,Automotive,Southeast,Spot,2372,9.0,9.0,0.9546,3912.89,0.1111111111111111,1.0,0.052649999999999975,0
2178,SMB,8.087,2025-03-18,Retail,Northeast,Contract,155,4.0,4.0,0.9533499999999999,1106.37,0.0,1.0,,0
2179,Mid-Market,5.932,2019-05-28,Food & Beverage,Midwest,Spot,2276,14.0,12.0,1.0083714285714287,1619.09,0.14285714285714285,0.8571428571428571,0.09215833333333345,0
2180,Occasional,7.559,2021-10-13,Apparel,Northeast,Spot,1407,5.0,4.0,0.9859199999999999,942.47,0.2,0.8,0.05425000000000013,1
2181,SMB,6.647,2021-04-09,Food & Beverage,Northeast,Contract,1594,5.0,5.0,0.94192,532.4,0.0,1.0,,0
2182,Occasional,9.457,2023-10-15,Food & Beverage,Southeast,Spot,675,5.0,5.0,0.95658,643.83,0.2,1.0,0.07329999999999992,0
2183,Occasional,8.048,2023-05-22,Food & Beverage,Midwest,Spot,821,2.0,2.0,0.98275,146.43,0.0,1.0,,1
2184,Mid-Market,4.704,2020-04-24,Apparel,Southeast,Spot,1944,9.0,7.0,1.0258777777777779,2362.6600000000003,0.2222222222222222,0.7777777777777778,0.012899999999999912,0
2185,SMB,7.099,2022-04-09,Electronics,Midwest,Spot,1229,3.0,3.0,0.965,696.2,0.3333333333333333,1.0,-0.05219999999999991,0
2186,Mid-Market,4.326,2022-07-25,Pharma,West,Spot,1122,11.0,10.0,1.0046727272727272,1855.6200000000001,0.09090909090909091,0.9090909090909091,-0.09138999999999986,0
2187,SMB,6.684,2022-02-03,Manufacturing,Midwest,Spot,1294,5.0,5.0,0.9171400000000001,355.39,0.0,1.0,-0.0817000000000001,0
2188,SMB,7.617,2019-02-23,Industrial,Southeast,Contract,2370,10.0,10.0,0.9750099999999999,1808.23,0.2,1.0,0.08624999999999994,0
2189,Mid-Market,3.846,2020-03-09,Retail,Northeast,Spot,1990,9.0,9.0,0.9404888888888888,2114.3,0.1111111111111111,1.0,0.08819999999999995,0
2190,Occasional,6.569,2022-05-11,Retail,Northeast,Spot,1197,1.0,1.0,0.9253,86.65,0.0,1.0,,1
2191,Mid-Market,5.233,2020-09-26,Retail,Midwest,Spot,1789,9.0,9.0,1.0192444444444444,1538.0,0.0,1.0,-0.008899999999999908,0
2192,SMB,5.777,2022-08-20,Electronics,West,Spot,1096,9.0,6.0,1.0142,867.2099999999999,0.3333333333333333,0.6666666666666666,-0.08169999999999977,0
2193,SMB,5.419,2020-02-03,Pharma,Northeast,Spot,2025,5.0,5.0,0.8955400000000001,812.2,0.0,1.0,,1
2194,Enterprise,3.069,2023-11-26,Industrial,Northeast,Contract,633,15.0,13.0,1.0303533333333332,2981.7999999999997,0.26666666666666666,0.8666666666666667,0.06228000000000011,0
2195,SMB,5.834,2020-04-03,Food & Beverage,Southeast,Spot,1965,5.0,5.0,0.9902200000000001,810.6899999999999,0.2,1.0,,0
2196,SMB,6.72,2023-05-01,Manufacturing,Southeast,Spot,842,4.0,3.0,0.901025,780.74,0.25,0.75,,0
2197,Enterprise,2.208,2024-07-30,Electronics,International,Spot,386,17.0,17.0,1.0654176470588237,3260.29,0.058823529411764705,1.0,-0.03131666666666688,0
2198,SMB,6.335,2021-05-22,Manufacturing,Northeast,Spot,1551,4.0,4.0,0.976,1107.37,0.25,1.0,-0.0027999999999999137,0
2199,Mid-Market,5.713,2019-12-06,Food & Beverage,Northeast,Contract,2084,8.0,5.0,0.9879375,1256.08,0.375,0.625,,0
2200,SMB,7.452,2019-01-14,Apparel,Southeast,Spot,2410,5.0,5.0,0.93352,754.54,0.2,1.0,,0
2201,Mid-Market,4.554,2021-05-27,Retail,Northeast,Spot,1546,9.0,9.0,0.9904222222222222,908.93,0.2222222222222222,1.0,-0.014566666666666728,0
2203,Occasional,10.589,2024-11-17,Manufacturing,Southeast,Spot,276,4.0,4.0,0.944125,565.53,0.5,1.0,,1
2207,SMB,5.429,2022-11-29,Apparel,Midwest,Spot,995,4.0,4.0,0.967775,410.23,0.0,1.0,,0
2208,SMB,5.719,2021-03-02,Apparel,Northeast,Spot,1632,4.0,4.0,0.9334250000000001,373.34000000000003,0.0,1.0,,0
2209,Mid-Market,4.55,2021-12-23,Manufacturing,West,Contract,1336,6.0,6.0,1.0166,827.14,0.3333333333333333,1.0,-0.0013333333333334085,0
2210,Mid-Market,4.564,2020-09-22,Manufacturing,Southeast,Contract,1793,10.0,9.0,0.9951699999999999,1692.77,0.2,0.9,-0.03352500000000003,0
2211,Occasional,8.303,2024-08-07,Food & Beverage,International,Spot,378,4.0,4.0,0.96705,414.96000000000004,0.25,1.0,0.00649999999999995,0
2212,SMB,4.877,2021-11-28,Pharma,International,Contract,1361,5.0,5.0,1.0229599999999999,722.5400000000001,0.4,1.0,-0.008950000000000014,0
2213,Occasional,8.196,2021-07-26,Pharma,Southeast,Spot,1486,2.0,2.0,0.9532,128.66,0.5,1.0,,0
2214,SMB,9.036,2023-08-08,Automotive,Northeast,Spot,743,6.0,6.0,0.95175,1225.49,0.16666666666666666,1.0,-0.02523333333333333,1
2215,Occasional,7.261,2021-06-29,Electronics,West,Spot,1513,3.0,3.0,0.9580333333333333,256.85,0.0,1.0,,0
2216,Mid-Market,3.946,2021-05-18,Automotive,Southeast,Contract,1555,10.0,9.0,0.95001,2053.11,0.2,0.9,0.04899999999999993,0
2217,Mid-Market,6.745,2020-07-07,Food & Beverage,Northeast,Spot,1870,13.0,13.0,1.0103384615384614,2173.1499999999996,0.3076923076923077,1.0,0.08407999999999993,0
2218,Occasional,8.56,2019-06-13,Manufacturing,Midwest,Spot,2260,1.0,1.0,0.9539,74.34,0.0,1.0,,0
2219,Occasional,7.9,2019-04-03,Apparel,Midwest,Spot,2331,1.0,1.0,0.895,284.73,0.0,1.0,,1
2220,Mid-Market,4.54,2021-09-07,Manufacturing,West,Spot,1443,10.0,10.0,1.0112400000000001,1470.44,0.2,1.0,-0.04809999999999992,0
2222,SMB,6.966,2020-09-26,Automotive,West,Spot,1789,2.0,1.0,1.0176,103.03,0.5,0.5,,0
2223,Mid-Market,4.623,2023-04-11,Automotive,West,Contract,862,15.0,14.0,0.9448000000000001,2127.87,0.13333333333333333,0.9333333333333333,0.05809999999999993,0
2224,Mid-Market,2.797,2021-03-02,Electronics,Midwest,Spot,1632,10.0,10.0,1.01455,1754.8400000000001,0.3,1.0,0.02743333333333331,0
2225,Occasional,7.182,2021-01-07,Manufacturing,Midwest,Spot,1686,2.0,1.0,1.05395,84.66,0.0,0.5,,0
2226,Mid-Market,3.916,2020-02-01,Retail,International,Spot,2027,12.0,12.0,1.01625,2108.47,0.4166666666666667,1.0,-0.030999999999999917,0
2227,SMB,7.176,2022-10-03,Retail,International,Spot,1052,3.0,2.0,0.9721000000000001,431.34000000000003,0.0,0.6666666666666666,0.009749999999999925,1
2228,Enterprise,3.513,2023-05-24,Automotive,West,Contract,819,12.0,12.0,1.0473416666666666,1970.79,0.3333333333333333,1.0,0.010399999999999965,0
2229,Enterprise,2.033,2021-05-02,Automotive,West,Spot,1571,12.0,11.0,1.057025,3029.41,0.4166666666666667,0.9166666666666666,-0.03672000000000031,0
2230,SMB,4.992,2022-07-06,Pharma,Midwest,Spot,1141,4.0,4.0,0.985625,319.04999999999995,0.25,1.0,-0.19599999999999995,0
2231,Mid-Market,5.485,2022-03-05,Pharma,Southeast,Contract,1264,10.0,9.0,0.95982,2768.48,0.1,0.9,-0.01550000000000007,0
2232,SMB,6.599,2020-10-21,Electronics,West,Spot,1764,6.0,5.0,0.9988666666666667,845.88,0.3333333333333333,0.8333333333333334,,0
2233,Mid-Market,4.034,2023-08-12,Manufacturing,Northeast,Contract,739,15.0,14.0,0.9517666666666666,2737.36,0.2,0.9333333333333333,0.06250714285714254,0
2234,Occasional,11.827,2022-09-10,Retail,Northeast,Spot,1075,4.0,3.0,0.9402,952.72,0.25,0.75,,1
2235,SMB,7.211,2019-06-10,Apparel,Southeast,Contract,2263,9.0,9.0,0.9659222222222223,1072.88,0.3333333333333333,1.0,-0.013749999999999929,0
2236,Occasional,9.546,2022-04-14,Retail,Midwest,Spot,1224,1.0,1.0,0.9395,26.09,0.0,1.0,,0
2237,Mid-Market,3.854,2021-08-06,Retail,Midwest,Spot,1475,12.0,12.0,1.0062083333333334,2370.0,0.16666666666666666,1.0,0.0813600000000001,0
2238,Mid-Market,5.779,2024-04-22,Automotive,Northeast,Contract,485,14.0,11.0,0.9548285714285714,1441.7399999999998,0.21428571428571427,0.7857142857142857,0.07509999999999983,0
2239,Mid-Market,5.806,2021-01-16,Pharma,Northeast,Spot,1677,10.0,10.0,1.0072699999999999,1452.7399999999998,0.2,1.0,-0.048833333333333395,0
2240,SMB,6.297,2025-05-16,Food & Beverage,Northeast,Contract,96,3.0,3.0,0.9868333333333333,456.66,0.0,1.0,,0
2241,Mid-Market,5.065,2023-02-06,Manufacturing,Southeast,Spot,926,13.0,11.0,1.0078692307692307,2205.51,0.07692307692307693,0.8461538461538461,-0.08093333333333341,0
2242,Enterprise,3.264,2019-11-15,Manufacturing,Northeast,Contract,2105,15.0,15.0,1.0427733333333333,3046.93,0.3333333333333333,1.0,0.0688200000000001,0
2243,Mid-Market,4.19,2021-09-09,Food & Beverage,West,Spot,1441,12.0,10.0,0.9956083333333333,1349.3600000000001,0.16666666666666666,0.8333333333333334,0.0445833333333332,0
2244,Mid-Market,4.384,2024-11-22,Electronics,Southeast,Contract,271,7.0,7.0,0.9626714285714286,1043.54,0.14285714285714285,1.0,,0
2245,Mid-Market,3.876,2020-09-11,Pharma,Southeast,Spot,1804,8.0,8.0,0.940525,983.6199999999999,0.125,1.0,0.05800000000000005,0
2246,Mid-Market,3.705,2023-09-13,Manufacturing,Southeast,Spot,707,6.0,6.0,1.07935,1003.14,0.5,1.0,,0
2247,Mid-Market,3.66,2024-03-22,Manufacturing,Midwest,Spot,516,4.0,4.0,0.99465,847.92,0.25,1.0,0.0917,0
2248,SMB,7.891,2023-08-14,Retail,West,Spot,737,3.0,3.0,1.0223666666666666,813.45,0.3333333333333333,1.0,0.05280000000000018,0
2249,Mid-Market,4.044,2019-08-09,Food & Beverage,Northeast,Contract,2203,14.0,11.0,0.9628428571428571,1704.0499999999997,0.21428571428571427,0.7857142857142857,0.04886428571428558,0
2250,Mid-Market,3.669,2021-06-30,Electronics,Southeast,Spot,1512,10.0,9.0,0.9911899999999999,1704.5,0.3,0.9,0.02643333333333331,0
2251,SMB,9.374,2021-04-27,Manufacturing,West,Spot,1576,6.0,5.0,0.9831833333333333,678.0200000000001,0.3333333333333333,0.8333333333333334,-0.10363333333333313,0
2252,SMB,5.464,2021-04-17,Pharma,Northeast,Contract,1586,8.0,8.0,0.9206,1303.87,0.125,1.0,0.03980000000000006,0
2253,Mid-Market,3.193,2024-11-10,Food & Beverage,West,Spot,283,8.0,7.0,1.01165,1545.98,0.125,0.875,0.04844999999999999,0
2254,SMB,5.373,2019-01-14,Manufacturing,International,Contract,2410,5.0,4.0,0.9715400000000001,304.17999999999995,0.2,0.8,-0.1331,0
2255,Occasional,9.716,2022-08-05,Apparel,Midwest,Spot,1111,1.0,1.0,0.8629,71.92,1.0,1.0,,0
2257,Occasional,10.213,2024-11-01,Electronics,Southeast,Spot,292,3.0,3.0,0.9495999999999999,702.96,0.0,1.0,,0
2258,SMB,8.527,2023-01-16,Food & Beverage,Southeast,Contract,947,5.0,5.0,0.93408,897.1199999999999,0.4,1.0,,0
2260,Mid-Market,4.797,2021-09-06,Food & Beverage,Northeast,Contract,1444,7.0,6.0,0.9738285714285714,1229.29,0.14285714285714285,0.8571428571428571,,0
2261,SMB,7.851,2023-01-28,Pharma,Southeast,Spot,935,4.0,3.0,0.9212,820.03,0.0,0.75,,0
2262,Occasional,10.034,2022-08-17,Manufacturing,Midwest,Spot,1099,2.0,2.0,1.0219,337.36,0.0,1.0,,0
2264,Mid-Market,4.811,2019-04-09,Retail,Northeast,Contract,2325,10.0,9.0,0.9416499999999999,1758.6599999999999,0.1,0.9,0.011333333333333417,0
2265,SMB,6.644,2024-12-23,Pharma,Midwest,Spot,240,5.0,5.0,1.01724,1673.04,0.4,1.0,,0
2266,Mid-Market,6.131,2020-02-27,Retail,Northeast,Contract,2001,10.0,9.0,0.99702,2334.0000000000005,0.2,0.9,-0.021730000000000027,0
2267,SMB,5.62,2021-05-14,Manufacturing,Southeast,Spot,1559,7.0,7.0,0.9794571428571428,1004.9299999999998,0.14285714285714285,1.0,0.10863333333333325,1
2268,SMB,7.668,2023-02-26,Electronics,Northeast,Spot,906,5.0,5.0,0.98288,960.1300000000001,0.6,1.0,-0.0906499999999999,0
2269,SMB,6.144,2022-11-02,Pharma,West,Spot,1022,3.0,3.0,0.9454333333333333,518.8,0.3333333333333333,1.0,,0
2270,Occasional,8.139,2022-06-06,Apparel,Midwest,Spot,1171,3.0,3.0,1.0000333333333333,308.8,0.6666666666666666,1.0,,1
2272,SMB,7.331,2024-03-31,Manufacturing,Northeast,Spot,507,3.0,2.0,1.0589666666666666,1092.9099999999999,0.6666666666666666,0.6666666666666666,,0
2274,Occasional,9.236,2023-05-24,Automotive,International,Spot,819,2.0,2.0,1.04165,277.81,0.0,1.0,,0
2276,Enterprise,3.607,2023-01-04,Apparel,Southeast,Contract,959,17.0,15.0,1.0432470588235294,2505.4900000000002,0.11764705882352941,0.8823529411764706,-0.02213142857142869,0
2277,SMB,6.318,2022-08-12,Food & Beverage,Northeast,Spot,1104,4.0,4.0,0.986125,476.63000000000005,0.0,1.0,0.10220000000000007,0
2278,Mid-Market,3.998,2024-06-08,Retail,Northeast,Contract,438,8.0,8.0,1.02355,2247.56,0.125,1.0,0.10254999999999992,0
2279,Occasional,9.502,2024-10-16,Apparel,Midwest,Spot,308,2.0,2.0,0.8682,133.54000000000002,0.0,1.0,,0
2280,SMB,6.613,2019-06-16,Retail,Northeast,Spot,2257,5.0,5.0,0.95586,893.0400000000002,0.2,1.0,0.002650000000000041,0
2281,Mid-Market,4.866,2025-01-26,Electronics,Midwest,Contract,206,4.0,4.0,0.987225,666.3799999999999,0.5,1.0,,0
2282,Mid-Market,4.881,2023-08-10,Manufacturing,International,Spot,741,24.0,22.0,0.9878125,2945.51,0.125,0.9166666666666666,-0.03747142857142849,0
2283,Mid-Market,4.372,2024-12-25,Pharma,Northeast,Contract,238,4.0,4.0,0.9544,937.8399999999999,0.25,1.0,,0
2284,SMB,7.554,2023-10-09,Retail,Northeast,Spot,681,7.0,6.0,1.010757142857143,1123.45,0.2857142857142857,0.8571428571428571,-0.15376666666666672,0
2285,Mid-Market,5.27,2025-03-07,Retail,West,Contract,166,6.0,6.0,0.9600333333333334,1430.84,0.3333333333333333,1.0,,0
2286,Mid-Market,5.298,2020-11-01,Pharma,Midwest,Contract,1753,11.0,11.0,0.9580090909090909,1741.19,0.2727272727272727,1.0,-0.24543333333333328,0
2288,SMB,8.576,2020-04-21,Retail,Southeast,Spot,1947,2.0,2.0,1.02405,346.84000000000003,0.5,1.0,,0
2289,Mid-Market,4.895,2020-09-06,Food & Beverage,Midwest,Contract,1809,7.0,7.0,0.9557,636.31,0.0,1.0,0.03325000000000011,0
2290,Mid-Market,4.37,2020-06-04,Automotive,International,Spot,1903,11.0,10.0,0.9999818181818182,2994.52,0.36363636363636365,0.9090909090909091,-0.007966666666666788,0
2291,Occasional,8.188,2021-12-11,Electronics,Northeast,Spot,1348,1.0,1.0,0.9969,81.82,0.0,1.0,,1
2292,SMB,7.303,2020-04-27,Food & Beverage,West,Spot,1941,8.0,6.0,0.9544125,3224.45,0.25,0.75,0.0675,0
2293,SMB,7.564,2020-01-21,Automotive,Midwest,Spot,2038,7.0,7.0,0.9878571428571429,1524.48,0.2857142857142857,1.0,0.03734999999999988,0
2294,Mid-Market,4.278,2022-06-29,Apparel,West,Spot,1148,8.0,8.0,0.97055,1100.3600000000001,0.25,1.0,-0.09106999999999998,0
2295,Mid-Market,3.369,2024-04-15,Electronics,Northeast,Spot,492,6.0,6.0,0.9814666666666666,1539.57,0.0,1.0,,0
2296,Enterprise,2.896,2019-11-27,Automotive,Southeast,Contract,2093,8.0,7.0,1.037,1021.8900000000001,0.25,0.875,0.1117999999999999,0
2297,SMB,6.36,2022-05-30,Apparel,Northeast,Spot,1178,2.0,2.0,0.9268000000000001,1192.1200000000001,0.0,1.0,,0
2298,Enterprise,2.092,2023-05-25,Pharma,International,Contract,818,16.0,15.0,1.01140625,3916.5299999999997,0.0,0.9375,-0.04382499999999978,0
2299,Enterprise,2.339,2023-09-15,Food & Beverage,Northeast,Contract,705,14.0,13.0,1.0761142857142858,3871.4999999999995,0.35714285714285715,0.9285714285714286,-0.030750000000000055,0
2300,SMB,5.751,2019-09-13,Industrial,Northeast,Spot,2168,4.0,4.0,0.948475,581.39,0.0,1.0,0.014800000000000035,0
2301,Occasional,6.673,2023-11-22,Automotive,West,Spot,637,2.0,2.0,0.89615,97.94,0.0,1.0,,0
2302,SMB,7.385,2019-03-07,Industrial,Southeast,Spot,2358,4.0,4.0,0.950875,841.12,0.0,1.0,,0
2303,SMB,6.805,2020-07-30,Apparel,Midwest,Spot,1847,6.0,5.0,0.9870666666666666,630.51,0.0,0.8333333333333334,-0.021050000000000013,0
2304,SMB,4.893,2021-02-16,Electronics,Southeast,Spot,1646,3.0,3.0,0.9747,476.01000000000005,0.3333333333333333,1.0,,0
2305,SMB,6.206,2024-09-08,Retail,Midwest,Spot,346,3.0,3.0,0.9544666666666667,604.01,0.0,1.0,,0
2306,Mid-Market,3.875,2020-04-12,Manufacturing,Northeast,Contract,1956,8.0,7.0,0.965225,1112.82,0.25,0.875,-0.19159999999999988,0
2307,SMB,6.501,2024-03-20,Industrial,Southeast,Spot,518,10.0,9.0,0.9789,957.6799999999998,0.3,0.9,-0.10021000000000013,0
2311,Occasional,8.473,2019-08-22,Retail,Northeast,Spot,2190,1.0,1.0,0.982,393.0,0.0,1.0,,1
2312,Enterprise,2.991,2020-06-24,Pharma,West,Contract,1883,12.0,12.0,1.0555083333333333,4140.05,0.16666666666666666,1.0,-0.03569999999999984,0
2313,Mid-Market,4.04,2024-02-16,Pharma,Northeast,Contract,551,8.0,8.0,0.9979750000000001,2985.04,0.5,1.0,0.05130000000000012,0
2314,Mid-Market,3.588,2020-04-24,Food & Beverage,Southeast,Contract,1944,13.0,13.0,0.9789615384615384,3762.34,0.3076923076923077,1.0,0.08579999999999999,0
2315,Mid-Market,4.996,2023-04-22,Apparel,Southeast,Spot,851,8.0,8.0,0.9801875,1055.43,0.25,1.0,,0
2316,Mid-Market,5.677,2021-06-29,Food & Beverage,Southeast,Contract,1513,13.0,13.0,0.9606384615384616,1584.56,0.23076923076923078,1.0,0.04575000000000018,0
2317,Mid-Market,3.783,2024-02-11,Industrial,West,Contract,556,9.0,9.0,1.0179222222222224,1772.68,0.0,1.0,,0
2318,SMB,7.176,2023-01-15,Automotive,Southeast,Spot,948,8.0,8.0,1.00665,1522.87,0.25,1.0,,0
2319,SMB,8.248,2022-11-26,Retail,West,Spot,998,4.0,3.0,0.97625,644.6899999999999,0.25,0.75,0.005699999999999927,0
2320,Occasional,5.775,2024-03-19,Electronics,West,Spot,519,3.0,3.0,0.9542,763.4,0.0,1.0,,1
2321,Enterprise,3.126,2025-05-14,Automotive,West,Contract,98,3.0,2.0,1.0362,148.04000000000002,0.6666666666666666,0.6666666666666666,,0
2322,Enterprise,2.565,2021-06-06,Pharma,West,Contract,1536,13.0,11.0,1.0599692307692308,2311.8699999999994,0.46153846153846156,0.8461538461538461,-0.04478000000000004,0
2323,Mid-Market,4.855,2022-07-11,Automotive,Northeast,Contract,1136,10.0,10.0,0.9595499999999999,1112.24,0.2,1.0,0.012179999999999969,0
2324,Mid-Market,3.669,2023-03-05,Electronics,International,Spot,899,8.0,7.0,0.9505250000000001,1133.5099999999998,0.0,0.875,0.018816666666666704,0
2325,Mid-Market,4.326,2024-06-27,Retail,West,Contract,419,14.0,13.0,0.9609785714285713,2480.64,0.14285714285714285,0.9285714285714286,0.00866666666666649,0
2326,Occasional,9.612,2022-03-19,Automotive,Midwest,Spot,1250,1.0,1.0,0.9004,21.86,0.0,1.0,,1
2327,Mid-Market,3.979,2021-07-01,Automotive,Northeast,Spot,1511,12.0,12.0,0.9915916666666668,1634.05,0.16666666666666666,1.0,0.03917999999999977,0
2328,Mid-Market,5.142,2024-08-23,Apparel,Northeast,Spot,362,10.0,10.0,1.00493,2111.42,0.2,1.0,0.0953250000000001,0
2329,SMB,6.916,2025-05-10,Food & Beverage,Midwest,Spot,102,1.0,1.0,1.0717,95.67,0.0,1.0,,0
2330,SMB,6.698,2022-10-17,Retail,Southeast,Spot,1038,3.0,3.0,0.9888,1025.77,1.0,1.0,,0
2331,SMB,5.476,2019-09-10,Apparel,West,Spot,2171,5.0,5.0,1.0502600000000002,506.78,0.0,1.0,,1
2332,Mid-Market,3.989,2020-12-06,Apparel,Southeast,Spot,1718,8.0,8.0,1.0110375,2391.4,0.125,1.0,-0.013299999999999867,0
2333,SMB,6.614,2022-02-01,Apparel,Midwest,Spot,1296,3.0,3.0,0.9811,770.36,0.3333333333333333,1.0,0.08850000000000002,0
2334,Mid-Market,5.51,2023-09-10,Manufacturing,Northeast,Spot,710,10.0,10.0,1.05566,1646.7600000000002,0.2,1.0,0.06680000000000008,0
2335,Mid-Market,4.379,2023-06-19,Apparel,Northeast,Contract,793,12.0,10.0,1.0107916666666668,2098.15,0.5,0.8333333333333334,0.027016666666666467,0
2336,SMB,6.616,2024-06-19,Apparel,Northeast,Contract,427,4.0,4.0,0.973525,314.92999999999995,0.25,1.0,,0
2337,Occasional,10.345,2019-03-15,Automotive,West,Spot,2350,1.0,1.0,0.8648,59.16,0.0,1.0,,0
2338,Mid-Market,4.015,2022-02-07,Pharma,Midwest,Spot,1290,6.0,6.0,0.9629833333333334,850.4200000000001,0.16666666666666666,1.0,,0
2339,SMB,4.959,2023-09-04,Apparel,International,Contract,716,6.0,6.0,0.9574666666666666,1040.0200000000002,0.16666666666666666,1.0,5.0000000000105516e-05,0
2341,Mid-Market,3.472,2019-12-13,Apparel,West,Spot,2077,12.0,11.0,0.9627833333333333,3015.99,0.16666666666666666,0.9166666666666666,0.21348,0
2342,Enterprise,2.979,2024-11-10,Apparel,Midwest,Contract,283,9.0,8.0,1.0138444444444445,1747.19,0.3333333333333333,0.8888888888888888,-0.11307999999999996,0
2343,SMB,5.953,2019-01-19,Automotive,West,Spot,2405,7.0,6.0,0.9783142857142858,939.71,0.2857142857142857,0.8571428571428571,0.009700000000000042,0
2344,Mid-Market,4.828,2020-04-24,Automotive,International,Contract,1944,14.0,14.0,0.9552071428571428,3293.1000000000004,0.14285714285714285,1.0,0.01031666666666664,0
2345,SMB,6.212,2024-08-24,Retail,West,Spot,361,8.0,7.0,0.9808,1859.82,0.25,0.875,0.035600000000000076,0
2346,Enterprise,2.666,2024-03-30,Automotive,Northeast,Contract,508,16.0,15.0,1.02256875,2904.67,0.125,0.9375,-0.055166666666666586,0
2348,Occasional,8.174,2023-01-03,Pharma,Northeast,Spot,960,3.0,2.0,0.9793666666666666,404.70000000000005,0.3333333333333333,0.6666666666666666,,1
2349,Mid-Market,5.406,2023-02-08,Pharma,Northeast,Contract,924,15.0,15.0,0.9754,2671.73,0.26666666666666666,1.0,0.029941666666666644,0
2350,Enterprise,1.953,2022-07-26,Apparel,West,Contract,1121,14.0,13.0,1.0262571428571428,10893.490000000002,0.14285714285714285,0.9285714285714286,0.06404999999999994,0
2351,Enterprise,2.194,2022-05-31,Food & Beverage,West,Contract,1177,14.0,13.0,1.0504714285714285,3787.53,0.14285714285714285,0.9285714285714286,0.0670799999999998,0
2352,Occasional,7.938,2022-06-05,Food & Beverage,Northeast,Spot,1172,3.0,2.0,1.0048333333333332,263.41,0.0,0.6666666666666666,-0.03330000000000011,0
2353,Mid-Market,4.846,2020-12-13,Automotive,Northeast,Contract,1711,4.0,4.0,0.989025,656.36,0.25,1.0,,0
2354,SMB,7.096,2024-09-09,Automotive,West,Spot,345,2.0,2.0,0.9479500000000001,644.13,0.0,1.0,,0
2355,Mid-Market,6.615,2021-05-18,Manufacturing,Northeast,Contract,1555,15.0,14.0,1.0240533333333333,2782.12,0.4666666666666667,0.9333333333333333,0.004066666666666663,0
2356,SMB,7.154,2023-01-27,Automotive,Northeast,Spot,936,2.0,2.0,1.0288499999999998,333.06,0.5,1.0,,0
2357,SMB,5.902,2023-06-18,Electronics,West,Spot,794,5.0,5.0,0.96752,1006.63,0.2,1.0,-0.058700000000000085,0
2358,SMB,7.163,2022-08-02,Manufacturing,West,Spot,1114,2.0,2.0,1.00485,492.6,0.0,1.0,,0
2359,Occasional,7.025,2023-01-28,Industrial,Midwest,Spot,935,1.0,1.0,1.0417,67.59,0.0,1.0,,1
2360,Mid-Market,5.887,2019-04-29,Manufacturing,Midwest,Spot,2305,9.0,9.0,0.9795,1208.24,0.2222222222222222,1.0,-0.027900000000000036,0
2361,Occasional,9.134,2021-02-08,Manufacturing,Southeast,Spot,1654,3.0,2.0,0.9642666666666667,159.13,0.0,0.6666666666666666,,1
2362,Enterprise,2.718,2021-12-27,Electronics,Northeast,Contract,1332,16.0,16.0,0.998475,1703.54,0.0,1.0,-0.083395,0
2363,SMB,6.382,2021-08-17,Food & Beverage,West,Spot,1464,5.0,5.0,0.97522,823.1600000000001,0.2,1.0,-0.005600000000000049,0
2365,SMB,3.156,2024-12-24,Manufacturing,Southeast,Spot,239,2.0,2.0,0.9349999999999999,229.69,0.5,1.0,,0
2366,SMB,6.018,2023-09-30,Food & Beverage,Southeast,Spot,690,3.0,3.0,0.9542333333333334,546.92,0.3333333333333333,1.0,0.16370000000000007,0
2367,Mid-Market,4.323,2021-05-07,Manufacturing,Southeast,Contract,1566,5.0,5.0,0.97454,596.8000000000001,0.2,1.0,,0
2368,Mid-Market,4.314,2019-05-05,Manufacturing,Northeast,Contract,2299,11.0,11.0,0.9981363636363636,1524.12,0.36363636363636365,1.0,-0.037150000000000016,0
2369,Mid-Market,5.023,2024-01-13,Industrial,Southeast,Spot,585,10.0,10.0,0.9924800000000001,2272.7799999999997,0.1,1.0,0.018225000000000158,0
2370,SMB,7.895,2024-11-22,Pharma,Northeast,Spot,271,4.0,3.0,1.001725,348.5,0.0,0.75,,0
2371,SMB,4.582,2022-04-07,Retail,West,Spot,1231,4.0,3.0,1.01605,132.62,0.0,0.75,,0
2372,Mid-Market,3.846,2024-07-05,Retail,Southeast,Spot,411,13.0,11.0,0.9953153846153846,4584.139999999999,0.3076923076923077,0.8461538461538461,-0.031790000000000096,0
2373,Mid-Market,5.65,2025-03-16,Automotive,West,Spot,157,4.0,4.0,1.040175,681.75,0.25,1.0,,0
2374,Mid-Market,4.925,2022-08-24,Electronics,Midwest,Spot,1092,9.0,6.0,1.0250555555555556,1230.2199999999998,0.0,0.6666666666666666,0.032466666666666644,0
2375,Mid-Market,4.831,2020-05-25,Manufacturing,West,Spot,1913,9.0,8.0,1.0067,2025.87,0.1111111111111111,0.8888888888888888,0.11863333333333337,0
2376,Mid-Market,5.218,2019-02-24,Apparel,International,Spot,2369,13.0,13.0,0.9992692307692307,3965.350000000001,0.23076923076923078,1.0,-0.019899999999999918,0
2377,Occasional,7.502,2024-01-18,Automotive,Southeast,Spot,580,2.0,1.0,0.94125,248.7,0.0,0.5,,0
2378,SMB,6.735,2022-10-01,Food & Beverage,Northeast,Spot,1054,8.0,8.0,0.951125,2414.05,0.25,1.0,,0
2379,Mid-Market,6.151,2020-01-10,Apparel,West,Spot,2049,11.0,10.0,0.972090909090909,1123.5500000000002,0.0,0.9090909090909091,0.07874999999999988,0
2380,SMB,8.502,2019-05-13,Food & Beverage,Northeast,Spot,2291,7.0,7.0,0.9563571428571428,2161.31,0.14285714285714285,1.0,-0.01368333333333338,0
2382,Mid-Market,4.754,2021-02-19,Automotive,Northeast,Contract,1643,9.0,9.0,0.9547444444444445,1625.4500000000003,0.1111111111111111,1.0,,0
2383,Mid-Market,4.498,2021-03-07,Industrial,West,Spot,1627,9.0,9.0,0.9935222222222223,1420.2900000000002,0.2222222222222222,1.0,,0
2384,Enterprise,3.208,2023-03-12,Industrial,Northeast,Contract,892,16.0,16.0,0.99044375,1970.11,0.3125,1.0,0.0535000000000001,0
2385,Enterprise,3.408,2021-06-06,Retail,Midwest,Contract,1536,7.0,6.0,1.0524714285714285,1271.68,0.42857142857142855,0.8571428571428571,-0.029100000000000126,0
2386,SMB,5.687,2025-01-31,Pharma,Southeast,Spot,201,3.0,3.0,0.9782666666666667,656.95,0.3333333333333333,1.0,,0
2388,Enterprise,2.99,2021-05-21,Retail,Southeast,Contract,1552,16.0,16.0,1.0424375,3849.2300000000005,0.1875,1.0,-0.00275000000000003,0
2389,SMB,6.603,2020-10-11,Industrial,West,Spot,1774,2.0,2.0,1.0188,208.11,0.0,1.0,,0
2390,Enterprise,2.744,2024-09-25,Retail,West,Contract,329,8.0,8.0,1.0927125,992.29,0.5,1.0,0.007399999999999851,0
2391,SMB,5.035,2022-12-11,Electronics,Southeast,Contract,983,6.0,6.0,0.9678999999999999,1952.8400000000001,0.0,1.0,0.13649999999999995,0
2392,SMB,8.553,2025-02-14,Industrial,Southeast,Spot,187,5.0,4.0,0.95502,685.15,0.0,0.8,,0
2393,Mid-Market,5.958,2021-04-20,Pharma,West,Contract,1583,15.0,15.0,0.99364,2753.35,0.2,1.0,0.006825000000000081,0
2394,Enterprise,2.974,2019-02-21,Apparel,West,Spot,2372,10.0,10.0,1.01918,2002.59,0.3,1.0,-0.038799999999999946,0
2395,SMB,6.5,2024-12-29,Food & Beverage,Southeast,Spot,234,3.0,2.0,1.0085333333333333,767.9,0.0,0.6666666666666666,,0
2396,Occasional,10.282,2020-08-06,Automotive,Southeast,Contract,1840,3.0,3.0,0.9312666666666667,461.82,0.0,1.0,,0
2397,Mid-Market,5.471,2024-08-20,Retail,Northeast,Contract,365,16.0,13.0,0.99366875,2002.63,0.125,0.8125,0.02834166666666682,0
2398,Mid-Market,4.311,2023-09-25,Apparel,Northeast,Contract,695,11.0,11.0,0.9932272727272727,3600.33,0.2727272727272727,1.0,0.07635000000000003,0
2399,Mid-Market,4.605,2020-07-18,Retail,Northeast,Contract,1859,8.0,7.0,0.97705,1025.54,0.375,0.875,-0.06130000000000013,0
2400,SMB,6.656,2024-01-17,Manufacturing,Northeast,Spot,581,5.0,5.0,0.9525600000000001,2581.6499999999996,0.2,1.0,-0.1788333333333333,0
2401,SMB,8.225,2019-07-18,Pharma,Northeast,Spot,2225,7.0,6.0,1.0328857142857142,980.2900000000001,0.14285714285714285,0.8571428571428571,0.04619999999999991,0
2402,SMB,7.394,2021-08-13,Food & Beverage,West,Spot,1468,9.0,8.0,0.9835555555555556,1404.6999999999998,0.2222222222222222,0.8888888888888888,-0.038960000000000106,0
2403,SMB,5.549,2021-05-18,Manufacturing,West,Contract,1555,4.0,4.0,1.0051,704.06,0.25,1.0,,0
2405,SMB,5.823,2022-07-25,Electronics,Midwest,Spot,1122,8.0,6.0,0.9615374999999999,2038.87,0.125,0.75,,0
2406,Mid-Market,4.776,2023-01-30,Automotive,Midwest,Spot,933,9.0,9.0,0.9958555555555555,3836.13,0.2222222222222222,1.0,-0.1669600000000001,0
2407,SMB,7.194,2022-03-05,Retail,Northeast,Spot,1264,6.0,6.0,0.9057499999999999,626.9499999999999,0.16666666666666666,1.0,-0.0013999999999999568,0
2408,Mid-Market,4.926,2023-12-07,Manufacturing,West,Contract,622,13.0,12.0,0.9601769230769232,2501.27,0.23076923076923078,0.9230769230769231,0.06813333333333338,0
2409,Mid-Market,3.379,2020-01-25,Electronics,Southeast,Contract,2034,12.0,11.0,0.9631583333333333,1654.73,0.08333333333333333,0.9166666666666666,,0
2410,Occasional,8.745,2023-10-16,Pharma,Midwest,Spot,674,2.0,2.0,0.93865,450.78,0.0,1.0,,0
2411,SMB,5.851,2019-05-02,Food & Beverage,International,Contract,2302,5.0,5.0,0.92778,1101.55,0.4,1.0,0.08474999999999999,0
2412,Occasional,6.517,2019-07-29,Manufacturing,West,Spot,2214,3.0,3.0,0.9313333333333333,1192.98,0.0,1.0,,0
2413,Mid-Market,3.212,2023-10-29,Pharma,Northeast,Contract,661,8.0,8.0,0.95095,2729.68,0.125,1.0,0.010199999999999987,0
2414,SMB,4.059,2020-01-21,Industrial,West,Contract,2038,5.0,5.0,0.98224,1355.17,0.0,1.0,0.03890000000000016,0
2415,SMB,6.536,2024-02-19,Manufacturing,Northeast,Spot,548,2.0,2.0,0.911,819.87,0.0,1.0,,1
2416,Mid-Market,3.801,2019-11-20,Electronics,Northeast,Spot,2100,7.0,6.0,1.0298571428571428,1235.03,0.14285714285714285,0.8571428571428571,0.12824999999999998,0
2417,Mid-Market,3.732,2019-12-24,Food & Beverage,Northeast,Spot,2066,8.0,5.0,0.9617625,354.05,0.375,0.625,-0.10113333333333341,0
2418,SMB,4.824,2025-03-20,Apparel,Northeast,Spot,153,4.0,4.0,0.958225,323.38,0.25,1.0,,0
2419,Enterprise,2.267,2020-03-07,Manufacturing,West,Contract,1992,19.0,18.0,1.0507052631578948,4036.9000000000005,0.2631578947368421,0.9473684210526315,-0.010533333333333506,0
2420,Occasional,7.868,2025-02-02,Manufacturing,Southeast,Spot,199,1.0,1.0,0.889,563.61,0.0,1.0,,0
2421,Mid-Market,4.021,2021-04-27,Manufacturing,Northeast,Spot,1576,7.0,7.0,1.0175142857142858,1206.84,0.14285714285714285,1.0,-0.03590000000000004,0
2422,Mid-Market,5.171,2024-04-25,Pharma,International,Contract,482,6.0,6.0,0.9591833333333334,858.56,0.3333333333333333,1.0,,0
2423,SMB,8.54,2025-04-06,Retail,Midwest,Spot,136,1.0,1.0,1.049,240.98,0.0,1.0,,0
2424,Mid-Market,4.448,2019-10-12,Apparel,Southeast,Spot,2139,15.0,15.0,0.9940066666666667,4613.579999999999,0.26666666666666666,1.0,0.07553333333333334,0
2425,Occasional,8.353,2021-03-15,Food & Beverage,Midwest,Spot,1619,4.0,4.0,1.008475,783.8000000000001,0.25,1.0,0.06890000000000007,0
2426,SMB,6.812,2022-10-30,Electronics,Midwest,Spot,1025,4.0,4.0,0.940675,547.54,0.0,1.0,,0
2427,Enterprise,2.523,2024-10-08,Automotive,Midwest,Contract,316,15.0,14.0,1.06624,3063.66,0.3333333333333333,0.9333333333333333,-0.23025000000000007,0
2428,SMB,5.514,2020-03-31,Automotive,Midwest,Spot,1968,3.0,3.0,0.9866999999999999,1284.53,0.0,1.0,,0
2429,SMB,5.762,2020-03-30,Automotive,West,Spot,1969,3.0,3.0,0.9397333333333333,399.69,0.3333333333333333,1.0,,0
2430,SMB,4.333,2021-06-16,Industrial,Southeast,Spot,1526,7.0,7.0,0.9787571428571429,758.2800000000001,0.0,1.0,-0.10245000000000015,0
2432,SMB,7.82,2020-10-12,Automotive,Northeast,Contract,1773,5.0,4.0,0.9394,527.35,0.0,0.8,-0.06789999999999985,0
2433,SMB,9.278,2019-11-13,Manufacturing,West,Spot,2107,4.0,3.0,0.9288500000000001,460.9,0.0,0.75,,0
2434,Mid-Market,4.777,2024-07-11,Electronics,Southeast,Spot,405,5.0,5.0,1.01254,862.79,0.0,1.0,0.02265000000000006,0
2435,SMB,7.472,2024-04-23,Pharma,Southeast,Spot,484,9.0,9.0,0.9649888888888888,2246.41,0.3333333333333333,1.0,,0
2436,Occasional,8.782,2019-12-18,Apparel,International,Spot,2072,5.0,5.0,0.9659800000000001,1151.94,0.2,1.0,,0
2437,SMB,6.49,2022-07-30,Pharma,Midwest,Spot,1117,2.0,2.0,1.0292,163.37,0.5,1.0,,0
2438,SMB,6.082,2023-04-23,Pharma,Northeast,Spot,850,6.0,4.0,0.9768666666666667,818.06,0.16666666666666666,0.6666666666666666,-0.14526666666666643,0
2439,SMB,5.452,2023-03-09,Food & Beverage,Southeast,Spot,895,8.0,8.0,1.0182375,2500.06,0.75,1.0,-0.011149999999999771,0
2442,Mid-Market,3.498,2023-07-31,Food & Beverage,Southeast,Contract,751,6.0,5.0,0.9407166666666668,1122.57,0.16666666666666666,0.8333333333333334,,0
2443,Mid-Market,4.185,2019-03-22,Pharma,Northeast,Contract,2343,10.0,8.0,0.9883599999999999,1115.19,0.4,0.8,0.0004166666666666208,0
2444,SMB,6.374,2019-07-12,Pharma,Midwest,Spot,2231,3.0,3.0,1.0293,734.9499999999999,0.0,1.0,,0
2445,SMB,9.139,2023-02-16,Electronics,Southeast,Spot,916,2.0,2.0,0.95595,352.84000000000003,0.0,1.0,,0
2446,SMB,8.272,2025-01-19,Manufacturing,Northeast,Spot,213,2.0,2.0,0.9321,100.31,0.5,1.0,,0
2447,Enterprise,2.188,2021-08-29,Electronics,West,Contract,1452,15.0,14.0,1.0896533333333334,2417.97,0.4,0.9333333333333333,0.010816666666666697,0
2448,Mid-Market,5.129,2023-04-15,Food & Beverage,Northeast,Spot,858,8.0,6.0,0.964825,956.79,0.5,0.75,,0
2449,SMB,4.511,2020-05-26,Manufacturing,West,Spot,1912,2.0,2.0,0.99075,281.85,0.5,1.0,,0
2450,SMB,5.801,2022-01-16,Manufacturing,West,Spot,1312,3.0,3.0,0.9229666666666666,510.64,0.0,1.0,,0
2451,SMB,5.797,2024-01-04,Industrial,Northeast,Spot,594,8.0,7.0,0.96175,753.75,0.0,0.875,0.00983333333333336,0
2452,SMB,6.504,2023-05-26,Electronics,West,Spot,817,6.0,5.0,0.97065,1440.89,0.5,0.8333333333333334,0.011300000000000088,0
2453,SMB,6.528,2019-10-06,Apparel,West,Spot,2145,5.0,4.0,0.9466000000000001,372.24,0.0,0.8,,0
2454,SMB,10.195,2024-11-10,Manufacturing,Midwest,Contract,283,2.0,2.0,0.8834500000000001,395.68,0.5,1.0,0.008500000000000063,0
2455,SMB,5.307,2025-03-07,Industrial,Midwest,Spot,166,3.0,3.0,0.9951,689.6600000000001,0.3333333333333333,1.0,,0
2456,SMB,6.875,2022-03-07,Manufacturing,Northeast,Contract,1262,10.0,8.0,0.9790300000000001,1298.9,0.3,0.8,-0.035150000000000015,0
2457,SMB,7.34,2021-04-09,Food & Beverage,Northeast,Spot,1594,6.0,6.0,1.0159833333333335,1833.7400000000002,0.5,1.0,0.0809333333333333,0
2458,Mid-Market,5.135,2022-07-17,Automotive,West,Contract,1130,15.0,15.0,0.9675999999999999,4100.34,0.4,1.0,0.009883333333333355,0
2459,Mid-Market,3.948,2024-05-05,Manufacturing,Northeast,Spot,472,5.0,4.0,1.0306799999999998,330.67,0.4,0.8,,0
2460,SMB,6.598,2022-01-06,Pharma,Southeast,Spot,1322,5.0,4.0,0.9734999999999999,637.4599999999999,0.6,0.8,0.0949000000000001,0
2461,Occasional,11.103,2019-03-15,Automotive,Midwest,Spot,2350,3.0,3.0,0.9315000000000001,1163.17,0.3333333333333333,1.0,,0
2462,SMB,6.732,2019-06-26,Retail,Northeast,Spot,2247,5.0,4.0,0.96994,408.46000000000004,0.4,0.8,,0
2463,Mid-Market,4.745,2024-05-30,Retail,West,Spot,447,11.0,10.0,1.0033454545454545,1559.29,0.09090909090909091,0.9090909090909091,0.03290000000000004,0
2464,SMB,5.346,2024-03-31,Automotive,West,Spot,507,3.0,2.0,0.9012666666666668,294.28999999999996,0.0,0.6666666666666666,,0
2465,Mid-Market,6.579,2024-02-23,Electronics,West,Spot,544,10.0,8.0,1.0136,2323.74,0.4,0.8,0.029849999999999932,0
2466,SMB,6.728,2019-11-04,Industrial,Northeast,Spot,2116,9.0,8.0,0.9860555555555555,1142.12,0.2222222222222222,0.8888888888888888,,0
2467,SMB,7.214,2020-02-20,Industrial,Southeast,Spot,2008,9.0,9.0,0.9905444444444443,842.6899999999999,0.2222222222222222,1.0,-0.00804999999999989,0
2468,SMB,6.993,2021-08-18,Industrial,West,Spot,1463,5.0,4.0,0.94544,424.03999999999996,0.0,0.8,,0
2469,SMB,7.284,2020-07-16,Industrial,Southeast,Contract,1861,3.0,3.0,0.9660666666666667,464.61,0.3333333333333333,1.0,,0
2470,Mid-Market,4.584,2021-07-30,Automotive,West,Spot,1482,14.0,14.0,0.9962,3745.5199999999995,0.5,1.0,-0.04462500000000014,0
2471,SMB,8.295,2022-09-21,Food & Beverage,Midwest,Spot,1064,6.0,5.0,0.9418833333333333,667.3000000000001,0.5,0.8333333333333334,-0.07900000000000007,0
2472,Occasional,9.972,2020-11-12,Industrial,Southeast,Contract,1742,6.0,5.0,0.9309666666666666,967.56,0.0,0.8333333333333334,-0.04136666666666666,0
2473,SMB,7.724,2019-10-28,Electronics,Southeast,Contract,2123,6.0,6.0,0.9338333333333333,1555.57,0.0,1.0,,0
2474,SMB,6.686,2021-09-07,Pharma,Midwest,Contract,1443,5.0,4.0,0.98648,1812.71,0.2,0.8,-0.05026666666666657,0
2475,Mid-Market,3.976,2023-10-26,Retail,Northeast,Contract,664,7.0,6.0,0.9740285714285715,1301.75,0.2857142857142857,0.8571428571428571,-0.019333333333333313,0
2476,Enterprise,1.976,2023-02-13,Industrial,West,Contract,919,14.0,14.0,1.036757142857143,2954.7500000000005,0.35714285714285715,1.0,-0.09342499999999998,0
2477,Mid-Market,4.444,2021-02-21,Pharma,Midwest,Contract,1641,12.0,12.0,0.9653583333333332,2298.7400000000002,0.4166666666666667,1.0,,0
2478,Mid-Market,4.683,2021-01-28,Industrial,Northeast,Spot,1665,8.0,7.0,1.0665125,1320.97,0.375,0.875,0.00649999999999995,0
2479,Mid-Market,4.464,2022-11-22,Electronics,West,Spot,1002,11.0,11.0,0.9655272727272727,1730.91,0.2727272727272727,1.0,0.0004749999999998922,0
2480,Occasional,10.339,2020-02-25,Electronics,Southeast,Spot,2003,5.0,4.0,0.95366,725.22,0.2,0.8,,1
2481,SMB,5.194,2024-07-22,Pharma,Northeast,Contract,394,3.0,2.0,1.0589,937.18,0.3333333333333333,0.6666666666666666,,0
2482,Mid-Market,4.572,2024-10-17,Automotive,International,Spot,307,8.0,7.0,1.005175,1062.75,0.5,0.875,,0
2483,Mid-Market,3.301,2019-03-03,Pharma,West,Contract,2362,9.0,8.0,0.9521,1363.3400000000001,0.0,0.8888888888888888,0.014349999999999974,0
2485,SMB,5.88,2019-02-27,Manufacturing,West,Spot,2366,6.0,6.0,1.0098666666666667,587.6299999999999,0.0,1.0,-0.06633333333333336,1
2486,Mid-Market,4.466,2022-01-21,Automotive,Midwest,Spot,1307,11.0,10.0,1.0038636363636364,1510.6,0.2727272727272727,0.9090909090909091,-0.08941666666666681,0
2487,SMB,6.336,2023-06-13,Apparel,Southeast,Spot,799,5.0,5.0,0.9786400000000001,432.40999999999997,0.2,1.0,0.09084999999999988,0
2488,SMB,6.903,2021-03-07,Industrial,Northeast,Spot,1627,9.0,8.0,0.9574555555555556,899.3299999999999,0.4444444444444444,0.8888888888888888,-0.009424999999999906,0
2489,Mid-Market,4.451,2020-05-10,Retail,Northeast,Spot,1928,11.0,6.0,0.9936,1344.7400000000002,0.36363636363636365,0.5454545454545454,0.05599999999999983,0
2490,SMB,6.026,2019-04-26,Food & Beverage,Southeast,Spot,2308,6.0,5.0,0.9882166666666666,542.0600000000001,0.5,0.8333333333333334,0.07545000000000002,1
2492,Mid-Market,4.09,2019-03-31,Food & Beverage,West,Contract,2334,12.0,9.0,0.99975,1878.97,0.4166666666666667,0.75,-0.019674999999999998,0
2493,Enterprise,2.767,2022-03-25,Automotive,Southeast,Contract,1244,10.0,9.0,1.0350899999999998,2254.49,0.4,0.9,0.10924999999999985,0
2494,Occasional,9.712,2021-08-14,Apparel,Midwest,Spot,1467,3.0,3.0,0.9157000000000001,896.9200000000001,0.3333333333333333,1.0,,1
2496,SMB,5.477,2025-03-15,Apparel,International,Spot,158,4.0,4.0,0.9362,465.70000000000005,0.0,1.0,,0
2497,SMB,5.174,2024-06-13,Industrial,Southeast,Spot,433,5.0,5.0,0.9302400000000001,490.53999999999996,0.2,1.0,-0.011850000000000027,0
2498,Mid-Market,4.441,2023-11-15,Industrial,International,Contract,644,3.0,3.0,1.0513666666666666,518.22,0.3333333333333333,1.0,-0.01134999999999975,0
2499,SMB,4.619,2022-08-14,Pharma,West,Spot,1102,7.0,7.0,0.9851571428571428,1363.5800000000002,0.0,1.0,0.015700000000000047,0
2500,SMB,6.318,2021-04-30,Industrial,Northeast,Spot,1573,5.0,5.0,1.0187599999999999,2353.0499999999997,0.0,1.0,0.06549999999999989,1
2501,Enterprise,2.693,2020-02-10,Retail,Southeast,Contract,2018,17.0,17.0,1.0288823529411764,2462.12,0.11764705882352941,1.0,0.0027399999999999647,0
2504,SMB,5.399,2021-11-10,Industrial,Midwest,Spot,1379,7.0,6.0,0.9601142857142858,1624.6599999999999,0.2857142857142857,0.8571428571428571,,0
2505,Mid-Market,4.655,2019-12-10,Pharma,Midwest,Spot,2080,11.0,10.0,0.9920636363636363,3195.7200000000003,0.2727272727272727,0.9090909090909091,-0.03869999999999996,0
2506,Enterprise,2.944,2020-11-04,Manufacturing,West,Contract,1750,14.0,13.0,1.0398857142857143,2656.0599999999995,0.07142857142857142,0.9285714285714286,0.005133333333333212,0
2507,Occasional,10.517,2023-03-26,Apparel,Southeast,Spot,878,1.0,1.0,0.92,281.85,1.0,1.0,,0
2508,Occasional,9.838,2021-11-04,Industrial,Southeast,Spot,1385,2.0,2.0,0.94325,205.01999999999998,0.0,1.0,,0
2509,SMB,6.127,2022-11-27,Retail,West,Spot,997,5.0,5.0,0.9907,1200.98,0.2,1.0,0.041300000000000114,0
2510,SMB,4.997,2020-05-30,Retail,International,Spot,1908,6.0,6.0,0.97415,1159.3200000000002,0.0,1.0,0.12149999999999994,0
2511,SMB,7.056,2019-07-19,Apparel,West,Spot,2224,4.0,4.0,0.9293,522.98,0.25,1.0,,1
2512,Mid-Market,5.4,2024-11-26,Pharma,Northeast,Contract,267,4.0,4.0,1.0153750000000001,761.75,0.0,1.0,,0
2513,Mid-Market,4.511,2021-11-18,Pharma,Northeast,Spot,1371,12.0,10.0,0.9828,1287.3799999999999,0.08333333333333333,0.8333333333333334,-0.029199999999999893,0
2514,Mid-Market,4.959,2021-05-29,Retail,Northeast,Contract,1544,16.0,11.0,0.990225,1818.3600000000001,0.125,0.6875,0.05602499999999999,0
2515,Mid-Market,4.113,2020-11-27,Pharma,Southeast,Spot,1727,6.0,3.0,1.0135833333333333,588.5,0.0,0.5,0.0462499999999999,0
2516,Occasional,6.473,2023-05-22,Pharma,Northeast,Spot,821,3.0,3.0,0.9386,224.69000000000003,0.0,1.0,,0
2517,Mid-Market,5.115,2022-10-03,Automotive,International,Spot,1052,3.0,2.0,0.9080666666666666,66.19,0.3333333333333333,0.6666666666666666,-0.04079999999999995,0
2518,Mid-Market,4.938,2021-08-05,Food & Beverage,West,Spot,1476,7.0,5.0,0.9749285714285715,841.02,0.0,0.7142857142857143,0.021166666666666778,0
2519,SMB,7.488,2025-03-16,Electronics,Southeast,Contract,157,3.0,3.0,0.9318,714.94,0.0,1.0,,0
2520,Mid-Market,5.379,2025-01-04,Retail,Southeast,Spot,228,3.0,3.0,0.9867,226.29,0.0,1.0,,0
2521,Mid-Market,5.242,2020-04-28,Pharma,Southeast,Contract,1940,8.0,8.0,0.9956125,1439.49,0.375,1.0,-0.0659249999999999,0
2522,SMB,5.941,2023-04-14,Apparel,Midwest,Spot,859,1.0,1.0,1.0788,551.25,0.0,1.0,,1
2524,SMB,6.076,2022-04-03,Apparel,Northeast,Spot,1235,6.0,6.0,0.9993333333333334,997.9399999999999,0.3333333333333333,1.0,0.04874999999999996,0
2525,Occasional,7.454,2019-03-15,Industrial,West,Spot,2350,1.0,1.0,0.9222,183.29,0.0,1.0,,1
2526,Mid-Market,4.511,2019-11-18,Manufacturing,Northeast,Spot,2102,9.0,8.0,1.0021777777777778,1843.2399999999998,0.1111111111111111,0.8888888888888888,0.0615,0
2527,Occasional,8.36,2023-06-14,Pharma,Southeast,Spot,798,3.0,2.0,0.8835000000000001,362.55,0.0,0.6666666666666666,-0.05579999999999996,1
2528,Occasional,10.047,2025-01-05,Apparel,International,Spot,227,1.0,1.0,0.8061,158.12,0.0,1.0,,1
2529,SMB,7.245,2019-11-09,Retail,Northeast,Spot,2111,1.0,1.0,0.9873,168.82,0.0,1.0,,0
2530,SMB,5.743,2022-08-24,Manufacturing,Northeast,Spot,1092,4.0,4.0,1.00285,531.7,0.5,1.0,,0
2531,SMB,5.661,2022-04-24,Food & Beverage,Midwest,Spot,1214,6.0,6.0,0.9874499999999999,1494.27,0.3333333333333333,1.0,0.04530000000000001,0
2532,SMB,8.036,2020-11-25,Manufacturing,Southeast,Spot,1729,2.0,2.0,1.00755,271.93,0.0,1.0,,0
2533,SMB,7.661,2023-03-19,Electronics,Northeast,Spot,885,6.0,6.0,0.9484666666666667,839.5699999999998,0.16666666666666666,1.0,-0.01419999999999999,0
2534,Enterprise,2.873,2024-11-07,Manufacturing,Northeast,Spot,286,11.0,10.0,1.0736363636363637,1217.07,0.36363636363636365,0.9090909090909091,,0
2535,Occasional,8.766,2020-08-05,Industrial,Northeast,Contract,1841,1.0,1.0,0.9029,222.36,1.0,1.0,,0
2536,SMB,7.322,2019-05-13,Pharma,Midwest,Spot,2291,6.0,6.0,1.0072666666666665,459.69,0.5,1.0,,0
2537,SMB,7.711,2021-05-24,Electronics,Northeast,Spot,1549,4.0,4.0,0.983425,758.73,0.25,1.0,-0.028099999999999903,0
2538,Mid-Market,4.82,2021-02-03,Automotive,West,Contract,1659,7.0,7.0,0.9784142857142857,1282.98,0.42857142857142855,1.0,,0
2539,Enterprise,2.721,2023-11-06,Retail,West,Contract,653,12.0,11.0,1.046525,1640.1499999999999,0.16666666666666666,0.9166666666666666,-0.027300000000000102,0
2540,SMB,4.227,2022-07-31,Pharma,Northeast,Contract,1116,3.0,3.0,0.9727333333333333,216.07,0.0,1.0,,0
2541,SMB,8.225,2019-02-13,Apparel,Southeast,Spot,2380,2.0,2.0,0.9675,163.06,0.0,1.0,,0
2542,SMB,7.07,2021-04-07,Automotive,Northeast,Spot,1596,8.0,8.0,1.0034875,2046.4899999999998,0.125,1.0,0.04800000000000004,1
2543,Mid-Market,5.557,2023-11-25,Manufacturing,Southeast,Contract,634,14.0,14.0,0.9700285714285715,2144.43,0.21428571428571427,1.0,-0.07150666666666661,0
2544,Mid-Market,4.013,2022-03-06,Pharma,Northeast,Contract,1263,13.0,12.0,0.9612923076923077,2278.63,0.3076923076923077,0.9230769230769231,0.17915000000000003,0
2545,SMB,7.813,2022-10-02,Automotive,West,Spot,1053,6.0,6.0,0.9611999999999999,611.47,0.3333333333333333,1.0,,0
2546,Mid-Market,4.034,2020-10-05,Automotive,Southeast,Contract,1780,7.0,7.0,0.9932142857142857,652.9200000000001,0.42857142857142855,1.0,0.13040000000000007,0
2547,Occasional,10.619,2021-02-16,Manufacturing,Midwest,Spot,1646,4.0,3.0,1.013675,541.55,0.25,0.75,0.0040000000000000036,1
2548,Mid-Market,4.763,2019-11-13,Industrial,West,Spot,2107,17.0,17.0,1.0194882352941175,4130.6900000000005,0.11764705882352941,1.0,-0.2859833333333335,0
2549,Mid-Market,4.974,2019-07-18,Electronics,West,Spot,2225,7.0,6.0,1.0228,1136.6499999999999,0.14285714285714285,0.8571428571428571,-0.029199999999999893,0
2550,Mid-Market,3.858,2019-03-31,Food & Beverage,Southeast,Contract,2334,18.0,17.0,0.9834166666666666,4718.910000000001,0.1111111111111111,0.9444444444444444,-0.022766666666666713,0
2551,SMB,7.065,2023-03-01,Manufacturing,Northeast,Spot,903,3.0,3.0,1.0463333333333333,524.89,0.0,1.0,-0.0024999999999999467,0
2552,SMB,6.659,2020-01-19,Manufacturing,International,Spot,2040,7.0,6.0,0.9529857142857142,1471.6100000000001,0.0,0.8571428571428571,0.0009999999999998899,0
2553,SMB,6.27,2022-10-29,Electronics,Southeast,Spot,1026,6.0,5.0,0.9270666666666667,672.77,0.0,0.8333333333333334,-0.008900000000000019,0
2555,Mid-Market,4.533,2023-08-25,Apparel,West,Contract,726,9.0,7.0,0.9895999999999999,2056.73,0.2222222222222222,0.7777777777777778,-0.13132857142857135,0
2556,SMB,7.041,2022-11-02,Pharma,Midwest,Contract,1022,6.0,6.0,0.9581166666666667,1335.0,0.16666666666666666,1.0,-0.044600000000000084,0
2557,Enterprise,2.878,2019-10-12,Food & Beverage,Northeast,Contract,2139,14.0,14.0,1.0178,2233.92,0.2857142857142857,1.0,-0.09844000000000008,0
2558,Mid-Market,4.515,2022-04-05,Pharma,Northeast,Spot,1233,15.0,15.0,1.0221066666666667,3671.03,0.06666666666666667,1.0,0.015699999999999936,0
2559,SMB,6.226,2024-12-10,Pharma,Midwest,Contract,253,4.0,3.0,0.9591,204.97,0.25,0.75,,0
2560,Enterprise,2.579,2021-07-24,Manufacturing,Midwest,Contract,1488,10.0,10.0,1.0223200000000001,1859.9,0.1,1.0,-0.16089999999999993,0
2561,SMB,7.641,2024-07-04,Electronics,West,Spot,412,7.0,6.0,0.9378000000000001,1481.2,0.14285714285714285,0.8571428571428571,0.031400000000000095,0
2562,SMB,4.696,2023-09-22,Industrial,West,Spot,698,4.0,4.0,0.9113249999999999,942.69,0.0,1.0,,1
2563,SMB,5.95,2020-10-11,Retail,International,Spot,1774,7.0,6.0,0.9321999999999999,584.2900000000001,0.14285714285714285,0.8571428571428571,,0
2564,SMB,9.054,2019-12-10,Industrial,International,Spot,2080,4.0,4.0,0.92475,326.65,0.25,1.0,,0
2565,SMB,5.849,2019-02-11,Industrial,West,Spot,2382,3.0,2.0,0.9659666666666666,848.26,0.6666666666666666,0.6666666666666666,-0.10959999999999992,0
2566,Mid-Market,2.606,2020-11-03,Electronics,Northeast,Spot,1751,8.0,7.0,1.0016,1409.3700000000001,0.25,0.875,-0.1089500000000001,0
2567,Enterprise,2.806,2021-03-21,Electronics,Southeast,Contract,1613,11.0,10.0,0.9924181818181818,2105.48,0.2727272727272727,0.9090909090909091,0.05801333333333358,0
2568,Mid-Market,4.402,2023-05-17,Manufacturing,Midwest,Spot,826,7.0,6.0,0.9985285714285714,957.74,0.14285714285714285,0.8571428571428571,0.04810000000000003,0
2569,SMB,6.314,2022-10-26,Pharma,Midwest,Contract,1029,7.0,5.0,0.9545142857142856,633.62,0.2857142857142857,0.7142857142857143,0.003550000000000053,0
2570,Occasional,10.719,2022-03-12,Manufacturing,Northeast,Spot,1257,3.0,3.0,0.9470000000000001,753.0799999999999,0.0,1.0,0.031649999999999956,0
2571,Enterprise,2.237,2023-10-27,Automotive,Midwest,Contract,663,14.0,14.0,1.0838785714285715,7033.3099999999995,0.21428571428571427,1.0,0.0028799999999997716,0
2572,SMB,5.541,2024-02-19,Food & Beverage,Southeast,Spot,548,6.0,5.0,0.9758333333333334,1193.92,0.0,0.8333333333333334,,0
2573,SMB,7.003,2023-10-04,Industrial,Southeast,Spot,686,3.0,3.0,0.9734999999999999,582.06,0.3333333333333333,1.0,-0.05549999999999988,0
2574,SMB,5.716,2024-12-24,Automotive,West,Spot,239,5.0,5.0,0.94474,2501.0899999999997,0.4,1.0,,0
2575,SMB,6.377,2021-05-25,Food & Beverage,Southeast,Spot,1548,7.0,7.0,1.0135714285714286,3357.4500000000003,0.2857142857142857,1.0,-0.19490000000000007,0
2576,SMB,7.619,2024-06-27,Pharma,Midwest,Contract,419,7.0,7.0,0.9396714285714286,1672.08,0.2857142857142857,1.0,-0.0202500000000001,0
2577,SMB,5.761,2021-10-21,Retail,Midwest,Spot,1399,3.0,2.0,0.9940000000000001,219.85,0.6666666666666666,0.6666666666666666,,0
2578,Occasional,10.729,2020-03-24,Retail,Midwest,Spot,1975,3.0,3.0,0.9678,339.53999999999996,0.3333333333333333,1.0,0.13770000000000004,0
2579,Mid-Market,4.458,2019-12-21,Pharma,Northeast,Contract,2069,8.0,7.0,0.9893000000000001,2756.83,0.125,0.875,0.0907,0
2580,Occasional,7.141,2019-08-11,Food & Beverage,Midwest,Spot,2201,2.0,2.0,0.9515,136.09,0.0,1.0,0.11859999999999993,1
2581,Enterprise,2.785,2025-05-15,Food & Beverage,Southeast,Spot,97,4.0,3.0,1.07925,1849.88,0.25,0.75,,0
2582,Occasional,9.572,2020-02-17,Retail,Midwest,Spot,2011,2.0,2.0,0.9376500000000001,579.5799999999999,0.5,1.0,,1
2583,Enterprise,2.934,2024-07-26,Automotive,Northeast,Contract,390,13.0,12.0,1.0496692307692308,2706.91,0.38461538461538464,0.9230769230769231,-0.05143333333333344,0
2584,Mid-Market,4.456,2024-03-22,Food & Beverage,International,Contract,516,10.0,10.0,0.97941,1547.6499999999996,0.1,1.0,0.04425000000000012,0
2585,Enterprise,2.265,2021-12-05,Food & Beverage,West,Contract,1354,19.0,18.0,1.0246842105263159,3412.91,0.3157894736842105,0.9473684210526315,0.02970666666666677,0
2586,SMB,7.546,2025-02-03,Food & Beverage,Southeast,Spot,198,1.0,1.0,1.1357,47.35,1.0,1.0,,0
2587,Mid-Market,5.874,2025-01-20,Food & Beverage,Southeast,Spot,212,5.0,5.0,1.03428,704.96,0.4,1.0,,0
2588,Mid-Market,3.506,2025-03-03,Apparel,Southeast,Contract,170,2.0,2.0,0.9911000000000001,148.20999999999998,0.0,1.0,,0
2589,SMB,7.587,2022-04-24,Automotive,West,Contract,1214,3.0,3.0,0.9588666666666666,373.11999999999995,0.3333333333333333,1.0,-0.10129999999999995,0
2590,Mid-Market,3.858,2020-12-27,Pharma,Midwest,Contract,1697,17.0,15.0,0.9765058823529412,3362.28,0.058823529411764705,0.8823529411764706,-0.002075000000000049,0
2591,SMB,7.866,2019-04-17,Manufacturing,West,Contract,2317,2.0,2.0,0.91475,157.64000000000001,0.0,1.0,0.03949999999999998,0
2592,Occasional,7.828,2024-08-08,Automotive,West,Spot,377,2.0,2.0,0.8788499999999999,361.27,0.5,1.0,,0
2593,SMB,6.769,2024-10-26,Electronics,Southeast,Contract,298,2.0,2.0,0.89115,274.05,0.0,1.0,,0
2594,Mid-Market,2.249,2022-07-29,Retail,West,Contract,1118,13.0,13.0,0.9475230769230769,1500.1,0.0,1.0,-0.035519999999999996,0
2595,Mid-Market,4.167,2019-06-22,Retail,Southeast,Contract,2251,11.0,11.0,0.9763545454545455,2329.59,0.09090909090909091,1.0,,0
2596,Occasional,6.161,2024-06-26,Automotive,Midwest,Spot,420,3.0,3.0,0.9260999999999999,834.97,0.6666666666666666,1.0,-0.0625,0
2597,Mid-Market,4.244,2020-12-27,Food & Beverage,Midwest,Contract,1697,6.0,6.0,1.0408166666666665,730.67,0.3333333333333333,1.0,-0.09793333333333343,0
2598,Mid-Market,4.141,2022-08-28,Retail,West,Contract,1088,17.0,16.0,0.9759823529411764,2316.4,0.23529411764705882,0.9411764705882353,-0.05712500000000009,0
2599,Occasional,8.34,2023-05-25,Automotive,Northeast,Spot,818,2.0,2.0,1.00205,300.74,0.0,1.0,,1
2600,Occasional,10.92,2019-12-22,Electronics,Northeast,Spot,2068,1.0,1.0,1.0037,20.19,0.0,1.0,,0
2601,Mid-Market,5.597,2019-06-02,Industrial,Southeast,Spot,2271,6.0,6.0,0.9142666666666667,1745.34,0.3333333333333333,1.0,-0.011966666666666681,0
2602,SMB,10.49,2019-07-12,Industrial,International,Spot,2231,7.0,7.0,0.9984714285714286,1067.85,0.2857142857142857,1.0,,0
2605,Enterprise,2.626,2021-11-05,Pharma,Southeast,Spot,1384,12.0,12.0,1.0667416666666667,1295.3700000000001,0.08333333333333333,1.0,-0.02413333333333334,0
2606,Mid-Market,5.375,2021-11-02,Manufacturing,Southeast,Spot,1387,12.0,9.0,0.9861,2051.7999999999997,0.08333333333333333,0.75,0.07284999999999986,0
2607,SMB,5.549,2021-09-17,Electronics,West,Spot,1433,2.0,2.0,1.08515,92.25,0.5,1.0,,0
2608,Mid-Market,4.67,2021-05-03,Food & Beverage,International,Spot,1570,11.0,11.0,1.0070272727272729,3001.4300000000003,0.18181818181818182,1.0,0.027124999999999844,0
2609,SMB,6.484,2022-08-17,Manufacturing,West,Spot,1099,3.0,2.0,0.9727,424.95,0.0,0.6666666666666666,,0
2610,Mid-Market,4.266,2021-05-17,Apparel,West,Spot,1556,11.0,11.0,1.0005,1990.9699999999998,0.36363636363636365,1.0,0.009399999999999853,0
2611,Occasional,9.537,2023-02-09,Electronics,Northeast,Spot,923,1.0,1.0,1.1069,404.85,0.0,1.0,,1
2612,SMB,8.312,2021-07-11,Industrial,Southeast,Spot,1501,5.0,5.0,1.02996,892.26,0.2,1.0,0.0121,0
2613,SMB,8.651,2023-03-14,Automotive,Midwest,Spot,890,3.0,3.0,0.9755666666666668,265.88,0.3333333333333333,1.0,0.0706,0
2615,Mid-Market,5.524,2020-05-16,Retail,Northeast,Spot,1922,8.0,8.0,0.9944375,869.8499999999999,0.25,1.0,-0.07799999999999985,0
2616,SMB,7.542,2019-06-02,Retail,West,Contract,2271,5.0,5.0,0.92012,544.85,0.2,1.0,0.04163333333333341,0
2617,Mid-Market,4.582,2022-07-06,Manufacturing,Northeast,Spot,1141,15.0,14.0,1.01732,3130.0,0.5333333333333333,0.9333333333333333,-0.020553333333333423,0
2618,Occasional,12.028,2019-10-17,Food & Beverage,Southeast,Spot,2134,3.0,3.0,0.9138333333333334,311.09000000000003,0.3333333333333333,1.0,,1
2619,SMB,5.093,2020-07-17,Automotive,Southeast,Spot,1860,7.0,6.0,1.0103,1912.9699999999998,0.42857142857142855,0.8571428571428571,,0
2620,Occasional,9.084,2024-04-06,Manufacturing,West,Spot,501,1.0,1.0,0.8285,422.63,0.0,1.0,,1
2621,Occasional,12.716,2021-10-14,Apparel,West,Spot,1406,1.0,1.0,1.0461,209.75,0.0,1.0,,0
2623,Mid-Market,3.864,2024-03-04,Electronics,West,Contract,534,11.0,9.0,0.9884909090909091,1025.19,0.36363636363636365,0.8181818181818182,-0.05477500000000002,0
2624,Occasional,8.836,2019-11-09,Pharma,West,Spot,2111,3.0,2.0,0.9643,248.76999999999998,0.6666666666666666,0.6666666666666666,,1
2625,SMB,7.185,2022-03-11,Automotive,Southeast,Spot,1258,5.0,4.0,0.98594,803.28,0.4,0.8,,0
2626,Mid-Market,3.055,2019-03-25,Automotive,West,Spot,2340,11.0,9.0,1.0278363636363637,1809.63,0.09090909090909091,0.8181818181818182,0.11016666666666675,0
2627,SMB,5.11,2022-04-30,Pharma,Northeast,Spot,1208,2.0,1.0,1.0751,65.86,0.5,0.5,,0
2628,Mid-Market,4.203,2020-06-30,Retail,Midwest,Contract,1877,6.0,6.0,1.0036500000000002,813.0099999999999,0.5,1.0,,0
2629,Mid-Market,5.279,2025-01-27,Electronics,Northeast,Contract,205,5.0,4.0,0.94906,1643.74,0.0,0.8,,0
2630,Mid-Market,6.649,2020-09-27,Automotive,Southeast,Contract,1788,9.0,8.0,0.9712111111111111,1229.02,0.3333333333333333,0.8888888888888888,0.05105000000000004,0
2631,Mid-Market,4.655,2020-05-02,Retail,Midwest,Contract,1936,6.0,6.0,0.9992666666666666,1636.02,0.3333333333333333,1.0,0.1474000000000001,0
2632,SMB,4.815,2019-02-04,Apparel,Northeast,Spot,2389,4.0,3.0,0.9969250000000001,733.12,1.0,0.75,,0
2634,SMB,6.887,2020-06-10,Automotive,Midwest,Spot,1897,5.0,4.0,0.9608800000000001,576.73,0.0,0.8,,0
2635,SMB,7.228,2020-07-09,Manufacturing,Midwest,Contract,1868,4.0,3.0,0.92085,690.47,0.25,0.75,0.05390000000000006,0
2636,Mid-Market,3.911,2023-12-03,Manufacturing,Northeast,Spot,626,6.0,5.0,1.0151166666666667,560.3299999999999,0.16666666666666666,0.8333333333333334,0.04479999999999995,0
2637,SMB,7.684,2024-12-01,Manufacturing,Northeast,Spot,262,3.0,3.0,0.9812333333333333,261.27,0.3333333333333333,1.0,,0
2638,Mid-Market,3.534,2024-09-13,Food & Beverage,Southeast,Contract,341,16.0,14.0,0.98375,3156.01,0.5,0.875,,0
2639,SMB,7.197,2025-05-17,Pharma,West,Spot,95,3.0,3.0,0.9978000000000001,722.6400000000001,0.3333333333333333,1.0,,0
2640,Mid-Market,5.097,2024-12-27,Retail,West,Contract,236,5.0,5.0,1.0028200000000003,1138.23,0.0,1.0,,0
2641,SMB,7.238,2022-01-14,Pharma,Southeast,Spot,1314,2.0,2.0,0.9666,489.15999999999997,1.0,1.0,,0
2642,SMB,5.418,2021-08-07,Manufacturing,West,Spot,1474,4.0,4.0,0.962175,676.25,0.5,1.0,-0.008566666666666611,0
2643,SMB,6.474,2023-05-01,Pharma,Midwest,Contract,842,5.0,4.0,0.9653600000000001,243.13,0.0,0.8,0.019600000000000062,1
2644,Occasional,10.577,2021-02-16,Electronics,International,Spot,1646,3.0,2.0,1.0370333333333333,220.89999999999998,0.6666666666666666,0.6666666666666666,-0.17840000000000011,0
2645,Mid-Market,3.012,2023-01-10,Industrial,Northeast,Spot,953,11.0,11.0,0.9719545454545454,1500.71,0.2727272727272727,1.0,,0
2647,SMB,4.791,2020-04-27,Automotive,Midwest,Spot,1941,8.0,8.0,0.9664125,1504.1699999999998,0.5,1.0,0.03165000000000007,0
2648,SMB,4.196,2024-02-17,Manufacturing,Southeast,Spot,550,4.0,4.0,1.0257749999999999,1001.77,0.25,1.0,-0.047499999999999876,0
2649,SMB,7.489,2025-03-27,Retail,Northeast,Contract,146,3.0,3.0,0.9617666666666667,461.40000000000003,0.6666666666666666,1.0,,1
2650,Occasional,7.765,2022-08-01,Manufacturing,Northeast,Spot,1115,1.0,1.0,0.949,38.44,0.0,1.0,,0
2651,Occasional,10.85,2021-05-16,Food & Beverage,Southeast,Spot,1557,1.0,1.0,0.9306,52.35,0.0,1.0,,1
2652,Mid-Market,5.095,2020-09-12,Industrial,West,Contract,1803,12.0,12.0,0.9970583333333334,3434.3499999999995,0.3333333333333333,1.0,0.04899999999999993,0
2653,SMB,5.696,2020-02-14,Manufacturing,West,Spot,2014,4.0,4.0,0.9695,534.0,0.75,1.0,,0
2654,SMB,7.647,2021-02-21,Automotive,Northeast,Spot,1641,5.0,5.0,0.9957,837.7800000000001,0.4,1.0,-0.01905000000000001,0
2655,SMB,7.93,2023-12-23,Apparel,West,Spot,606,6.0,6.0,1.0027666666666668,965.59,0.16666666666666666,1.0,,0
2656,Occasional,10.653,2022-06-08,Electronics,Southeast,Spot,1169,2.0,1.0,0.94245,151.42,0.5,0.5,,0
2657,Mid-Market,5.336,2020-06-23,Electronics,International,Contract,1884,11.0,10.0,1.0084272727272727,2271.56,0.18181818181818182,0.9090909090909091,0.1455333333333334,0
2658,SMB,5.857,2022-08-12,Industrial,Northeast,Spot,1104,3.0,2.0,0.9607333333333333,1069.85,0.3333333333333333,0.6666666666666666,0.07300000000000006,0
2659,Mid-Market,4.993,2024-05-24,Apparel,West,Spot,453,9.0,9.0,0.9578333333333333,1715.02,0.1111111111111111,1.0,0.13190000000000002,0
2660,Mid-Market,4.402,2019-02-03,Manufacturing,International,Contract,2390,13.0,13.0,0.9862,2207.01,0.38461538461538464,1.0,0.04518000000000011,0
2661,Occasional,10.611,2019-02-20,Industrial,West,Spot,2373,1.0,1.0,0.8863,134.56,0.0,1.0,,0
2663,Mid-Market,4.754,2023-12-27,Retail,Southeast,Contract,602,10.0,9.0,0.98113,1360.6599999999999,0.1,0.9,-0.08976666666666655,0
2664,Mid-Market,3.9,2022-11-02,Automotive,West,Spot,1022,16.0,16.0,0.97146875,2484.67,0.0625,1.0,0.007349999999999968,0
2665,SMB,7.308,2025-01-15,Automotive,Midwest,Spot,217,2.0,2.0,0.86625,295.35,0.5,1.0,,0
2666,SMB,5.807,2022-12-05,Food & Beverage,Southeast,Spot,989,10.0,9.0,0.98493,2490.96,0.2,0.9,0.012183333333333213,0
2667,Occasional,8.22,2022-06-21,Apparel,International,Spot,1156,3.0,3.0,0.9268333333333333,719.8199999999999,0.3333333333333333,1.0,,0
2668,Enterprise,2.288,2020-05-29,Manufacturing,Southeast,Contract,1909,15.0,15.0,1.0487933333333332,2657.42,0.26666666666666666,1.0,-0.03461333333333316,0
2669,SMB,4.385,2024-05-27,Automotive,Southeast,Spot,450,8.0,7.0,0.9816374999999999,1386.8200000000002,0.375,0.875,0.04139999999999999,0
2670,SMB,6.748,2024-02-06,Electronics,International,Spot,561,6.0,6.0,0.9552499999999999,739.3,0.0,1.0,,1
2671,SMB,6.035,2020-12-20,Electronics,Southeast,Spot,1704,4.0,3.0,0.984575,178.31,0.0,0.75,0.007699999999999929,0
2672,SMB,6.072,2023-12-01,Pharma,Northeast,Spot,628,6.0,6.0,0.9586666666666667,761.9599999999999,0.0,1.0,0.03759999999999997,0
2673,Mid-Market,6.265,2023-11-06,Electronics,Southeast,Spot,653,13.0,12.0,1.0081461538461538,1795.1999999999998,0.07692307692307693,0.9230769230769231,-0.030449999999999866,0
2674,SMB,8.97,2019-08-20,Pharma,West,Spot,2192,7.0,5.0,1.0220857142857143,434.18000000000006,0.2857142857142857,0.7142857142857143,0.07499999999999996,0
2675,SMB,4.769,2020-01-26,Apparel,West,Contract,2033,11.0,7.0,0.9716454545454546,583.15,0.36363636363636365,0.6363636363636364,0.030158333333333176,0
2676,SMB,7.059,2022-12-19,Food & Beverage,Northeast,Spot,975,4.0,4.0,0.926425,350.28000000000003,0.25,1.0,0.041000000000000036,0
2677,SMB,5.406,2023-02-27,Automotive,Midwest,Spot,905,7.0,6.0,0.9554571428571429,794.22,0.2857142857142857,0.8571428571428571,,0
2678,SMB,7.69,2023-05-22,Food & Beverage,Midwest,Spot,821,4.0,4.0,0.9791500000000001,522.47,0.25,1.0,-0.060800000000000076,0
2679,SMB,6.958,2021-06-27,Industrial,West,Spot,1515,4.0,4.0,0.9494750000000001,283.06,0.0,1.0,,0
2680,Mid-Market,4.283,2024-07-27,Electronics,West,Spot,389,20.0,17.0,0.993315,4578.18,0.25,0.85,0.03063333333333329,0
2681,SMB,7.055,2021-12-21,Apparel,International,Spot,1338,7.0,7.0,1.0133714285714286,1984.3700000000001,0.2857142857142857,1.0,-0.019366666666666532,0
2682,Occasional,8.718,2020-05-16,Pharma,Southeast,Spot,1922,3.0,2.0,0.9375666666666667,853.0699999999999,0.3333333333333333,0.6666666666666666,,0
2683,Mid-Market,5.298,2019-10-08,Industrial,Southeast,Contract,2143,13.0,13.0,1.0088692307692306,2362.1299999999997,0.46153846153846156,1.0,0.05030000000000001,0
2684,SMB,5.466,2024-11-07,Manufacturing,Midwest,Spot,286,2.0,2.0,1.0138500000000001,380.11,0.0,1.0,,0
2685,Mid-Market,2.423,2023-09-18,Manufacturing,Southeast,Contract,702,9.0,8.0,0.9517333333333333,1088.54,0.3333333333333333,0.8888888888888888,-0.08309999999999995,0
2686,SMB,5.681,2022-01-28,Automotive,Midwest,Spot,1300,4.0,3.0,0.9184,498.83000000000004,0.0,0.75,0.00973333333333326,0
2687,Mid-Market,5.749,2020-05-24,Industrial,Northeast,Spot,1914,7.0,7.0,1.0281142857142858,1159.81,0.42857142857142855,1.0,0.03789999999999982,0
2688,SMB,7.713,2019-08-24,Apparel,Northeast,Spot,2188,5.0,5.0,0.8859,1307.19,0.0,1.0,-0.10560000000000003,0
2689,Mid-Market,5.922,2020-01-08,Food & Beverage,International,Contract,2051,12.0,7.0,0.9557166666666667,781.92,0.0,0.5833333333333334,0.034566666666666634,0
2690,SMB,8.725,2019-09-15,Food & Beverage,Northeast,Spot,2166,5.0,4.0,1.0357800000000001,1082.8600000000001,0.2,0.8,0.03136666666666654,0
2692,Mid-Market,4.627,2020-04-26,Apparel,West,Contract,1942,4.0,4.0,0.940875,2209.0499999999997,0.25,1.0,0.08289999999999997,0
2693,Occasional,10.052,2019-11-08,Electronics,Northeast,Spot,2112,1.0,1.0,0.9751,45.82,0.0,1.0,,1
2694,Occasional,11.286,2020-11-19,Retail,Northeast,Spot,1735,2.0,1.0,0.89865,30.18,0.0,0.5,,1
2695,Occasional,9.389,2023-08-31,Retail,Southeast,Spot,720,2.0,1.0,0.9561,153.47,0.5,0.5,,1
2696,Mid-Market,5.103,2022-04-23,Electronics,Midwest,Spot,1215,10.0,9.0,0.97554,3035.13,0.1,0.9,0.07115000000000005,0
2697,SMB,7.176,2020-01-10,Apparel,Southeast,Spot,2049,3.0,3.0,1.0532333333333332,242.0,0.3333333333333333,1.0,,0
2698,Enterprise,2.337,2023-12-29,Food & Beverage,Midwest,Contract,600,13.0,13.0,1.0805692307692307,2911.96,0.23076923076923078,1.0,-0.05654999999999999,0
2699,Mid-Market,5.103,2022-04-07,Pharma,Northeast,Spot,1231,12.0,12.0,0.9981333333333332,2390.9,0.08333333333333333,1.0,0.00517499999999993,0
2701,SMB,5.523,2023-08-11,Electronics,Northeast,Spot,740,2.0,2.0,0.94025,183.88,0.0,1.0,,0
2703,Mid-Market,4.021,2022-08-08,Apparel,Southeast,Spot,1108,10.0,9.0,1.0241,1009.3100000000001,0.4,0.9,-0.0437333333333334,0
2704,SMB,9.513,2020-01-29,Industrial,International,Contract,2030,7.0,7.0,0.9391857142857143,1025.4799999999998,0.2857142857142857,1.0,-0.15800000000000003,1
2705,SMB,6.723,2021-01-23,Automotive,Northeast,Spot,1670,5.0,5.0,0.95662,623.5699999999999,0.2,1.0,,0
2706,SMB,8.354,2022-12-30,Food & Beverage,Midwest,Spot,964,5.0,3.0,0.96546,1086.01,0.4,0.6,,0
2708,Mid-Market,5.092,2025-03-11,Electronics,West,Spot,162,4.0,4.0,0.975975,251.14000000000001,0.5,1.0,,0
2709,Mid-Market,3.872,2025-03-22,Automotive,Midwest,Contract,151,5.0,4.0,1.0248599999999999,495.8,0.4,0.8,,0
2710,SMB,5.712,2024-07-20,Pharma,Northeast,Spot,396,7.0,6.0,0.9759714285714285,1004.7,0.14285714285714285,0.8571428571428571,0.014100000000000001,0
2711,Occasional,8.424,2022-10-31,Automotive,Midwest,Spot,1024,2.0,1.0,0.9852000000000001,265.27,0.5,0.5,,1
2712,Mid-Market,4.052,2023-04-27,Electronics,Southeast,Spot,846,14.0,12.0,0.9697071428571429,1663.81,0.14285714285714285,0.8571428571428571,0.028933333333333366,0
2713,Mid-Market,5.614,2023-11-23,Retail,West,Contract,636,5.0,5.0,0.9871000000000001,606.77,0.0,1.0,,0
2714,Mid-Market,5.477,2023-10-09,Manufacturing,Northeast,Spot,681,10.0,9.0,0.96574,1800.18,0.0,0.9,-0.025289999999999924,0
2715,Occasional,10.126,2023-04-05,Pharma,West,Spot,868,2.0,2.0,0.96245,464.92,0.0,1.0,,1
2716,Mid-Market,3.964,2019-11-23,Industrial,Midwest,Spot,2097,11.0,10.0,1.0064454545454546,2072.58,0.18181818181818182,0.9090909090909091,,0
2717,SMB,6.549,2024-11-12,Apparel,Midwest,Spot,281,1.0,1.0,1.0606,241.31,1.0,1.0,,0
2718,Occasional,11.53,2019-01-24,Automotive,Northeast,Spot,2400,1.0,1.0,0.8425,60.43,0.0,1.0,,1
2719,Enterprise,2.038,2021-11-03,Food & Beverage,West,Contract,1386,21.0,21.0,1.032504761904762,6342.909999999999,0.19047619047619047,1.0,0.018066666666666453,0
2720,SMB,7.343,2021-11-23,Industrial,West,Spot,1366,3.0,3.0,0.9883000000000001,801.8399999999999,0.0,1.0,-0.04610000000000003,0
2722,SMB,5.68,2019-08-06,Manufacturing,Southeast,Contract,2206,5.0,5.0,0.9696999999999999,2234.69,0.2,1.0,-0.11180000000000001,0
2723,Mid-Market,3.94,2022-03-04,Automotive,Northeast,Spot,1265,3.0,2.0,1.0189333333333332,244.29000000000002,0.3333333333333333,0.6666666666666666,-0.012550000000000283,0
2724,Mid-Market,4.019,2021-05-21,Retail,Southeast,Spot,1552,12.0,12.0,0.9757583333333333,1656.29,0.16666666666666666,1.0,0.08686666666666676,0
2725,Mid-Market,5.259,2019-08-26,Pharma,West,Contract,2186,11.0,11.0,0.9928,2020.3899999999999,0.18181818181818182,1.0,-0.13805,0
2726,SMB,5.629,2020-06-28,Food & Beverage,Southeast,Spot,1879,3.0,3.0,1.0092999999999999,1057.49,0.3333333333333333,1.0,0.02069999999999994,0
2727,SMB,7.786,2021-10-24,Electronics,West,Spot,1396,4.0,4.0,0.9597,341.07000000000005,0.0,1.0,-0.15533333333333343,0
2728,Mid-Market,3.7,2025-02-09,Industrial,West,Contract,192,5.0,5.0,0.9808999999999999,1088.63,0.2,1.0,,0
2729,Mid-Market,4.921,2021-08-03,Apparel,West,Spot,1478,11.0,10.0,0.9983454545454545,2574.0299999999993,0.0,0.9090909090909091,0.14593333333333325,0
2730,Occasional,11.997,2024-11-12,Manufacturing,West,Spot,281,1.0,1.0,0.9295,425.0,0.0,1.0,,1
2731,Enterprise,3.233,2023-11-22,Manufacturing,Midwest,Contract,637,17.0,17.0,1.0031058823529413,2910.91,0.23529411764705882,1.0,-0.027000000000000024,0
2732,Mid-Market,5.272,2024-06-17,Retail,Midwest,Contract,429,6.0,6.0,0.9536166666666667,1188.7,0.16666666666666666,1.0,-0.05576666666666663,0
2733,SMB,8.03,2024-09-09,Electronics,Northeast,Spot,345,2.0,2.0,1.02575,183.79000000000002,0.0,1.0,,0
2734,Mid-Market,4.521,2023-10-05,Retail,West,Contract,685,7.0,5.0,0.9841857142857143,1648.06,0.42857142857142855,0.7142857142857143,0.01629999999999998,0
2735,Mid-Market,5.509,2023-11-21,Electronics,International,Spot,638,14.0,13.0,1.0223857142857142,2550.83,0.07142857142857142,0.9285714285714286,,0
2736,SMB,8.415,2020-01-11,Automotive,Midwest,Spot,2048,8.0,7.0,0.9937875,956.1300000000001,0.125,0.875,0.0033999999999999586,0
2737,Mid-Market,4.326,2023-10-13,Automotive,International,Spot,677,10.0,9.0,0.9916,1488.46,0.2,0.9,0.07898333333333318,0
2738,SMB,8.765,2019-04-28,Automotive,International,Contract,2306,5.0,5.0,0.9745000000000001,931.13,0.2,1.0,,0
2739,SMB,6.762,2023-12-01,Food & Beverage,Midwest,Contract,628,3.0,2.0,0.9425666666666667,3227.36,0.0,0.6666666666666666,,0
2740,SMB,6.227,2023-05-12,Apparel,West,Spot,831,8.0,6.0,1.007875,919.47,0.625,0.75,-0.014533333333333509,1
2741,Mid-Market,4.408,2024-01-18,Industrial,Midwest,Spot,580,10.0,10.0,1.0007899999999998,1541.32,0.2,1.0,-0.08635000000000015,0
2742,Occasional,10.699,2023-04-13,Retail,Northeast,Spot,860,4.0,4.0,0.988025,203.27,0.0,1.0,,0
2743,Mid-Market,3.72,2021-06-16,Industrial,Northeast,Contract,1526,9.0,9.0,0.9878333333333332,2054.47,0.4444444444444444,1.0,-0.09132000000000007,0
2744,SMB,8.221,2021-06-18,Apparel,Southeast,Spot,1524,7.0,5.0,0.9414857142857143,969.39,0.14285714285714285,0.7142857142857143,-0.029449999999999976,0
2745,Mid-Market,5.515,2022-12-22,Food & Beverage,West,Contract,972,12.0,9.0,0.99595,1603.1,0.16666666666666666,0.75,-0.11343999999999999,0
2746,SMB,7.456,2022-02-24,Food & Beverage,Southeast,Spot,1273,3.0,2.0,0.9838,248.26,0.3333333333333333,0.6666666666666666,,1
2747,Mid-Market,3.91,2021-04-09,Food & Beverage,West,Contract,1594,6.0,5.0,0.9232999999999999,965.67,0.0,0.8333333333333334,,0
2748,Mid-Market,4.915,2022-04-06,Manufacturing,Midwest,Spot,1232,10.0,9.0,1.03059,2479.63,0.2,0.9,-0.07160000000000011,0
2749,SMB,5.421,2022-07-30,Manufacturing,West,Spot,1117,4.0,4.0,1.0304,728.16,0.0,1.0,0.1319999999999999,0
2750,Enterprise,3.133,2020-08-07,Electronics,Southeast,Contract,1839,17.0,16.0,1.0418823529411765,2401.61,0.17647058823529413,0.9411764705882353,0.02915000000000001,0
2751,Mid-Market,4.536,2023-04-04,Retail,Midwest,Spot,869,8.0,8.0,0.9656875,922.76,0.0,1.0,-0.11096666666666677,0
2752,SMB,5.36,2021-02-03,Pharma,Northeast,Contract,1659,4.0,4.0,0.948975,557.15,0.25,1.0,-0.01629999999999998,0
2753,Occasional,8.841,2020-10-13,Food & Beverage,Southeast,Spot,1772,1.0,1.0,0.9366,134.2,0.0,1.0,,0
2754,Mid-Market,3.652,2021-10-15,Electronics,Northeast,Spot,1405,6.0,5.0,0.9970666666666667,704.6400000000001,0.5,0.8333333333333334,-0.19474999999999987,0
2756,SMB,7.19,2023-01-08,Industrial,Northeast,Spot,955,4.0,4.0,0.95835,500.65,0.25,1.0,-0.022466666666666746,0
2757,Occasional,9.722,2023-11-21,Apparel,Midwest,Spot,638,3.0,3.0,0.9549,440.54,0.3333333333333333,1.0,,1
2759,SMB,6.568,2020-11-21,Apparel,Southeast,Spot,1733,7.0,7.0,0.9639999999999999,1077.92,0.2857142857142857,1.0,-0.0993666666666666,0
2760,SMB,7.887,2022-08-04,Electronics,West,Spot,1112,9.0,8.0,0.9549000000000001,1070.9299999999998,0.3333333333333333,0.8888888888888888,0.0795999999999999,0
2761,SMB,7.511,2022-05-11,Manufacturing,Midwest,Spot,1197,6.0,6.0,1.0216666666666667,3068.85,0.16666666666666666,1.0,,0
2762,Occasional,11.478,2023-11-16,Apparel,International,Spot,643,1.0,1.0,1.0013,147.97,1.0,1.0,,0
2763,Mid-Market,4.052,2023-03-02,Automotive,Midwest,Contract,902,12.0,12.0,0.9750916666666667,1886.91,0.16666666666666666,1.0,-0.005849999999999911,0
2764,Mid-Market,5.845,2024-05-19,Apparel,Northeast,Contract,458,4.0,4.0,0.975525,482.17,0.5,1.0,,0
2765,Enterprise,2.869,2024-09-02,Pharma,International,Contract,352,12.0,11.0,1.0538999999999998,2880.19,0.25,0.9166666666666666,0.040126666666666644,0
2766,Occasional,9.494,2019-10-04,Retail,West,Spot,2147,4.0,4.0,0.9203749999999999,149.45,0.25,1.0,,1
2767,SMB,8.196,2021-05-14,Apparel,Midwest,Spot,1559,6.0,6.0,0.9684166666666667,1351.0000000000002,0.16666666666666666,1.0,0.07489999999999997,0
2768,SMB,4.282,2023-05-10,Pharma,Midwest,Spot,833,4.0,3.0,0.97355,215.95,0.25,0.75,,0
2769,Occasional,9.527,2022-08-17,Food & Beverage,Southeast,Contract,1099,2.0,2.0,0.87695,565.5699999999999,0.0,1.0,,1
2770,Occasional,8.882,2022-03-19,Manufacturing,Midwest,Spot,1250,3.0,3.0,0.9469666666666666,408.01,0.0,1.0,-0.04379999999999995,1
2771,Mid-Market,4.781,2020-02-26,Industrial,West,Contract,2002,8.0,7.0,0.9681875,835.64,0.0,0.875,0.06089999999999984,0
2772,SMB,6.904,2022-10-25,Food & Beverage,Midwest,Spot,1030,7.0,7.0,0.9646142857142858,1544.42,0.2857142857142857,1.0,-0.09234999999999993,0
2774,Enterprise,3.586,2019-04-04,Apparel,Northeast,Contract,2330,12.0,12.0,1.0559749999999999,1667.6200000000001,0.25,1.0,-0.01244999999999985,0
2775,SMB,7.434,2022-12-11,Food & Beverage,Northeast,Spot,983,4.0,4.0,0.9459,526.28,0.25,1.0,,0
2776,Mid-Market,3.692,2025-01-15,Pharma,Southeast,Spot,217,5.0,4.0,0.9949999999999999,761.89,0.2,0.8,,0
2777,SMB,4.768,2022-10-29,Apparel,Southeast,Spot,1026,4.0,3.0,1.0352000000000001,193.14999999999998,0.25,0.75,-0.08065000000000011,0
2779,Mid-Market,4.875,2021-05-08,Manufacturing,Northeast,Spot,1565,12.0,11.0,1.0322166666666666,1490.83,0.16666666666666666,0.9166666666666666,-0.0020400000000000418,0
2780,Mid-Market,4.468,2019-01-09,Manufacturing,Southeast,Spot,2415,9.0,7.0,0.9845777777777778,1421.98,0.2222222222222222,0.7777777777777778,0.10937499999999989,0
2781,Mid-Market,7.709,2023-07-19,Industrial,Northeast,Spot,763,9.0,9.0,0.9689111111111112,1839.61,0.2222222222222222,1.0,,0
2782,Mid-Market,4.857,2020-06-02,Pharma,Midwest,Contract,1905,5.0,5.0,0.9696400000000001,918.98,0.0,1.0,-0.043199999999999905,0
2783,SMB,5.591,2019-01-24,Food & Beverage,Midwest,Spot,2400,6.0,5.0,0.9883166666666666,442.26000000000005,0.16666666666666666,0.8333333333333334,-0.058700000000000085,0
2784,Mid-Market,4.257,2020-03-14,Electronics,Midwest,Contract,1985,8.0,6.0,0.9876375,993.44,0.375,0.75,,0
2785,Mid-Market,5.878,2025-03-24,Apparel,International,Contract,149,2.0,2.0,0.96265,213.63,0.0,1.0,,0
2786,SMB,6.626,2024-03-17,Industrial,International,Spot,521,4.0,4.0,0.9979,617.21,0.0,1.0,-0.10565000000000002,0
2787,SMB,8.553,2020-10-31,Automotive,West,Spot,1754,10.0,9.0,0.9760200000000001,1864.6100000000004,0.2,0.9,0.037866666666666604,0
2788,SMB,9.027,2022-12-27,Pharma,West,Contract,967,3.0,3.0,0.8858666666666667,1035.6299999999999,0.0,1.0,,0
2789,Occasional,8.541,2021-04-06,Food & Beverage,Southeast,Spot,1597,1.0,1.0,1.0706,186.03,1.0,1.0,,0
2790,Mid-Market,2.943,2020-03-07,Automotive,Midwest,Contract,1992,9.0,9.0,0.9564999999999999,2013.3700000000003,0.0,1.0,,0
2792,Enterprise,2.505,2024-06-05,Food & Beverage,West,Contract,441,16.0,15.0,1.01550625,2772.9300000000003,0.1875,0.9375,,0
2793,SMB,5.623,2021-06-04,Industrial,Northeast,Spot,1538,4.0,4.0,0.93575,289.43,0.0,1.0,,0
2794,Occasional,11.549,2021-05-10,Automotive,Northeast,Spot,1563,1.0,1.0,0.8235,328.87,0.0,1.0,,0
2795,Occasional,8.416,2024-06-08,Automotive,Northeast,Spot,438,2.0,2.0,0.9956499999999999,399.01,0.5,1.0,0.006700000000000039,0
2796,SMB,7.232,2022-01-27,Retail,Midwest,Spot,1301,4.0,3.0,1.065725,702.11,0.5,0.75,-0.09396666666666675,0
2797,SMB,7.271,2021-07-06,Manufacturing,West,Spot,1506,4.0,4.0,0.9558,787.96,0.0,1.0,,0
2798,Mid-Market,4.685,2021-08-01,Electronics,Northeast,Spot,1480,12.0,10.0,1.015175,1604.0700000000002,0.16666666666666666,0.8333333333333334,,0
2799,SMB,7.065,2021-12-23,Automotive,Midwest,Spot,1336,3.0,2.0,1.0188333333333333,238.46999999999997,0.0,0.6666666666666666,,0
2800,SMB,7.079,2022-06-23,Retail,Southeast,Spot,1154,7.0,6.0,0.9860428571428572,1366.17,0.2857142857142857,0.8571428571428571,0.0847,0
2802,SMB,6.964,2022-03-15,Retail,Northeast,Spot,1254,9.0,9.0,0.9652777777777778,2335.59,0.2222222222222222,1.0,-0.015216666666666656,0
2803,Enterprise,4.116,2021-12-07,Manufacturing,Northeast,Contract,1352,18.0,16.0,1.0428555555555556,2763.0099999999998,0.3333333333333333,0.8888888888888888,-0.10813333333333319,0
2804,SMB,8.625,2020-10-30,Industrial,Midwest,Spot,1755,7.0,5.0,1.0398142857142856,684.52,0.14285714285714285,0.7142857142857143,-0.014000000000000012,1
2805,Mid-Market,6.395,2021-05-15,Apparel,Midwest,Contract,1558,13.0,11.0,0.9700384615384615,2001.9499999999998,0.23076923076923078,0.8461538461538461,-0.021549999999999958,0
2806,Mid-Market,4.495,2021-10-30,Apparel,West,Spot,1390,13.0,10.0,1.0272846153846154,3143.16,0.15384615384615385,0.7692307692307693,0.011220000000000008,0
2807,Mid-Market,3.04,2021-06-10,Electronics,Midwest,Contract,1532,4.0,4.0,0.996075,609.94,0.25,1.0,0.02895000000000003,0
2808,SMB,7.923,2025-01-20,Apparel,International,Contract,212,1.0,1.0,1.0547,110.8,0.0,1.0,,0
2809,Mid-Market,4.244,2022-07-10,Automotive,Southeast,Spot,1137,16.0,16.0,1.00761875,3808.06,0.375,1.0,0.07977500000000004,0
2810,Mid-Market,5.909,2022-05-09,Pharma,Southeast,Spot,1199,9.0,9.0,1.0023444444444445,1337.8600000000001,0.2222222222222222,1.0,0.02685000000000004,0
2811,Enterprise,2.486,2020-10-02,Automotive,International,Contract,1783,14.0,13.0,1.0373785714285713,3190.5499999999997,0.2857142857142857,0.9285714285714286,-0.022350000000000092,0
2812,Occasional,7.415,2025-02-09,Pharma,Northeast,Spot,192,2.0,2.0,0.98515,64.62,0.0,1.0,,0
2813,SMB,5.328,2019-02-26,Electronics,West,Spot,2367,5.0,5.0,0.9857199999999999,1120.15,0.4,1.0,0.08594999999999997,0
2814,Enterprise,2.728,2022-09-01,Apparel,Northeast,Contract,1084,10.0,9.0,1.0401,2284.54,0.2,0.9,0.0872666666666666,0
2815,Enterprise,2.401,2020-02-16,Industrial,Midwest,Spot,2012,16.0,16.0,1.053525,4739.540000000001,0.3125,1.0,0.005773333333333408,0
2816,SMB,7.555,2024-02-16,Automotive,Northeast,Spot,551,7.0,7.0,0.9756285714285714,1290.7099999999998,0.2857142857142857,1.0,-0.08250000000000002,0
2817,Mid-Market,4.938,2021-07-10,Food & Beverage,Midwest,Contract,1502,14.0,13.0,0.9474428571428571,2375.0800000000004,0.35714285714285715,0.9285714285714286,-0.04464999999999997,0
2818,SMB,7.671,2020-12-15,Pharma,West,Spot,1709,3.0,3.0,0.9877333333333334,1282.95,0.3333333333333333,1.0,,0
2819,SMB,6.978,2019-05-22,Industrial,Northeast,Spot,2282,2.0,2.0,1.00755,446.61,0.5,1.0,,0
2820,Occasional,9.947,2024-04-08,Apparel,Northeast,Spot,499,3.0,3.0,0.9440333333333334,264.8,0.0,1.0,,1
2821,Mid-Market,3.845,2021-08-23,Pharma,Southeast,Contract,1458,9.0,9.0,0.9638777777777778,1762.9099999999999,0.3333333333333333,1.0,-0.1493,0
2822,SMB,7.958,2020-10-05,Electronics,Southeast,Contract,1780,2.0,2.0,0.9521,159.82999999999998,0.0,1.0,0.1362,0
2823,Enterprise,2.786,2024-08-17,Industrial,Southeast,Contract,368,20.0,19.0,1.053355,3423.42,0.2,0.95,-0.04859999999999998,0
2824,Occasional,10.987,2019-02-17,Industrial,International,Spot,2376,2.0,1.0,0.95575,1315.76,1.0,0.5,,1
2825,Occasional,11.399,2022-02-15,Retail,Northeast,Spot,1282,1.0,1.0,0.9162,22.59,0.0,1.0,,0
2826,SMB,6.826,2020-01-27,Retail,Southeast,Spot,2032,5.0,3.0,1.01058,1161.02,0.2,0.6,-0.014900000000000024,0
2827,SMB,6.841,2019-11-06,Retail,Southeast,Contract,2114,4.0,4.0,0.9394,361.13,0.25,1.0,0.016550000000000065,0
2828,Mid-Market,3.983,2019-02-22,Food & Beverage,Southeast,Contract,2371,10.0,9.0,0.9815999999999999,1251.62,0.2,0.9,,1
2829,SMB,6.745,2020-03-31,Manufacturing,Southeast,Spot,1968,9.0,9.0,0.9882555555555557,1198.96,0.2222222222222222,1.0,-0.10981666666666667,0
2830,SMB,4.178,2025-04-25,Industrial,West,Spot,117,2.0,2.0,0.98635,112.67,0.5,1.0,,0
2831,Mid-Market,4.096,2021-12-20,Industrial,Midwest,Spot,1339,11.0,10.0,0.9833818181818181,1537.52,0.09090909090909091,0.9090909090909091,0.15951666666666642,0
2833,SMB,5.798,2020-10-12,Automotive,Southeast,Spot,1773,6.0,5.0,1.0222833333333334,1174.65,0.16666666666666666,0.8333333333333334,0.02189999999999992,0
2834,SMB,5.176,2024-01-31,Manufacturing,Midwest,Spot,567,3.0,3.0,1.0367666666666666,860.3000000000001,0.6666666666666666,1.0,,0
2836,SMB,7.205,2019-09-21,Electronics,West,Spot,2160,6.0,4.0,1.0023333333333333,2018.6,0.16666666666666666,0.6666666666666666,,0
2837,SMB,6.564,2019-02-09,Retail,International,Spot,2384,3.0,3.0,0.9543333333333334,379.56999999999994,0.0,1.0,,0
2838,Mid-Market,4.925,2024-12-28,Food & Beverage,Southeast,Contract,235,9.0,9.0,0.9895222222222222,2521.87,0.2222222222222222,1.0,,0
2839,Mid-Market,5.804,2023-06-24,Automotive,International,Contract,788,10.0,10.0,0.98529,3567.08,0.2,1.0,0.060350000000000015,0
2840,Enterprise,3.018,2023-12-17,Industrial,West,Contract,612,13.0,12.0,1.0478846153846153,2107.75,0.23076923076923078,0.9230769230769231,0.05097499999999999,0
2841,SMB,5.922,2025-03-08,Retail,West,Spot,165,4.0,4.0,0.9647749999999999,214.79,0.25,1.0,,0
2842,SMB,6.955,2021-03-20,Automotive,West,Spot,1614,5.0,4.0,0.8965400000000001,410.46000000000004,0.0,0.8,-0.01464999999999994,0
2843,SMB,7.79,2023-10-26,Electronics,International,Spot,664,3.0,3.0,0.9376333333333333,499.30999999999995,0.3333333333333333,1.0,,0
2844,Mid-Market,5.547,2022-05-08,Food & Beverage,Southeast,Contract,1200,6.0,5.0,0.9751,1121.55,0.5,0.8333333333333334,-0.11674999999999991,0
2845,Mid-Market,5.01,2022-08-14,Retail,West,Contract,1102,13.0,11.0,0.9782769230769232,1648.06,0.23076923076923078,0.8461538461538461,0.10050000000000014,0
2846,SMB,5.608,2023-05-31,Industrial,West,Spot,812,5.0,5.0,0.9804600000000001,467.66999999999996,0.0,1.0,,0
2847,Mid-Market,3.402,2022-02-18,Automotive,West,Contract,1279,15.0,14.0,0.9717733333333333,3029.2799999999997,0.26666666666666666,0.9333333333333333,-0.024366666666666537,0
2848,Enterprise,2.543,2019-02-28,Apparel,West,Contract,2365,14.0,13.0,1.0344642857142856,1955.49,0.21428571428571427,0.9285714285714286,-0.02956666666666652,0
2849,SMB,6.594,2019-07-02,Apparel,Northeast,Contract,2241,2.0,2.0,0.97195,913.19,1.0,1.0,,0
2850,Mid-Market,3.405,2022-05-06,Automotive,Southeast,Spot,1202,7.0,6.0,0.9703857142857143,2466.03,0.42857142857142855,0.8571428571428571,0.23224999999999996,0
2851,Mid-Market,5.08,2022-10-19,Manufacturing,Southeast,Contract,1036,8.0,8.0,0.9479124999999999,1862.27,0.125,1.0,0.09203333333333341,0
2852,SMB,7.642,2023-11-19,Manufacturing,West,Spot,640,4.0,4.0,0.9859249999999999,588.95,0.0,1.0,-0.050899999999999945,0
2853,SMB,4.277,2022-10-25,Retail,West,Spot,1030,2.0,2.0,0.97575,525.24,0.5,1.0,,0
2854,Mid-Market,3.389,2020-04-03,Food & Beverage,West,Contract,1965,16.0,15.0,0.96069375,3889.41,0.1875,0.9375,-0.008641666666666659,0
2855,SMB,6.531,2021-06-12,Food & Beverage,West,Spot,1530,5.0,5.0,0.94266,556.94,0.2,1.0,,0
2856,Occasional,9.125,2021-12-16,Retail,Midwest,Spot,1343,2.0,2.0,1.05765,178.72,0.5,1.0,,0
2858,SMB,6.439,2022-07-20,Retail,Midwest,Contract,1127,4.0,4.0,0.9414750000000001,657.03,0.0,1.0,,0
2859,SMB,5.998,2023-03-27,Automotive,West,Spot,877,3.0,3.0,1.0387666666666668,1211.24,0.3333333333333333,1.0,-0.12295000000000023,0
2860,SMB,6.765,2023-11-27,Apparel,Midwest,Contract,632,5.0,4.0,0.9263199999999999,504.87,0.0,0.8,,0
2861,Mid-Market,4.397,2021-06-01,Automotive,West,Contract,1541,12.0,12.0,1.0000083333333334,2539.31,0.3333333333333333,1.0,-0.006050000000000111,0
2863,Mid-Market,4.874,2023-07-02,Automotive,Southeast,Spot,780,10.0,10.0,0.9535199999999999,1189.75,0.2,1.0,-0.04469999999999996,0
2864,Mid-Market,3.576,2024-08-27,Pharma,West,Contract,358,8.0,6.0,0.974075,960.12,0.125,0.75,0.09429999999999994,0
2865,Mid-Market,3.678,2023-12-30,Automotive,Midwest,Spot,599,6.0,5.0,1.0017833333333332,1321.5700000000002,0.16666666666666666,0.8333333333333334,-0.03320000000000001,0
2866,Mid-Market,4.515,2023-02-22,Apparel,Southeast,Spot,910,11.0,11.0,0.9797272727272728,1954.26,0.36363636363636365,1.0,0.016249999999999987,0
2867,Mid-Market,5.053,2019-03-17,Apparel,Northeast,Spot,2348,12.0,12.0,1.0383,3287.24,0.25,1.0,0.14323333333333343,0
2868,SMB,6.211,2022-11-22,Retail,Southeast,Contract,1002,5.0,4.0,0.9532400000000001,374.54999999999995,0.2,0.8,,0
2869,Occasional,9.719,2019-11-12,Apparel,Northeast,Spot,2108,2.0,2.0,0.96085,558.13,0.5,1.0,,0
2870,Enterprise,3.488,2023-01-08,Food & Beverage,Midwest,Contract,955,13.0,13.0,1.0331846153846154,3900.2599999999993,0.07692307692307693,1.0,-0.043233333333333235,0
2871,SMB,6.95,2023-09-04,Automotive,Northeast,Contract,716,5.0,5.0,0.9717800000000001,1108.48,0.0,1.0,0.13226666666666675,0
2872,SMB,8.994,2022-08-20,Apparel,Southeast,Spot,1096,3.0,3.0,0.9716666666666667,1205.09,0.0,1.0,,0
2873,Enterprise,2.72,2021-01-21,Retail,Midwest,Contract,1672,22.0,21.0,1.0602727272727273,3642.0999999999995,0.2727272727272727,0.9545454545454546,0.058250000000000135,0
2874,Mid-Market,5.555,2019-05-25,Industrial,Southeast,Contract,2279,14.0,11.0,0.97065,2727.93,0.14285714285714285,0.7857142857142857,-0.023900000000000143,0
2875,Mid-Market,5.146,2023-06-23,Retail,West,Spot,789,8.0,8.0,0.975925,1725.4499999999998,0.0,1.0,-0.0474,0
2876,Mid-Market,4.666,2023-08-28,Electronics,Southeast,Spot,723,11.0,10.0,1.0109727272727271,1464.83,0.09090909090909091,0.9090909090909091,-0.05317500000000008,0
2877,Mid-Market,3.928,2022-03-09,Manufacturing,Northeast,Contract,1260,13.0,13.0,0.9716923076923076,3447.75,0.23076923076923078,1.0,-0.06855999999999984,0
2878,Mid-Market,3.636,2023-10-11,Industrial,International,Contract,679,15.0,13.0,1.00706,2074.66,0.5333333333333333,0.8666666666666667,0.08193333333333319,0
2879,SMB,5.94,2024-03-12,Manufacturing,West,Spot,526,8.0,8.0,0.9799375,1127.8,0.25,1.0,-0.07539999999999991,0
2880,Enterprise,2.735,2022-06-01,Automotive,West,Contract,1176,14.0,12.0,1.0585857142857142,1946.3,0.07142857142857142,0.8571428571428571,-0.02154166666666657,0
2881,Mid-Market,4.14,2019-04-27,Manufacturing,West,Contract,2307,9.0,8.0,0.9907444444444445,682.9100000000001,0.0,0.8888888888888888,-0.11109999999999998,0
2882,Mid-Market,4.969,2024-10-20,Apparel,Northeast,Contract,304,11.0,10.0,0.954990909090909,3089.63,0.36363636363636365,0.9090909090909091,,0
2883,SMB,8.778,2022-02-10,Retail,West,Spot,1287,3.0,3.0,0.9921666666666668,532.09,0.6666666666666666,1.0,,0
2884,Mid-Market,4.903,2023-06-26,Food & Beverage,Northeast,Contract,786,11.0,9.0,0.9759181818181818,2163.9,0.36363636363636365,0.8181818181818182,,0
2885,SMB,6.606,2025-01-27,Pharma,Midwest,Spot,205,1.0,1.0,0.9869,460.59,0.0,1.0,,0
2886,Mid-Market,2.71,2021-06-02,Apparel,Northeast,Contract,1540,10.0,10.0,0.94676,1000.7799999999999,0.2,1.0,0.10079999999999989,0
2887,Enterprise,2.146,2023-02-23,Automotive,West,Contract,909,19.0,17.0,1.0408947368421053,2455.3799999999997,0.15789473684210525,0.8947368421052632,0.03700476190476176,0
2888,Occasional,8.554,2019-02-17,Automotive,Southeast,Spot,2376,3.0,3.0,0.8923333333333333,408.86,0.0,1.0,,1
2889,Mid-Market,3.893,2024-11-25,Pharma,Southeast,Contract,268,7.0,7.0,1.0267857142857142,2343.38,0.14285714285714285,1.0,,0
2890,Mid-Market,5.684,2019-05-25,Electronics,Northeast,Spot,2279,12.0,11.0,0.964025,2854.6999999999994,0.5,0.9166666666666666,0.048728571428571454,0
2891,Mid-Market,4.671,2022-08-10,Electronics,West,Spot,1106,13.0,11.0,0.9988461538461538,2371.86,0.0,0.8461538461538461,-0.004824999999999857,0
2892,Occasional,9.645,2021-05-06,Industrial,Southeast,Spot,1567,3.0,3.0,0.9093,396.09,0.0,1.0,,1
2893,SMB,8.738,2019-03-29,Pharma,Midwest,Spot,2336,6.0,5.0,0.9611333333333333,1012.6600000000001,0.16666666666666666,0.8333333333333334,,0
2894,SMB,7.5,2022-01-30,Industrial,Southeast,Spot,1298,8.0,7.0,0.9719375,746.8399999999999,0.375,0.875,0.026450000000000085,0
2895,Occasional,9.302,2025-03-28,Food & Beverage,West,Spot,145,1.0,1.0,0.9292,126.27,0.0,1.0,,1
2896,Mid-Market,3.325,2020-02-11,Food & Beverage,Northeast,Spot,2017,6.0,6.0,1.0578666666666667,1233.01,0.3333333333333333,1.0,,0
2897,Occasional,8.893,2020-12-12,Automotive,International,Spot,1712,3.0,2.0,0.9984333333333333,440.51,0.0,0.6666666666666666,,0
2898,Mid-Market,6.72,2020-04-06,Apparel,Southeast,Spot,1962,12.0,12.0,1.0018416666666667,2609.31,0.16666666666666666,1.0,-0.12156,0
2899,SMB,6.969,2019-11-01,Manufacturing,Northeast,Contract,2119,8.0,8.0,0.9439124999999999,851.8299999999999,0.25,1.0,,0
2900,Mid-Market,4.574,2020-07-14,Pharma,Southeast,Spot,1863,13.0,11.0,1.0103307692307693,2232.3300000000004,0.15384615384615385,0.8461538461538461,0.056599999999999984,0
2901,Mid-Market,4.946,2022-10-24,Manufacturing,Northeast,Contract,1031,15.0,14.0,0.9528466666666666,5187.43,0.2,0.9333333333333333,-0.10285,0
2903,Mid-Market,4.96,2023-08-08,Retail,Southeast,Spot,743,13.0,12.0,1.0053307692307691,1956.9599999999998,0.23076923076923078,0.9230769230769231,0.051875000000000004,0
2904,Occasional,9.523,2024-02-22,Automotive,West,Spot,545,1.0,1.0,0.9998,66.59,0.0,1.0,,0
2905,Mid-Market,4.269,2023-10-09,Industrial,Midwest,Contract,681,12.0,11.0,0.9705750000000001,3378.89,0.4166666666666667,0.9166666666666666,0.029999999999999916,0
2906,SMB,6.521,2021-07-21,Retail,Northeast,Spot,1491,4.0,4.0,0.980525,752.6,0.0,1.0,0.017199999999999993,1
2908,Enterprise,2.809,2020-02-24,Retail,Northeast,Contract,2004,16.0,16.0,1.036475,1629.85,0.125,1.0,0.020473333333333343,0
2909,Occasional,8.412,2023-08-31,Electronics,Northeast,Spot,720,1.0,1.0,0.8405,72.2,0.0,1.0,,0
2910,SMB,5.851,2019-09-28,Electronics,Southeast,Spot,2153,7.0,6.0,0.9764571428571429,709.87,0.14285714285714285,0.8571428571428571,,0
2911,SMB,6.691,2024-02-08,Pharma,Northeast,Spot,559,4.0,3.0,1.005375,942.8,0.25,0.75,,0
2912,Mid-Market,3.945,2019-08-01,Industrial,Northeast,Contract,2211,5.0,5.0,1.01222,554.56,0.4,1.0,-0.11840000000000006,0
2913,SMB,7.677,2020-06-10,Food & Beverage,International,Spot,1897,3.0,2.0,0.9977333333333332,835.02,0.0,0.6666666666666666,,0
2914,SMB,6.584,2021-08-10,Food & Beverage,West,Spot,1471,5.0,4.0,1.0109,758.5,0.4,0.8,,0
2915,SMB,6.22,2023-08-19,Retail,International,Spot,732,6.0,5.0,0.9479500000000001,1848.03,0.3333333333333333,0.8333333333333334,-0.033950000000000036,0
2916,Mid-Market,6.51,2019-04-21,Industrial,Southeast,Contract,2313,10.0,10.0,0.9566000000000001,1758.9299999999998,0.4,1.0,0.032200000000000006,0
2917,Mid-Market,5.503,2020-09-18,Electronics,West,Contract,1797,6.0,6.0,1.00215,1337.41,0.16666666666666666,1.0,,0
2918,Occasional,11.532,2021-03-23,Food & Beverage,Southeast,Spot,1611,1.0,1.0,1.0033,27.7,0.0,1.0,,0
2919,Enterprise,2.533,2023-11-16,Retail,Northeast,Contract,643,23.0,21.0,1.0267565217391306,5512.67,0.21739130434782608,0.9130434782608695,0.05089166666666678,0
2922,Enterprise,2.296,2022-05-20,Industrial,Southeast,Contract,1188,13.0,13.0,1.0092384615384615,3358.4199999999996,0.15384615384615385,1.0,-0.16736666666666677,0
2923,Mid-Market,5.34,2021-03-29,Electronics,West,Contract,1605,14.0,11.0,0.98295,2226.91,0.42857142857142855,0.7857142857142857,-0.12079999999999991,0
2924,SMB,7.791,2024-06-26,Pharma,Midwest,Spot,420,7.0,6.0,0.9731142857142857,1230.1799999999998,0.42857142857142855,0.8571428571428571,-0.0036600000000001076,0
2925,Enterprise,2.212,2019-09-19,Industrial,Midwest,Contract,2162,20.0,19.0,1.0542799999999999,3077.0700000000006,0.45,0.95,0.061013333333333364,0
2926,SMB,8.07,2019-11-11,Electronics,Southeast,Contract,2109,3.0,2.0,0.9418666666666667,405.48,1.0,0.6666666666666666,,0
2927,SMB,5.799,2020-05-04,Electronics,Northeast,Spot,1934,7.0,7.0,0.9606714285714286,2226.55,0.42857142857142855,1.0,0.14750000000000008,0
2928,SMB,5.798,2020-10-14,Retail,International,Spot,1771,6.0,5.0,1.0000166666666666,965.5100000000001,0.3333333333333333,0.8333333333333334,-0.004566666666666608,0
2929,Mid-Market,5.119,2022-01-28,Industrial,Northeast,Contract,1300,5.0,5.0,0.9973600000000001,945.0799999999999,0.4,1.0,-0.0782666666666667,0
2931,SMB,8.433,2023-05-03,Manufacturing,Northeast,Spot,840,4.0,3.0,1.002775,445.43,0.25,0.75,,0
2932,Mid-Market,3.697,2021-07-22,Manufacturing,International,Spot,1490,14.0,13.0,1.027,2047.3899999999999,0.21428571428571427,0.9285714285714286,0.04779,0
2933,SMB,7.975,2020-05-30,Apparel,West,Spot,1908,5.0,4.0,0.9747600000000001,1885.06,0.6,0.8,-0.052166666666666583,0
2934,Occasional,6.873,2023-04-28,Electronics,Southeast,Spot,845,2.0,2.0,0.9686,136.89,0.0,1.0,,1
2935,SMB,5.098,2020-09-08,Apparel,International,Contract,1807,7.0,7.0,0.9590285714285715,1229.84,0.0,1.0,-0.0013499999999999623,0
2937,Mid-Market,5.75,2022-03-09,Retail,West,Spot,1260,7.0,6.0,1.0236571428571428,1608.8300000000002,0.2857142857142857,0.8571428571428571,,0
2938,Mid-Market,3.841,2022-09-03,Electronics,Northeast,Spot,1082,15.0,15.0,1.0093333333333334,3870.4200000000005,0.26666666666666666,1.0,-0.005866666666666909,0
2939,Mid-Market,4.855,2025-01-09,Retail,Southeast,Contract,223,9.0,9.0,0.9761666666666667,1476.78,0.2222222222222222,1.0,,0
2940,Enterprise,3.936,2021-01-13,Retail,Northeast,Spot,1680,13.0,13.0,1.0430153846153847,2512.0699999999997,0.46153846153846156,1.0,0.04624666666666655,0
2941,Occasional,6.785,2022-02-22,Food & Beverage,International,Spot,1275,3.0,3.0,0.9708333333333333,372.31,0.3333333333333333,1.0,,0
2942,Mid-Market,3.125,2022-07-19,Electronics,International,Spot,1128,8.0,6.0,0.9964500000000001,1612.26,0.375,0.75,-0.05527499999999996,0
2943,SMB,5.483,2020-10-22,Retail,Midwest,Contract,1763,4.0,4.0,0.98,984.96,0.5,1.0,,0
2944,Mid-Market,2.763,2019-05-14,Food & Beverage,Northeast,Contract,2290,14.0,14.0,0.9965357142857142,2708.6999999999994,0.2857142857142857,1.0,0.022938095238095202,0
2945,Mid-Market,4.886,2020-11-21,Food & Beverage,Southeast,Spot,1733,13.0,13.0,0.9828769230769231,2498.13,0.23076923076923078,1.0,-0.00950833333333323,0
2946,Mid-Market,3.872,2019-10-01,Industrial,Southeast,Spot,2150,7.0,6.0,0.9742857142857143,1103.8600000000001,0.14285714285714285,0.8571428571428571,-0.022166666666666557,0
2947,Mid-Market,2.81,2023-07-04,Apparel,Southeast,Spot,778,7.0,6.0,0.9250571428571428,1093.79,0.14285714285714285,0.8571428571428571,-0.09129999999999994,0
2948,SMB,6.279,2019-01-18,Food & Beverage,Northeast,Spot,2406,4.0,3.0,0.960725,703.16,0.0,0.75,,0
2949,Occasional,7.269,2021-02-09,Food & Beverage,Midwest,Spot,1653,1.0,1.0,0.9198,289.98,1.0,1.0,,0
2951,Mid-Market,5.087,2022-10-16,Food & Beverage,International,Contract,1039,9.0,8.0,0.994611111111111,1200.38,0.2222222222222222,0.8888888888888888,,0
2952,SMB,8.525,2023-06-23,Pharma,Midwest,Spot,789,5.0,5.0,0.9921600000000002,1506.91,0.2,1.0,0.1361,0
2953,Mid-Market,6.508,2023-06-16,Retail,Southeast,Spot,796,9.0,9.0,1.029088888888889,757.59,0.0,1.0,-0.10000000000000009,0
2954,Occasional,10.233,2020-12-27,Industrial,Midwest,Spot,1697,6.0,5.0,0.9448666666666666,738.74,0.3333333333333333,0.8333333333333334,-0.04160000000000008,0
2955,SMB,4.893,2023-03-20,Pharma,Northeast,Spot,884,11.0,9.0,1.0189454545454544,2186.8,0.36363636363636365,0.8181818181818182,,0
2956,Mid-Market,5.851,2020-06-22,Automotive,Midwest,Contract,1885,11.0,11.0,0.9645818181818182,2384.5199999999995,0.09090909090909091,1.0,0.08520000000000005,0
2957,Mid-Market,4.368,2023-03-28,Electronics,West,Contract,876,6.0,4.0,0.9897666666666667,436.59000000000003,0.16666666666666666,0.6666666666666666,-0.08120000000000005,0
2958,Enterprise,2.468,2023-07-22,Automotive,Northeast,Contract,760,10.0,9.0,1.0364200000000001,2231.41,0.4,0.9,-0.008890000000000065,0
2959,Mid-Market,4.608,2024-11-03,Electronics,Southeast,Spot,290,8.0,8.0,1.0401125,1268.0,0.25,1.0,-0.04710000000000014,0
2961,SMB,4.657,2019-02-28,Pharma,Midwest,Spot,2365,2.0,2.0,0.9578,120.53,0.0,1.0,,0
2962,Occasional,9.075,2020-12-29,Apparel,Midwest,Spot,1695,1.0,1.0,0.7969,19.41,0.0,1.0,,1
2963,Mid-Market,5.399,2022-08-25,Manufacturing,West,Contract,1091,10.0,10.0,1.02319,1845.1599999999999,0.2,1.0,0.03659166666666669,0
2964,SMB,5.606,2021-02-21,Industrial,Midwest,Spot,1641,4.0,4.0,0.9771000000000001,320.55,0.25,1.0,,0
2965,Mid-Market,5.61,2023-02-15,Manufacturing,Northeast,Contract,917,11.0,9.0,1.0074454545454545,1115.76,0.18181818181818182,0.8181818181818182,0.0848000000000001,0
2966,SMB,6.945,2024-09-11,Retail,West,Spot,343,4.0,2.0,0.982775,295.09000000000003,0.0,0.5,,1
2967,Mid-Market,4.291,2020-09-20,Food & Beverage,International,Contract,1795,8.0,7.0,1.0479125,1291.4,0.5,0.875,0.0025000000000001688,0
2968,Mid-Market,4.631,2024-12-15,Automotive,Northeast,Contract,248,6.0,6.0,0.9874999999999999,657.79,0.16666666666666666,1.0,,0
2969,SMB,7.345,2024-11-17,Industrial,Northeast,Spot,276,5.0,5.0,0.9864799999999999,1025.69,0.2,1.0,,0
2970,Mid-Market,4.871,2025-02-03,Automotive,West,Spot,198,4.0,4.0,0.9697,604.66,0.0,1.0,,0
2971,SMB,7.125,2019-06-29,Pharma,Midwest,Contract,2244,4.0,3.0,0.9832,309.44,0.75,0.75,-0.07690000000000008,0
2972,SMB,8.011,2020-12-14,Industrial,Southeast,Spot,1710,5.0,3.0,1.04168,646.6300000000001,0.2,0.6,-0.059733333333333416,0
2973,Mid-Market,5.098,2019-10-30,Food & Beverage,Midwest,Spot,2121,11.0,11.0,0.9832090909090909,2752.2599999999998,0.18181818181818182,1.0,0.00770000000000004,0
2974,Occasional,9.646,2019-10-20,Food & Beverage,West,Spot,2131,2.0,1.0,0.9659,178.41,0.5,0.5,,0
2975,SMB,4.484,2019-05-10,Manufacturing,Midwest,Spot,2294,3.0,3.0,1.0102333333333333,498.23999999999995,0.3333333333333333,1.0,,0
2976,SMB,8.026,2021-12-07,Automotive,Northeast,Spot,1352,5.0,5.0,1.00706,869.8700000000001,0.2,1.0,-0.005233333333333201,0
2977,SMB,6.225,2019-08-01,Electronics,Northeast,Spot,2211,2.0,2.0,0.9450000000000001,191.79999999999998,0.0,1.0,,0
2978,SMB,7.478,2020-12-21,Manufacturing,Southeast,Spot,1703,4.0,4.0,0.9416,783.46,0.0,1.0,,0
2982,Mid-Market,4.48,2019-03-31,Electronics,International,Spot,2334,6.0,5.0,1.0129166666666667,504.83,0.0,0.8333333333333334,0.05174999999999996,0
2983,Mid-Market,4.492,2023-05-29,Electronics,Southeast,Spot,814,8.0,6.0,0.9856125,534.84,0.375,0.75,,0
2984,SMB,6.884,2023-03-24,Pharma,Midwest,Contract,880,5.0,5.0,0.9868399999999999,928.46,0.4,1.0,,0
2985,Enterprise,1.872,2019-11-20,Apparel,Northeast,Contract,2100,21.0,21.0,1.0242047619047618,5211.87,0.23809523809523808,1.0,-0.0008166666666666877,0
2986,Mid-Market,5.842,2025-01-15,Apparel,West,Spot,217,6.0,6.0,0.9773000000000001,831.65,0.3333333333333333,1.0,,0
2987,Enterprise,2.251,2021-09-11,Manufacturing,West,Contract,1439,17.0,17.0,1.0175470588235296,4939.83,0.35294117647058826,1.0,-0.06374444444444449,0
2989,Mid-Market,5.689,2019-10-05,Apparel,Southeast,Contract,2146,10.0,10.0,0.96193,1690.37,0.1,1.0,0.15913333333333346,0
2990,SMB,4.698,2023-05-03,Manufacturing,Southeast,Spot,840,8.0,8.0,0.9672625,699.02,0.25,1.0,0.11729999999999985,0
2991,SMB,6.637,2019-11-15,Retail,Northeast,Spot,2105,7.0,6.0,1.0031857142857143,836.62,0.0,0.8571428571428571,0.021500000000000075,0
2992,SMB,5.298,2025-05-02,Electronics,International,Spot,110,3.0,3.0,0.9065666666666665,1123.08,0.3333333333333333,1.0,,0
2993,Mid-Market,5.03,2023-01-19,Apparel,Northeast,Contract,944,9.0,6.0,0.9818555555555556,2534.12,0.3333333333333333,0.6666666666666666,,0
2994,SMB,7.207,2019-07-04,Apparel,Midwest,Spot,2239,5.0,5.0,0.8795999999999999,830.74,0.0,1.0,-0.1916,0
2995,SMB,7.533,2020-06-07,Manufacturing,West,Contract,1900,11.0,11.0,0.9473454545454545,2672.4600000000005,0.36363636363636365,1.0,0.059474999999999945,0
2996,SMB,8.145,2021-05-24,Apparel,Northeast,Spot,1549,1.0,1.0,0.9603,277.08,0.0,1.0,,0
2997,SMB,5.958,2019-02-01,Manufacturing,Southeast,Contract,2392,2.0,2.0,0.84495,99.81,0.0,1.0,,1
2998,Mid-Market,6.147,2019-01-22,Apparel,Northeast,Spot,2402,6.0,6.0,1.00275,1260.2299999999998,0.16666666666666666,1.0,,0
2999,Occasional,8.409,2025-03-03,Pharma,Midwest,Spot,170,1.0,1.0,0.9117,349.98,1.0,1.0,,0
