customer_id,true_segment,cluster,cluster_name,dominant_tier_of_cluster,recency_days,frequency,monetary,acceptance_rate,avg_price_ratio
1,SMB,3,Steady Mid-Value,SMB,7,15,1930.82,1.0,0.9914733333333333
2,SMB,3,Steady Mid-Value,SMB,70,19,3005.99,0.9473684210526315,0.9832736842105264
3,Occasional,0,Low-Engagement / Occasional,Occasional,34,8,1009.22,1.0,0.9739875
4,SMB,3,Steady Mid-Value,SMB,14,27,4264.56,0.8518518518518519,1.014751851851852
5,Mid-Market,1,High-Value Core,Mid-Market,44,19,2197.2,0.9473684210526315,0.9870315789473684
6,Occasional,0,Low-Engagement / Occasional,Occasional,80,18,2739.39,0.9444444444444444,0.9226333333333332
7,SMB,3,Steady Mid-Value,SMB,43,36,6816.1,0.8888888888888888,0.9558027777777779
8,SMB,3,Steady Mid-Value,SMB,131,8,1641.52,1.0,0.9813875
9,Mid-Market,1,High-Value Core,Mid-Market,43,71,13199.369999999999,0.8873239436619719,1.0080014084507043
10,SMB,3,Steady Mid-Value,SMB,52,26,5822.27,0.8846153846153846,0.9866884615384616
11,Mid-Market,1,High-Value Core,Mid-Market,19,63,13625.08,0.9206349206349206,0.9932190476190477
12,Occasional,0,Low-Engagement / Occasional,Occasional,83,12,3176.82,1.0,0.9412333333333334
13,SMB,2,Price-Sensitive / At-Risk,Occasional,68,27,3372.6,0.8148148148148148,0.9724962962962963
14,SMB,3,Steady Mid-Value,SMB,72,19,4455.06,1.0,0.9598052631578947
15,SMB,3,Steady Mid-Value,SMB,49,21,2609.5,0.9047619047619048,0.9664904761904761
16,Mid-Market,3,Steady Mid-Value,SMB,30,62,11729.2,0.967741935483871,0.9698467741935484
17,SMB,3,Steady Mid-Value,SMB,8,6,873.55,1.0,0.9918833333333333
18,Enterprise,1,High-Value Core,Mid-Market,27,104,20608.66,0.9134615384615384,1.0277509615384615
19,SMB,1,High-Value Core,Mid-Market,4,14,3537.33,1.0,0.9916714285714285
20,SMB,3,Steady Mid-Value,SMB,103,19,3064.08,0.8947368421052632,0.9810368421052632
21,SMB,3,Steady Mid-Value,SMB,310,20,2982.65,0.9,0.9856400000000001
22,Mid-Market,1,High-Value Core,Mid-Market,16,61,9431.78,0.9180327868852459,0.9591213114754098
23,Occasional,0,Low-Engagement / Occasional,Occasional,245,22,2711.11,0.8636363636363636,0.955559090909091
24,Occasional,0,Low-Engagement / Occasional,Occasional,166,9,1912.65,0.8888888888888888,0.9846666666666667
25,SMB,3,Steady Mid-Value,SMB,14,9,2453.71,1.0,0.9784555555555556
26,Mid-Market,1,High-Value Core,Mid-Market,5,46,8140.2300000000005,0.9347826086956522,0.9787152173913043
27,SMB,3,Steady Mid-Value,SMB,64,40,5298.51,0.875,0.9670225
28,Enterprise,1,High-Value Core,Mid-Market,3,48,9218.38,0.9583333333333334,1.0594666666666666
29,Mid-Market,1,High-Value Core,Mid-Market,55,34,7383.96,0.9117647058823529,0.9929617647058824
30,SMB,3,Steady Mid-Value,SMB,34,43,5559.65,0.9069767441860465,0.9787372093023257
31,SMB,3,Steady Mid-Value,SMB,54,45,7076.78,0.8888888888888888,0.9807577777777777
32,Occasional,0,Low-Engagement / Occasional,Occasional,779,10,2421.01,0.9,0.94066
33,Mid-Market,1,High-Value Core,Mid-Market,125,81,14725.81,0.9876543209876543,0.9860567901234567
34,Mid-Market,1,High-Value Core,Mid-Market,53,35,5018.38,1.0,0.9841628571428572
35,SMB,3,Steady Mid-Value,SMB,2,40,5489.12,0.85,0.9624349999999999
36,Mid-Market,3,Steady Mid-Value,SMB,45,29,4796.17,0.9310344827586207,0.9638310344827586
37,Mid-Market,1,High-Value Core,Mid-Market,8,60,8677.49,0.8333333333333334,1.00345
38,SMB,0,Low-Engagement / Occasional,Occasional,40,5,492.96,1.0,0.9588599999999999
39,Mid-Market,3,Steady Mid-Value,SMB,88,29,4500.57,0.9655172413793104,0.9804655172413793
40,SMB,3,Steady Mid-Value,SMB,31,24,4152.39,0.9583333333333334,0.9759416666666666
41,SMB,3,Steady Mid-Value,SMB,104,28,3575.21,0.9285714285714286,0.9630607142857143
42,Occasional,0,Low-Engagement / Occasional,Occasional,249,16,2418.31,0.9375,0.961175
43,SMB,3,Steady Mid-Value,SMB,60,44,6901.08,0.9090909090909091,0.9426818181818182
44,Mid-Market,1,High-Value Core,Mid-Market,8,45,8617.57,0.9111111111111111,0.9814133333333334
45,Occasional,0,Low-Engagement / Occasional,Occasional,106,12,1227.3,1.0,0.9227249999999999
46,SMB,3,Steady Mid-Value,SMB,62,19,3747.9700000000003,0.9473684210526315,0.9852105263157895
47,Mid-Market,1,High-Value Core,Mid-Market,18,50,9505.74,0.88,0.983014
48,Mid-Market,1,High-Value Core,Mid-Market,1,74,15240.69,0.9054054054054054,1.001337837837838
49,SMB,3,Steady Mid-Value,SMB,18,20,3279.31,1.0,0.97715
50,Mid-Market,1,High-Value Core,Mid-Market,10,42,5672.46,0.8095238095238095,0.9847380952380953
51,Mid-Market,1,High-Value Core,Mid-Market,2,27,6444.54,0.9629629629629629,0.9823111111111111
52,Enterprise,1,High-Value Core,Mid-Market,6,95,22293.13,0.9368421052631579,1.029776842105263
53,SMB,3,Steady Mid-Value,SMB,99,23,3909.12,0.8695652173913043,0.9687478260869564
54,SMB,3,Steady Mid-Value,SMB,94,13,3222.1,1.0,0.9783692307692308
55,SMB,3,Steady Mid-Value,SMB,52,37,8142.45,0.972972972972973,0.9681027027027027
56,SMB,3,Steady Mid-Value,SMB,99,10,2003.71,1.0,1.0209300000000001
57,SMB,2,Price-Sensitive / At-Risk,Occasional,85,20,3853.7200000000003,0.75,0.9795400000000001
58,SMB,3,Steady Mid-Value,SMB,22,26,4940.87,0.8846153846153846,0.9630846153846153
59,Mid-Market,3,Steady Mid-Value,SMB,108,15,1939.99,0.9333333333333333,0.9826999999999999
60,Mid-Market,1,High-Value Core,Mid-Market,26,15,2579.9,0.8666666666666667,0.9572
61,SMB,3,Steady Mid-Value,SMB,14,27,3958.2799999999997,0.9259259259259259,0.9691037037037037
62,SMB,2,Price-Sensitive / At-Risk,Occasional,69,4,2174.85,0.75,0.994225
63,SMB,3,Steady Mid-Value,SMB,184,31,5572.72,0.9354838709677419,0.9889935483870967
64,SMB,3,Steady Mid-Value,SMB,11,38,7979.3099999999995,0.8947368421052632,0.9834026315789475
65,SMB,3,Steady Mid-Value,SMB,31,31,4893.1,0.9354838709677419,0.9830612903225807
66,SMB,3,Steady Mid-Value,SMB,128,23,4754.28,0.9130434782608695,0.9804608695652174
67,SMB,2,Price-Sensitive / At-Risk,Occasional,133,3,236.96999999999997,0.6666666666666666,0.9661333333333334
68,Mid-Market,1,High-Value Core,Mid-Market,14,34,5836.55,0.9117647058823529,0.9738264705882353
69,Enterprise,1,High-Value Core,Mid-Market,54,52,8820.83,1.0,1.0558942307692307
70,SMB,0,Low-Engagement / Occasional,Occasional,339,24,5457.56,1.0,0.9429333333333334
71,Mid-Market,1,High-Value Core,Mid-Market,4,44,5466.78,0.9318181818181818,1.0030909090909093
72,Mid-Market,1,High-Value Core,Mid-Market,46,43,7313.91,0.9302325581395349,1.0132883720930232
73,Occasional,3,Steady Mid-Value,SMB,5,11,1871.36,0.9090909090909091,0.9347181818181819
74,Mid-Market,1,High-Value Core,Mid-Market,33,64,11800.22,0.890625,0.985753125
75,Enterprise,1,High-Value Core,Mid-Market,4,107,20999.31,0.9813084112149533,1.03526261682243
76,Mid-Market,1,High-Value Core,Mid-Market,38,18,3113.12,1.0,1.0291055555555557
77,Mid-Market,1,High-Value Core,Mid-Market,4,30,5308.67,0.9,0.9802066666666666
78,SMB,0,Low-Engagement / Occasional,Occasional,546,18,3349.84,0.8888888888888888,0.9780444444444445
79,SMB,3,Steady Mid-Value,SMB,20,42,3590.06,0.8809523809523809,0.9561857142857142
80,SMB,0,Low-Engagement / Occasional,Occasional,162,9,1763.84,1.0,0.9589777777777778
81,SMB,3,Steady Mid-Value,SMB,34,21,3392.91,1.0,0.9706190476190476
82,Mid-Market,1,High-Value Core,Mid-Market,9,53,9659.45,0.9811320754716981,0.9909698113207547
83,SMB,3,Steady Mid-Value,SMB,5,17,3187.4900000000002,1.0,0.9446176470588235
84,Mid-Market,1,High-Value Core,Mid-Market,55,64,10830.6,0.90625,0.9908765625
85,Enterprise,1,High-Value Core,Mid-Market,6,63,13486.8,0.9682539682539683,1.0270619047619047
86,Mid-Market,1,High-Value Core,Mid-Market,1,22,3424.65,0.9545454545454546,0.9847045454545454
87,SMB,3,Steady Mid-Value,SMB,98,22,3023.6,0.9090909090909091,0.9629045454545455
88,SMB,3,Steady Mid-Value,SMB,215,42,7793.09,0.9285714285714286,0.9810880952380953
89,Mid-Market,3,Steady Mid-Value,SMB,130,57,14656.130000000001,0.9298245614035088,0.9825456140350877
90,SMB,3,Steady Mid-Value,SMB,62,47,7752.17,0.8936170212765957,0.9487148936170212
91,Mid-Market,3,Steady Mid-Value,SMB,102,38,6568.37,0.9210526315789473,0.9736578947368422
92,SMB,3,Steady Mid-Value,SMB,35,27,3533.02,0.8888888888888888,0.9836851851851852
93,SMB,3,Steady Mid-Value,SMB,172,40,9342.3,0.875,0.983255
94,Mid-Market,3,Steady Mid-Value,SMB,40,26,2967.19,0.8846153846153846,0.9860769230769232
95,Mid-Market,1,High-Value Core,Mid-Market,18,67,10547.41,0.9253731343283582,0.9807029850746268
96,SMB,3,Steady Mid-Value,SMB,24,35,6063.52,0.9142857142857143,0.9676657142857142
97,Mid-Market,1,High-Value Core,Mid-Market,12,11,848.35,0.8181818181818182,0.9950545454545455
98,Mid-Market,1,High-Value Core,Mid-Market,9,72,14913.71,0.8888888888888888,1.0076097222222222
99,Mid-Market,3,Steady Mid-Value,SMB,165,58,8282.710000000001,0.896551724137931,0.991301724137931
100,Occasional,0,Low-Engagement / Occasional,Occasional,39,11,1858.49,1.0,0.9665454545454545
101,Occasional,0,Low-Engagement / Occasional,Occasional,459,6,908.77,1.0,0.9366166666666667
102,SMB,2,Price-Sensitive / At-Risk,Occasional,28,27,5412.2,0.7777777777777778,0.9989814814814815
103,Mid-Market,3,Steady Mid-Value,SMB,39,9,2122.6800000000003,0.8888888888888888,0.9556444444444444
104,Occasional,0,Low-Engagement / Occasional,Occasional,257,15,2976.49,0.9333333333333333,0.9851066666666667
105,SMB,1,High-Value Core,Mid-Market,4,8,1241.58,1.0,0.9974375
106,SMB,3,Steady Mid-Value,SMB,83,29,5451.6900000000005,0.9655172413793104,0.957603448275862
107,SMB,3,Steady Mid-Value,SMB,16,41,7185.05,1.0,0.9842512195121952
108,Mid-Market,1,High-Value Core,Mid-Market,83,88,14585.18,0.9090909090909091,1.0009522727272726
109,Mid-Market,1,High-Value Core,Mid-Market,79,66,12290.710000000001,0.9393939393939394,0.9941181818181819
110,Occasional,0,Low-Engagement / Occasional,Occasional,415,9,2339.96,0.8888888888888888,0.9468777777777778
111,SMB,0,Low-Engagement / Occasional,Occasional,77,19,4158.98,1.0,0.9570210526315789
112,Mid-Market,3,Steady Mid-Value,SMB,68,28,3276.19,0.8928571428571429,0.9637392857142857
113,Mid-Market,3,Steady Mid-Value,SMB,60,58,10054.13,0.9137931034482759,0.972151724137931
114,SMB,3,Steady Mid-Value,SMB,21,14,2613.87,0.9285714285714286,0.9290571428571429
115,Mid-Market,1,High-Value Core,Mid-Market,31,66,10875.11,0.9242424242424242,0.9796363636363637
116,Occasional,0,Low-Engagement / Occasional,Occasional,243,15,4022.44,1.0,0.9460933333333333
117,SMB,3,Steady Mid-Value,SMB,184,43,7277.64,0.9302325581395349,0.9573813953488373
118,SMB,3,Steady Mid-Value,SMB,119,24,3614.2,0.9166666666666666,0.9584458333333333
119,SMB,0,Low-Engagement / Occasional,Occasional,101,7,1312.85,1.0,0.9764285714285714
120,SMB,2,Price-Sensitive / At-Risk,Occasional,24,28,4448.27,0.7857142857142857,0.9661071428571428
121,SMB,3,Steady Mid-Value,SMB,55,34,5616.47,0.9705882352941176,0.9493676470588236
122,SMB,3,Steady Mid-Value,SMB,20,5,1385.75,1.0,0.98776
123,Mid-Market,1,High-Value Core,Mid-Market,37,35,6257.73,0.9142857142857143,0.9935828571428571
124,Mid-Market,1,High-Value Core,Mid-Market,64,65,14222.07,0.9384615384615385,0.9868015384615384
125,Enterprise,1,High-Value Core,Mid-Market,12,30,7450.41,1.0,1.0662766666666665
126,SMB,3,Steady Mid-Value,SMB,12,40,5958.71,0.925,0.9588175
127,Mid-Market,1,High-Value Core,Mid-Market,7,73,12041.11,0.8767123287671232,0.9893794520547945
128,Mid-Market,1,High-Value Core,Mid-Market,33,59,9719.9,0.9661016949152542,0.9906135593220339
129,Mid-Market,3,Steady Mid-Value,SMB,69,25,5699.96,0.96,0.97012
130,SMB,3,Steady Mid-Value,SMB,15,29,4999.68,0.896551724137931,0.9847379310344828
131,Mid-Market,1,High-Value Core,Mid-Market,5,38,9043.3,0.9210526315789473,0.9744736842105264
132,Occasional,0,Low-Engagement / Occasional,Occasional,103,15,3186.28,0.9333333333333333,0.9670000000000001
133,SMB,1,High-Value Core,Mid-Market,9,18,4490.65,0.8888888888888888,0.9740555555555557
134,Mid-Market,1,High-Value Core,Mid-Market,7,70,10968.41,0.9,0.9876114285714286
135,SMB,3,Steady Mid-Value,SMB,19,31,7674.36,0.9032258064516129,0.9824451612903226
136,Enterprise,1,High-Value Core,Mid-Market,47,50,9769.6,0.98,1.052278
137,Occasional,0,Low-Engagement / Occasional,Occasional,343,17,1708.84,0.9411764705882353,0.9419235294117646
138,SMB,1,High-Value Core,Mid-Market,6,21,4955.28,1.0,1.0026238095238096
139,SMB,3,Steady Mid-Value,SMB,62,13,4446.7,1.0,0.994876923076923
140,Mid-Market,1,High-Value Core,Mid-Market,41,36,5161.5199999999995,0.9166666666666666,0.983536111111111
141,SMB,3,Steady Mid-Value,SMB,115,29,4673.349999999999,0.8620689655172413,0.9915103448275863
142,SMB,3,Steady Mid-Value,SMB,33,16,3073.71,0.9375,0.964675
143,Occasional,0,Low-Engagement / Occasional,Occasional,19,3,428.91999999999996,1.0,0.9075333333333333
144,SMB,3,Steady Mid-Value,SMB,280,23,3088.2,0.9130434782608695,0.9800608695652173
145,SMB,3,Steady Mid-Value,SMB,26,15,1554.93,1.0,0.99696
146,Mid-Market,1,High-Value Core,Mid-Market,5,15,4013.56,0.9333333333333333,1.00582
147,Mid-Market,1,High-Value Core,Mid-Market,48,19,3072.11,0.7894736842105263,1.017921052631579
148,SMB,0,Low-Engagement / Occasional,Occasional,135,8,888.21,1.0,0.9616
149,SMB,0,Low-Engagement / Occasional,Occasional,71,7,2068.7799999999997,1.0,0.9665428571428573
150,Enterprise,1,High-Value Core,Mid-Market,13,38,5127.57,0.8947368421052632,1.0175026315789475
151,SMB,3,Steady Mid-Value,SMB,73,21,4894.13,0.9523809523809523,0.9360666666666666
152,Occasional,2,Price-Sensitive / At-Risk,Occasional,347,6,428.15000000000003,0.6666666666666666,0.9630333333333333
153,Mid-Market,1,High-Value Core,Mid-Market,26,67,13222.93,0.8955223880597015,1.0000358208955222
154,SMB,3,Steady Mid-Value,SMB,20,23,6659.07,0.8695652173913043,0.9624086956521739
155,Mid-Market,1,High-Value Core,Mid-Market,79,10,5069.59,1.0,1.00694
156,SMB,1,High-Value Core,Mid-Market,2,42,7210.1900000000005,0.9523809523809523,0.9799166666666667
157,Mid-Market,1,High-Value Core,Mid-Market,48,23,4847.71,0.9565217391304348,0.9830391304347826
158,SMB,3,Steady Mid-Value,SMB,290,21,4267.65,1.0,0.974995238095238
159,SMB,3,Steady Mid-Value,SMB,26,29,4668.99,0.9310344827586207,0.9870551724137931
160,SMB,3,Steady Mid-Value,SMB,98,31,5208.53,0.8387096774193549,0.9841032258064516
161,Mid-Market,1,High-Value Core,Mid-Market,53,41,7199.41,0.926829268292683,1.0022146341463416
162,Occasional,0,Low-Engagement / Occasional,Occasional,56,10,1627.3,0.9,0.94825
163,Mid-Market,1,High-Value Core,Mid-Market,20,48,7929.74,0.9166666666666666,1.0089083333333333
164,Enterprise,1,High-Value Core,Mid-Market,46,118,19466.6,0.9322033898305084,1.04475593220339
165,SMB,2,Price-Sensitive / At-Risk,Occasional,83,27,2591.12,0.7407407407407407,0.9809148148148148
166,Mid-Market,3,Steady Mid-Value,SMB,54,69,12293.72,0.8695652173913043,0.9691188405797102
167,SMB,3,Steady Mid-Value,SMB,19,33,5840.37,0.9696969696969697,0.9688181818181818
168,SMB,3,Steady Mid-Value,SMB,58,12,2612.05,0.8333333333333334,0.9738666666666665
169,Mid-Market,1,High-Value Core,Mid-Market,3,88,16629.75,0.9431818181818182,0.985125
170,Occasional,2,Price-Sensitive / At-Risk,Occasional,91,8,945.89,0.75,0.982325
171,Mid-Market,3,Steady Mid-Value,SMB,34,70,12217.54,0.9285714285714286,0.9579257142857143
172,SMB,3,Steady Mid-Value,SMB,34,19,2633.28,0.8421052631578947,0.9871473684210527
173,Mid-Market,3,Steady Mid-Value,SMB,44,16,2584.36,0.8125,0.96331875
174,Occasional,0,Low-Engagement / Occasional,Occasional,402,5,1112.79,1.0,0.95504
175,Mid-Market,1,High-Value Core,Mid-Market,27,68,16401.91,0.9117647058823529,0.9777441176470587
176,Enterprise,1,High-Value Core,Mid-Market,4,69,13857.16,0.8985507246376812,1.038963768115942
177,SMB,0,Low-Engagement / Occasional,Occasional,268,21,3234.64,0.9047619047619048,0.9837238095238096
178,Occasional,2,Price-Sensitive / At-Risk,Occasional,207,3,605.8199999999999,0.6666666666666666,0.9501666666666667
179,Occasional,0,Low-Engagement / Occasional,Occasional,61,3,685.55,1.0,0.9259666666666666
180,SMB,3,Steady Mid-Value,SMB,130,19,3853.78,0.9473684210526315,0.9657684210526315
181,Occasional,2,Price-Sensitive / At-Risk,Occasional,723,3,428.73,0.6666666666666666,0.9780333333333333
182,Occasional,0,Low-Engagement / Occasional,Occasional,7,6,740.61,1.0,0.9381333333333334
183,SMB,3,Steady Mid-Value,SMB,13,13,2057.1,0.9230769230769231,0.9897461538461538
184,Mid-Market,1,High-Value Core,Mid-Market,49,39,7119.32,0.8974358974358975,1.0057179487179486
185,SMB,3,Steady Mid-Value,SMB,55,5,1317.51,0.8,1.01226
186,SMB,3,Steady Mid-Value,SMB,425,27,3036.34,0.8888888888888888,0.9761777777777778
187,Mid-Market,1,High-Value Core,Mid-Market,8,79,12218.92,0.9367088607594937,0.9724303797468354
188,Mid-Market,1,High-Value Core,Mid-Market,10,27,5029.9,1.0,0.9787851851851852
189,SMB,3,Steady Mid-Value,SMB,23,16,3050.46,0.875,0.978075
190,Mid-Market,3,Steady Mid-Value,SMB,6,8,1355.11,1.0,0.9496625
191,Occasional,2,Price-Sensitive / At-Risk,Occasional,357,4,236.52,0.75,0.945125
192,Mid-Market,1,High-Value Core,Mid-Market,19,56,11232.05,0.9285714285714286,0.9842892857142856
193,Mid-Market,3,Steady Mid-Value,SMB,47,39,6305.57,0.9743589743589743,0.9705538461538461
194,Occasional,0,Low-Engagement / Occasional,Occasional,119,11,1828.86,1.0,0.9559545454545454
195,Mid-Market,1,High-Value Core,Mid-Market,8,26,6374.16,0.9230769230769231,1.0130884615384614
196,Mid-Market,1,High-Value Core,Mid-Market,93,56,12170.73,0.8928571428571429,0.9729946428571428
197,SMB,3,Steady Mid-Value,SMB,20,9,2033.28,0.8888888888888888,0.9417333333333333
198,Occasional,2,Price-Sensitive / At-Risk,Occasional,280,14,1441.31,0.7857142857142857,0.9597214285714285
199,Mid-Market,1,High-Value Core,Mid-Market,24,62,12820.62,0.8548387096774194,0.9946193548387098
200,Mid-Market,3,Steady Mid-Value,SMB,77,7,765.96,0.8571428571428571,1.0144
201,SMB,3,Steady Mid-Value,SMB,11,24,3598.37,0.875,0.9965041666666666
202,Occasional,2,Price-Sensitive / At-Risk,Occasional,90,3,156.88,0.3333333333333333,0.9955999999999999
203,SMB,2,Price-Sensitive / At-Risk,Occasional,19,16,2040.84,0.75,0.9569125
204,Mid-Market,1,High-Value Core,Mid-Market,48,76,13418.13,0.881578947368421,1.0163223684210525
205,Enterprise,1,High-Value Core,Mid-Market,18,13,3162.62,1.0,1.0373692307692308
206,Mid-Market,1,High-Value Core,Mid-Market,28,65,12587.76,0.9384615384615385,1.0002492307692308
207,Mid-Market,2,Price-Sensitive / At-Risk,Occasional,101,5,283.56,0.6,1.0132400000000001
208,SMB,3,Steady Mid-Value,SMB,47,22,2801.41,0.9090909090909091,0.9850000000000001
209,Mid-Market,1,High-Value Core,Mid-Market,55,80,15189.81,0.9,0.9895075
210,SMB,3,Steady Mid-Value,SMB,8,33,6355.2699999999995,0.8787878787878788,0.9688454545454546
211,SMB,2,Price-Sensitive / At-Risk,Occasional,72,6,326.58,0.6666666666666666,0.9871499999999999
212,SMB,3,Steady Mid-Value,SMB,139,30,4287.83,0.9,0.95406
213,Mid-Market,1,High-Value Core,Mid-Market,15,47,8873.84,0.9148936170212766,1.014695744680851
214,SMB,3,Steady Mid-Value,SMB,95,10,1613.73,0.9,0.96398
215,SMB,0,Low-Engagement / Occasional,Occasional,146,13,1127.8600000000001,1.0,1.0051692307692308
216,SMB,2,Price-Sensitive / At-Risk,Occasional,68,11,1127.45,0.8181818181818182,0.9776818181818182
217,Mid-Market,1,High-Value Core,Mid-Market,27,31,7472.8,0.967741935483871,0.9826612903225806
218,Mid-Market,1,High-Value Core,Mid-Market,23,69,10007.87,0.9130434782608695,0.9988840579710145
219,Occasional,0,Low-Engagement / Occasional,Occasional,546,7,2142.17,1.0,0.9254
220,Mid-Market,1,High-Value Core,Mid-Market,17,28,4908.35,0.8928571428571429,1.0011607142857142
221,Mid-Market,1,High-Value Core,Mid-Market,6,75,17065.87,0.92,1.0091746666666668
222,SMB,2,Price-Sensitive / At-Risk,Occasional,70,14,1528.32,0.7142857142857143,0.9839785714285715
223,SMB,3,Steady Mid-Value,SMB,41,33,5389.63,0.9696969696969697,0.9762060606060605
224,Occasional,0,Low-Engagement / Occasional,Occasional,111,9,1689.97,0.8888888888888888,0.9452444444444446
225,Mid-Market,1,High-Value Core,Mid-Market,31,33,6037.8,0.9393939393939394,0.9938787878787879
226,Occasional,2,Price-Sensitive / At-Risk,Occasional,381,6,1076.7,0.6666666666666666,0.9794333333333333
227,Enterprise,1,High-Value Core,Mid-Market,15,46,8419.37,0.9782608695652174,1.0610195652173913
228,SMB,3,Steady Mid-Value,SMB,48,12,2015.38,0.9166666666666666,1.0046666666666668
229,SMB,3,Steady Mid-Value,SMB,98,44,9974.71,0.9090909090909091,0.9966136363636363
230,Mid-Market,3,Steady Mid-Value,SMB,74,19,2492.67,0.8947368421052632,0.9735368421052631
231,Mid-Market,1,High-Value Core,Mid-Market,61,64,13700.34,0.953125,0.9987546875
232,Mid-Market,1,High-Value Core,Mid-Market,36,60,10559.46,0.9666666666666667,0.9834883333333333
233,Occasional,0,Low-Engagement / Occasional,Occasional,10,1,129.56,1.0,0.8798
234,SMB,3,Steady Mid-Value,SMB,47,31,6212.2300000000005,0.9354838709677419,0.9633548387096774
235,Occasional,2,Price-Sensitive / At-Risk,Occasional,361,8,790.14,0.75,0.9392
236,SMB,3,Steady Mid-Value,SMB,50,30,3420.16,0.9333333333333333,0.9867100000000001
237,SMB,2,Price-Sensitive / At-Risk,Occasional,134,13,2372.79,0.7692307692307693,0.9196153846153846
238,SMB,3,Steady Mid-Value,SMB,29,31,3816.25,0.8387096774193549,0.9572612903225807
239,Enterprise,1,High-Value Core,Mid-Market,9,115,27142.77,0.9391304347826087,1.0408408695652174
240,Mid-Market,1,High-Value Core,Mid-Market,47,71,14480.85,0.971830985915493,0.9612929577464789
241,SMB,3,Steady Mid-Value,SMB,65,27,5275.06,0.9259259259259259,0.9751222222222222
242,SMB,3,Steady Mid-Value,SMB,132,11,1668.3799999999999,0.9090909090909091,1.005190909090909
243,Mid-Market,1,High-Value Core,Mid-Market,59,40,5923.13,0.875,0.9845200000000001
244,SMB,3,Steady Mid-Value,SMB,210,30,4017.89,0.8666666666666667,0.9945966666666667
245,SMB,3,Steady Mid-Value,SMB,17,7,1311.75,1.0,0.9350571428571428
246,Occasional,2,Price-Sensitive / At-Risk,Occasional,113,10,1669.0800000000002,0.8,0.97972
247,SMB,2,Price-Sensitive / At-Risk,Occasional,58,5,188.48999999999998,0.8,0.9325800000000001
248,Mid-Market,1,High-Value Core,Mid-Market,40,9,2210.71,1.0,0.9905333333333333
249,Mid-Market,1,High-Value Core,Mid-Market,15,81,16498.55,0.9135802469135802,0.9770617283950617
250,Mid-Market,1,High-Value Core,Mid-Market,9,48,7279.2300000000005,0.8958333333333334,0.98215
251,SMB,3,Steady Mid-Value,SMB,15,22,3598.94,1.0,0.9715909090909091
252,Occasional,2,Price-Sensitive / At-Risk,Occasional,203,8,748.94,0.75,0.958475
253,SMB,3,Steady Mid-Value,SMB,22,40,5259.34,0.925,0.9727375
254,Mid-Market,1,High-Value Core,Mid-Market,21,42,6496.55,0.8809523809523809,0.9978642857142856
255,Mid-Market,1,High-Value Core,Mid-Market,1,49,10578.18,0.9387755102040817,0.9715877551020408
256,SMB,3,Steady Mid-Value,SMB,220,31,4588.71,0.9032258064516129,0.9699064516129032
257,SMB,3,Steady Mid-Value,SMB,27,34,7266.51,0.8823529411764706,0.9692735294117647
258,Mid-Market,1,High-Value Core,Mid-Market,10,69,12260.49,0.8695652173913043,0.9758463768115941
259,Enterprise,1,High-Value Core,Mid-Market,2,23,6212.38,1.0,1.0345217391304349
260,SMB,3,Steady Mid-Value,SMB,15,17,2677.59,0.8823529411764706,0.972735294117647
261,Mid-Market,1,High-Value Core,Mid-Market,24,54,8993.2,0.9814814814814815,0.9728425925925925
262,SMB,3,Steady Mid-Value,SMB,69,30,4156.8,0.8333333333333334,0.9657333333333333
263,Mid-Market,1,High-Value Core,Mid-Market,93,62,12108.73,0.9516129032258065,1.003332258064516
264,Mid-Market,1,High-Value Core,Mid-Market,37,57,11723.29,0.9473684210526315,1.0040719298245615
265,Occasional,0,Low-Engagement / Occasional,Occasional,220,4,275.65999999999997,1.0,0.9117999999999999
266,Mid-Market,1,High-Value Core,Mid-Market,81,76,12724.18,0.8552631578947368,0.9931118421052632
267,Mid-Market,1,High-Value Core,Mid-Market,81,64,15519.19,0.96875,0.9867078125
268,Mid-Market,1,High-Value Core,Mid-Market,50,29,5099.85,0.9310344827586207,0.9919275862068965
269,Mid-Market,1,High-Value Core,Mid-Market,13,37,5566.08,0.8648648648648649,0.9910378378378378
270,Enterprise,1,High-Value Core,Mid-Market,13,144,34677.840000000004,0.9305555555555556,1.0385159722222221
271,Enterprise,1,High-Value Core,Mid-Market,38,79,12595.43,0.9240506329113924,1.0507367088607595
272,Mid-Market,3,Steady Mid-Value,SMB,93,18,4727.96,1.0,0.9710666666666666
273,Enterprise,1,High-Value Core,Mid-Market,55,89,18210.58,0.9101123595505618,1.0666752808988764
274,SMB,3,Steady Mid-Value,SMB,168,31,4654.74,0.8709677419354839,0.9542258064516129
275,SMB,3,Steady Mid-Value,SMB,92,16,2687.4,1.0,0.9784875
276,Mid-Market,3,Steady Mid-Value,SMB,113,39,5159.53,0.8974358974358975,0.983474358974359
277,Mid-Market,1,High-Value Core,Mid-Market,22,14,2622.5099999999998,0.7857142857142857,0.9987285714285713
278,SMB,3,Steady Mid-Value,SMB,8,38,10470.25,0.9473684210526315,0.9679026315789473
279,Occasional,0,Low-Engagement / Occasional,Occasional,423,14,2590.57,0.9285714285714286,0.9500285714285714
280,Occasional,0,Low-Engagement / Occasional,Occasional,69,12,2866.0,1.0,0.9784166666666666
281,Enterprise,1,High-Value Core,Mid-Market,11,46,8678.1,0.9565217391304348,1.06325
282,Mid-Market,1,High-Value Core,Mid-Market,21,35,7705.2,0.9714285714285714,0.9900342857142858
283,Mid-Market,1,High-Value Core,Mid-Market,20,47,10692.41,0.8297872340425532,0.989272340425532
284,Mid-Market,1,High-Value Core,Mid-Market,29,31,6095.99,0.9354838709677419,0.9919774193548387
285,SMB,2,Price-Sensitive / At-Risk,Occasional,68,27,6071.42,0.7777777777777778,0.9792740740740741
286,Mid-Market,1,High-Value Core,Mid-Market,55,61,14969.220000000001,0.9180327868852459,0.9821852459016394
287,Enterprise,1,High-Value Core,Mid-Market,2,70,13041.76,0.9428571428571428,1.0339057142857144
288,Mid-Market,1,High-Value Core,Mid-Market,9,43,10035.86,0.9302325581395349,0.9844465116279069
289,SMB,3,Steady Mid-Value,SMB,32,29,5925.28,0.896551724137931,0.955051724137931
290,Mid-Market,1,High-Value Core,Mid-Market,67,44,8129.75,0.9772727272727273,1.0066181818181819
291,Occasional,0,Low-Engagement / Occasional,Occasional,199,2,290.05,1.0,0.92855
292,Enterprise,1,High-Value Core,Mid-Market,44,102,20231.69,0.9215686274509803,1.0347696078431372
293,Occasional,3,Steady Mid-Value,SMB,2,14,2926.2,1.0,0.97805
294,Mid-Market,3,Steady Mid-Value,SMB,78,38,4863.41,0.9210526315789473,0.9786263157894738
295,Occasional,2,Price-Sensitive / At-Risk,Occasional,638,16,2549.3,0.75,0.97359375
296,Occasional,0,Low-Engagement / Occasional,Occasional,78,18,2759.66,0.9444444444444444,0.9574555555555556
297,Occasional,2,Price-Sensitive / At-Risk,Occasional,191,4,608.66,0.75,0.9830749999999999
298,SMB,3,Steady Mid-Value,SMB,38,18,4470.78,0.9444444444444444,0.9630444444444445
299,SMB,3,Steady Mid-Value,SMB,71,19,3624.13,1.0,0.9221526315789474
300,SMB,0,Low-Engagement / Occasional,Occasional,504,23,3530.67,0.8695652173913043,0.9359913043478261
301,SMB,3,Steady Mid-Value,SMB,100,12,3399.59,1.0,0.9546166666666666
302,Mid-Market,3,Steady Mid-Value,SMB,26,33,7007.3,0.9393939393939394,0.9858424242424243
303,SMB,3,Steady Mid-Value,SMB,79,28,3596.81,0.8928571428571429,0.9576214285714285
304,SMB,3,Steady Mid-Value,SMB,10,31,5948.85,0.9032258064516129,0.9710193548387097
305,Occasional,0,Low-Engagement / Occasional,Occasional,35,12,1586.1999999999998,1.0,0.9516083333333333
306,SMB,3,Steady Mid-Value,SMB,20,19,3217.4900000000002,0.8421052631578947,1.0043894736842105
307,Mid-Market,3,Steady Mid-Value,SMB,60,39,8198.13,0.9487179487179487,0.9823794871794872
308,SMB,3,Steady Mid-Value,SMB,195,26,2663.31,0.8846153846153846,0.9760000000000001
309,Mid-Market,1,High-Value Core,Mid-Market,7,45,7048.94,0.8666666666666667,0.99762
310,Mid-Market,1,High-Value Core,Mid-Market,40,20,2070.04,0.9,0.9829700000000001
311,SMB,3,Steady Mid-Value,SMB,36,6,576.71,0.8333333333333334,0.9344333333333332
312,Mid-Market,1,High-Value Core,Mid-Market,7,61,10050.76,0.9180327868852459,1.0020754098360656
313,Mid-Market,3,Steady Mid-Value,SMB,31,8,764.31,0.875,0.960375
314,Mid-Market,1,High-Value Core,Mid-Market,94,26,4197.9400000000005,0.8461538461538461,0.9928769230769231
315,Mid-Market,1,High-Value Core,Mid-Market,7,21,2691.65,0.8571428571428571,0.965995238095238
316,Mid-Market,1,High-Value Core,Mid-Market,6,73,9517.78,0.8356164383561644,0.9806767123287671
317,Mid-Market,1,High-Value Core,Mid-Market,24,52,7432.95,0.8653846153846154,1.0118557692307693
318,SMB,3,Steady Mid-Value,SMB,59,25,2520.75,0.88,0.9584
319,Mid-Market,1,High-Value Core,Mid-Market,16,82,15769.98,0.926829268292683,0.9922207317073171
320,Occasional,0,Low-Engagement / Occasional,Occasional,485,17,2464.59,0.8823529411764706,0.9904117647058823
321,Occasional,0,Low-Engagement / Occasional,Occasional,75,8,993.02,1.0,0.9735125
322,SMB,0,Low-Engagement / Occasional,Occasional,88,9,1726.44,0.8888888888888888,0.9610000000000001
323,Mid-Market,3,Steady Mid-Value,SMB,27,20,2511.07,0.9,0.9748849999999999
324,SMB,3,Steady Mid-Value,SMB,55,14,3161.35,1.0,0.9496642857142857
325,Occasional,0,Low-Engagement / Occasional,Occasional,257,14,2184.44,0.8571428571428571,0.9804642857142857
326,SMB,2,Price-Sensitive / At-Risk,Occasional,10,9,1489.05,0.7777777777777778,0.9959777777777779
327,SMB,0,Low-Engagement / Occasional,Occasional,87,12,1814.6200000000001,1.0,0.9571166666666667
328,SMB,3,Steady Mid-Value,SMB,40,22,4579.74,0.8636363636363636,0.9736818181818182
329,SMB,0,Low-Engagement / Occasional,Occasional,49,4,430.77,1.0,0.935875
330,Mid-Market,1,High-Value Core,Mid-Market,61,36,5139.84,0.9166666666666666,1.0024694444444444
331,SMB,3,Steady Mid-Value,SMB,204,31,6938.99,0.9354838709677419,0.9689677419354839
332,Mid-Market,1,High-Value Core,Mid-Market,67,82,12588.29,0.9024390243902439,0.9719146341463415
333,SMB,3,Steady Mid-Value,SMB,11,22,3321.08,0.8181818181818182,0.9720681818181819
334,Occasional,0,Low-Engagement / Occasional,Occasional,152,17,2157.08,0.8823529411764706,0.9643882352941177
335,Mid-Market,1,High-Value Core,Mid-Market,9,60,9714.09,0.8666666666666667,1.0133750000000001
336,SMB,2,Price-Sensitive / At-Risk,Occasional,4,13,1943.86,0.6923076923076923,0.9812923076923077
337,Mid-Market,1,High-Value Core,Mid-Market,36,57,13558.119999999999,0.9649122807017544,1.0017719298245613
338,SMB,3,Steady Mid-Value,SMB,95,39,5978.360000000001,0.9230769230769231,0.9606
339,Mid-Market,1,High-Value Core,Mid-Market,10,55,11163.460000000001,0.8545454545454545,0.9870818181818182
340,Occasional,2,Price-Sensitive / At-Risk,Occasional,322,12,2163.19,0.75,0.97015
341,Mid-Market,1,High-Value Core,Mid-Market,12,62,11864.53,0.9032258064516129,0.9897467741935484
342,Occasional,0,Low-Engagement / Occasional,Occasional,81,3,118.48,1.0,0.9263
343,SMB,3,Steady Mid-Value,SMB,2,15,1889.29,0.8666666666666667,0.9841333333333334
344,SMB,3,Steady Mid-Value,SMB,46,7,944.6199999999999,1.0,0.9045714285714286
345,SMB,3,Steady Mid-Value,SMB,35,30,7261.83,0.9,0.9777633333333334
346,SMB,0,Low-Engagement / Occasional,Occasional,93,11,1714.97,0.9090909090909091,0.9556545454545454
347,Occasional,0,Low-Engagement / Occasional,Occasional,135,9,961.81,0.8888888888888888,0.9403333333333332
348,Mid-Market,1,High-Value Core,Mid-Market,12,45,10039.2,0.8888888888888888,0.97878
349,SMB,3,Steady Mid-Value,SMB,15,30,5697.58,0.8666666666666667,0.9816966666666667
350,Mid-Market,1,High-Value Core,Mid-Market,70,20,4072.7799999999997,0.95,1.0049649999999999
351,SMB,3,Steady Mid-Value,SMB,58,28,7008.08,0.8928571428571429,0.9763821428571429
352,Mid-Market,1,High-Value Core,Mid-Market,8,54,9664.47,0.8333333333333334,1.014585185185185
353,SMB,3,Steady Mid-Value,SMB,72,24,5413.53,0.9583333333333334,0.9747958333333333
354,SMB,2,Price-Sensitive / At-Risk,Occasional,10,16,2408.32,0.8125,0.95855
355,SMB,3,Steady Mid-Value,SMB,137,29,5363.54,0.896551724137931,0.9856758620689656
356,SMB,3,Steady Mid-Value,SMB,35,31,4237.88,0.8064516129032258,0.984958064516129
357,SMB,3,Steady Mid-Value,SMB,5,27,5966.13,0.9629629629629629,0.9555296296296296
358,SMB,3,Steady Mid-Value,SMB,139,10,1383.43,1.0,0.9645300000000001
359,SMB,3,Steady Mid-Value,SMB,4,13,2219.1,0.9230769230769231,0.9633846153846153
360,SMB,3,Steady Mid-Value,SMB,26,8,1376.0600000000002,1.0,0.9895625
361,Occasional,0,Low-Engagement / Occasional,Occasional,56,2,234.12,1.0,0.93855
362,Mid-Market,3,Steady Mid-Value,SMB,186,29,5666.78,0.8620689655172413,0.9711206896551725
363,Mid-Market,1,High-Value Core,Mid-Market,21,22,4210.29,0.9090909090909091,0.9936545454545453
364,Mid-Market,1,High-Value Core,Mid-Market,31,75,12441.66,0.9333333333333333,0.976724
365,SMB,0,Low-Engagement / Occasional,Occasional,45,4,344.85,1.0,0.897025
366,Mid-Market,1,High-Value Core,Mid-Market,10,49,9450.45,0.9183673469387755,0.9986428571428572
367,SMB,3,Steady Mid-Value,SMB,270,11,2268.13,0.9090909090909091,0.9768
368,SMB,3,Steady Mid-Value,SMB,11,33,5675.95,0.9696969696969697,0.9705757575757574
369,Mid-Market,1,High-Value Core,Mid-Market,20,74,11008.98,0.8783783783783784,0.9752108108108107
370,Occasional,2,Price-Sensitive / At-Risk,Occasional,157,4,502.83000000000004,0.75,0.908575
371,SMB,3,Steady Mid-Value,SMB,41,28,4315.42,0.9285714285714286,0.965925
372,Mid-Market,1,High-Value Core,Mid-Market,127,66,12384.18,0.9393939393939394,0.9967333333333334
373,Mid-Market,1,High-Value Core,Mid-Market,67,41,6310.48,0.9512195121951219,0.9995975609756097
374,Mid-Market,1,High-Value Core,Mid-Market,13,86,13831.64,0.9069767441860465,0.9725837209302326
375,Mid-Market,1,High-Value Core,Mid-Market,69,55,9553.49,0.9818181818181818,0.9700490909090909
376,Mid-Market,1,High-Value Core,Mid-Market,3,21,2915.81,1.0,1.0057476190476191
377,Occasional,0,Low-Engagement / Occasional,Occasional,98,6,1264.73,1.0,0.9006333333333334
378,SMB,2,Price-Sensitive / At-Risk,Occasional,176,19,3179.86,0.7894736842105263,0.9740157894736842
379,Mid-Market,1,High-Value Core,Mid-Market,63,52,9461.18,0.9615384615384616,0.9834326923076924
380,SMB,0,Low-Engagement / Occasional,Occasional,250,9,2416.5,1.0,0.9437888888888888
381,SMB,3,Steady Mid-Value,SMB,281,26,6688.88,0.8461538461538461,0.9564461538461538
382,Occasional,0,Low-Engagement / Occasional,Occasional,81,14,3298.25,0.9285714285714286,0.92995
383,SMB,3,Steady Mid-Value,SMB,142,27,4681.63,0.8518518518518519,0.9947703703703703
384,SMB,3,Steady Mid-Value,SMB,75,13,1386.4499999999998,0.9230769230769231,0.9673153846153847
385,Mid-Market,1,High-Value Core,Mid-Market,14,52,9821.3,0.9423076923076923,0.9859076923076924
386,Occasional,2,Price-Sensitive / At-Risk,Occasional,288,24,2557.63,0.7916666666666666,0.9572458333333334
387,SMB,3,Steady Mid-Value,SMB,44,45,7176.61,0.9555555555555556,0.9393666666666667
388,Occasional,0,Low-Engagement / Occasional,Occasional,105,17,1922.98,0.8823529411764706,0.9339294117647059
389,Mid-Market,2,Price-Sensitive / At-Risk,Occasional,40,14,1410.03,0.7857142857142857,1.0057357142857142
390,Occasional,0,Low-Engagement / Occasional,Occasional,376,8,1342.45,0.875,0.9270625
391,SMB,3,Steady Mid-Value,SMB,6,35,5975.31,0.9428571428571428,0.9682857142857143
392,Mid-Market,3,Steady Mid-Value,SMB,81,66,7845.58,0.8484848484848485,0.9837348484848486
393,SMB,1,High-Value Core,Mid-Market,8,18,4331.75,0.9444444444444444,0.9979277777777776
394,SMB,3,Steady Mid-Value,SMB,93,18,4720.03,1.0,0.9985055555555555
395,Enterprise,1,High-Value Core,Mid-Market,8,31,5785.22,1.0,1.0319516129032258
396,SMB,3,Steady Mid-Value,SMB,216,40,7004.41,0.85,0.9931875
397,SMB,3,Steady Mid-Value,SMB,86,34,6626.53,0.9117647058823529,0.9843382352941177
398,Mid-Market,1,High-Value Core,Mid-Market,7,97,19560.96,0.9587628865979382,0.9768515463917525
399,SMB,3,Steady Mid-Value,SMB,199,24,3518.2799999999997,0.875,0.9785791666666667
400,SMB,3,Steady Mid-Value,SMB,83,16,2416.57,0.9375,0.970425
401,Mid-Market,1,High-Value Core,Mid-Market,6,31,4320.05,0.8064516129032258,1.0009193548387096
402,Occasional,0,Low-Engagement / Occasional,Occasional,178,15,2405.17,0.9333333333333333,0.9314933333333334
403,SMB,1,High-Value Core,Mid-Market,5,27,3742.0299999999997,0.8518518518518519,0.9767518518518519
404,Mid-Market,1,High-Value Core,Mid-Market,2,34,5027.05,0.9411764705882353,0.9694676470588235
405,Occasional,0,Low-Engagement / Occasional,Occasional,56,11,1762.8400000000001,1.0,0.9008727272727272
406,Occasional,0,Low-Engagement / Occasional,Occasional,249,5,1290.53,1.0,0.95414
407,Mid-Market,1,High-Value Core,Mid-Market,18,51,7900.78,0.9019607843137255,0.9748098039215686
408,Occasional,0,Low-Engagement / Occasional,Occasional,24,8,1752.1799999999998,1.0,0.9757875
409,Mid-Market,1,High-Value Core,Mid-Market,10,52,9268.31,1.0,1.0127903846153847
410,Occasional,0,Low-Engagement / Occasional,Occasional,335,6,759.98,0.8333333333333334,0.9338333333333333
411,SMB,3,Steady Mid-Value,SMB,52,15,2172.9700000000003,0.9333333333333333,0.9364133333333332
412,SMB,3,Steady Mid-Value,SMB,65,26,4978.72,0.9230769230769231,0.9906615384615385
413,Mid-Market,1,High-Value Core,Mid-Market,60,28,6268.07,1.0,0.99285
414,Occasional,0,Low-Engagement / Occasional,Occasional,122,9,1831.26,1.0,0.9297333333333333
415,Enterprise,1,High-Value Core,Mid-Market,3,67,12803.5,0.9850746268656716,1.035316417910448
416,Mid-Market,3,Steady Mid-Value,SMB,62,76,12819.93,0.9473684210526315,0.9729921052631579
417,Mid-Market,3,Steady Mid-Value,SMB,81,9,885.0,1.0,0.9400111111111111
418,SMB,3,Steady Mid-Value,SMB,8,9,983.4300000000001,1.0,0.9562666666666667
419,Mid-Market,1,High-Value Core,Mid-Market,29,61,8939.54,0.9180327868852459,0.9931737704918032
420,Occasional,0,Low-Engagement / Occasional,Occasional,160,8,2526.65,1.0,0.9798125
421,SMB,3,Steady Mid-Value,SMB,246,10,3271.27,1.0,0.95971
422,Enterprise,1,High-Value Core,Mid-Market,14,55,10191.1,0.9272727272727272,1.0246545454545455
423,Enterprise,1,High-Value Core,Mid-Market,1,95,21307.45,0.9789473684210527,1.0443484210526315
424,Enterprise,1,High-Value Core,Mid-Market,14,17,4312.27,1.0,1.049394117647059
425,SMB,3,Steady Mid-Value,SMB,110,29,6421.49,0.896551724137931,0.9793551724137931
426,SMB,3,Steady Mid-Value,SMB,100,35,5124.76,0.9428571428571428,0.9452371428571429
427,Mid-Market,1,High-Value Core,Mid-Market,4,47,11179.880000000001,0.9787234042553191,0.9649489361702128
428,Occasional,2,Price-Sensitive / At-Risk,Occasional,54,6,492.77000000000004,0.8333333333333334,0.9510166666666667
429,Enterprise,1,High-Value Core,Mid-Market,4,69,13261.6,0.9130434782608695,1.0407840579710144
430,SMB,2,Price-Sensitive / At-Risk,Occasional,29,12,768.6600000000001,0.6666666666666666,0.9499416666666667
431,Occasional,2,Price-Sensitive / At-Risk,Occasional,3,4,854.97,0.75,0.916775
432,SMB,3,Steady Mid-Value,SMB,23,12,2130.6,0.8333333333333334,0.9702166666666666
433,SMB,0,Low-Engagement / Occasional,Occasional,22,5,426.81,1.0,0.9709
434,Occasional,0,Low-Engagement / Occasional,Occasional,86,4,664.9,1.0,0.957275
435,Enterprise,1,High-Value Core,Mid-Market,8,29,3587.28,0.8275862068965517,1.0329793103448275
436,Mid-Market,1,High-Value Core,Mid-Market,18,9,2116.44,1.0,0.9676444444444444
437,Mid-Market,1,High-Value Core,Mid-Market,73,42,9345.84,0.9047619047619048,0.9941095238095239
438,SMB,3,Steady Mid-Value,SMB,138,40,8271.8,0.975,0.9654925000000001
439,SMB,3,Steady Mid-Value,SMB,38,37,7124.95,0.918918918918919,0.9692837837837839
440,SMB,2,Price-Sensitive / At-Risk,Occasional,38,6,912.31,0.8333333333333334,0.9757666666666668
441,Occasional,0,Low-Engagement / Occasional,Occasional,21,9,1295.65,0.8888888888888888,0.9607555555555555
442,Mid-Market,1,High-Value Core,Mid-Market,34,26,3802.08,0.8846153846153846,0.9772153846153846
443,SMB,3,Steady Mid-Value,SMB,103,9,1318.96,0.8888888888888888,0.9243
444,Mid-Market,3,Steady Mid-Value,SMB,27,22,5070.14,1.0,0.9802272727272728
445,Mid-Market,1,High-Value Core,Mid-Market,61,29,6648.99,1.0,0.9687517241379311
446,SMB,3,Steady Mid-Value,SMB,265,25,4698.84,0.88,0.969188
447,Occasional,3,Steady Mid-Value,SMB,11,18,2785.17,0.8888888888888888,0.9460166666666665
448,SMB,0,Low-Engagement / Occasional,Occasional,65,4,354.56,1.0,0.968025
449,Enterprise,1,High-Value Core,Mid-Market,16,30,6800.96,0.9666666666666667,1.0316800000000002
450,SMB,3,Steady Mid-Value,SMB,52,27,5513.41,0.9629629629629629,0.9498925925925926
451,Enterprise,1,High-Value Core,Mid-Market,87,17,2093.89,0.8823529411764706,1.0333176470588237
452,Occasional,0,Low-Engagement / Occasional,Occasional,28,8,1866.62,0.875,0.9511000000000001
453,SMB,0,Low-Engagement / Occasional,Occasional,295,8,1185.13,0.875,0.9374750000000001
454,Mid-Market,1,High-Value Core,Mid-Market,15,33,5806.22,1.0,0.9824848484848484
455,Mid-Market,1,High-Value Core,Mid-Market,7,38,7490.54,0.9210526315789473,0.9805131578947369
456,Mid-Market,1,High-Value Core,Mid-Market,21,65,12322.880000000001,0.8923076923076924,0.9850061538461539
457,Occasional,3,Steady Mid-Value,SMB,32,15,3426.48,0.9333333333333333,0.9895866666666666
458,SMB,3,Steady Mid-Value,SMB,3,18,3415.27,0.8333333333333334,0.9664444444444444
459,SMB,3,Steady Mid-Value,SMB,90,10,1033.3,1.0,0.9713800000000001
460,SMB,3,Steady Mid-Value,SMB,89,29,4613.04,0.9310344827586207,0.9879827586206896
461,SMB,0,Low-Engagement / Occasional,Occasional,317,25,4070.48,0.96,0.97512
462,Mid-Market,1,High-Value Core,Mid-Market,17,31,5439.33,0.9354838709677419,0.9682548387096774
463,Occasional,2,Price-Sensitive / At-Risk,Occasional,5,11,1628.98,0.8181818181818182,0.9556636363636364
464,Mid-Market,1,High-Value Core,Mid-Market,119,28,4985.51,0.9285714285714286,0.9937785714285715
465,SMB,3,Steady Mid-Value,SMB,78,32,5657.7,0.9375,0.972584375
466,SMB,3,Steady Mid-Value,SMB,230,22,4739.16,0.9090909090909091,0.9801000000000001
467,SMB,3,Steady Mid-Value,SMB,49,32,3487.63,0.875,0.9454812499999999
468,Occasional,0,Low-Engagement / Occasional,Occasional,13,6,1375.47,1.0,0.9327166666666667
469,Mid-Market,3,Steady Mid-Value,SMB,20,17,1970.33,0.9411764705882353,0.9712235294117647
470,SMB,3,Steady Mid-Value,SMB,9,36,6342.22,0.9444444444444444,0.9734250000000001
471,Mid-Market,1,High-Value Core,Mid-Market,5,55,10638.78,0.7818181818181819,1.001149090909091
472,SMB,3,Steady Mid-Value,SMB,37,7,1394.73,1.0,0.9512
473,Mid-Market,1,High-Value Core,Mid-Market,8,59,9204.64,0.9322033898305084,0.9920474576271187
474,Mid-Market,1,High-Value Core,Mid-Market,25,17,3349.67,0.9411764705882353,0.9871235294117646
475,Mid-Market,1,High-Value Core,Mid-Market,6,17,1757.86,1.0,0.9866294117647059
476,Mid-Market,1,High-Value Core,Mid-Market,22,71,11521.73,0.8873239436619719,0.9679704225352113
477,Mid-Market,1,High-Value Core,Mid-Market,81,60,10472.22,0.9,1.0016283333333333
478,SMB,3,Steady Mid-Value,SMB,25,14,2030.63,0.9285714285714286,0.9689428571428572
479,SMB,3,Steady Mid-Value,SMB,57,42,8731.55,0.9047619047619048,0.971947619047619
480,Mid-Market,1,High-Value Core,Mid-Market,34,37,5492.06,0.8918918918918919,0.9967972972972974
481,Mid-Market,3,Steady Mid-Value,SMB,91,60,9980.71,0.9,0.9611216666666667
482,Mid-Market,3,Steady Mid-Value,SMB,108,32,4673.18,0.9375,0.980896875
483,SMB,2,Price-Sensitive / At-Risk,Occasional,221,23,3158.1,0.782608695652174,1.016813043478261
484,Mid-Market,1,High-Value Core,Mid-Market,32,36,7094.13,0.9722222222222222,0.9712555555555554
485,Enterprise,1,High-Value Core,Mid-Market,70,26,4370.16,1.0,1.054323076923077
486,Mid-Market,1,High-Value Core,Mid-Market,3,47,10513.09,0.9361702127659575,0.9671085106382978
487,SMB,3,Steady Mid-Value,SMB,8,21,4883.17,0.8571428571428571,0.9730285714285714
488,Mid-Market,1,High-Value Core,Mid-Market,125,45,8214.63,0.8666666666666667,1.0041777777777778
489,SMB,3,Steady Mid-Value,SMB,99,5,1290.35,1.0,0.97058
490,SMB,3,Steady Mid-Value,SMB,30,34,7612.67,0.9117647058823529,0.9830764705882352
491,SMB,3,Steady Mid-Value,SMB,198,31,4333.13,0.9354838709677419,0.9814935483870968
492,SMB,3,Steady Mid-Value,SMB,36,20,1851.8899999999999,0.9,1.02217
493,SMB,0,Low-Engagement / Occasional,Occasional,130,9,908.64,0.8888888888888888,0.9415333333333334
494,Mid-Market,1,High-Value Core,Mid-Market,10,23,5222.54,0.9565217391304348,0.9885217391304348
495,SMB,3,Steady Mid-Value,SMB,125,27,3399.83,0.8888888888888888,0.9800814814814814
496,SMB,3,Steady Mid-Value,SMB,262,32,6108.0,0.875,0.98129375
497,SMB,3,Steady Mid-Value,SMB,103,20,4564.969999999999,0.95,0.9765600000000001
498,SMB,3,Steady Mid-Value,SMB,2,16,2470.9900000000002,0.875,0.97941875
499,Mid-Market,1,High-Value Core,Mid-Market,27,47,8543.74,0.9148936170212766,0.9908489361702127
500,SMB,1,High-Value Core,Mid-Market,21,47,18611.77,0.9574468085106383,0.9889808510638298
501,SMB,2,Price-Sensitive / At-Risk,Occasional,14,9,632.35,0.7777777777777778,1.003311111111111
502,Occasional,2,Price-Sensitive / At-Risk,Occasional,102,4,468.15,0.75,0.9405
503,Occasional,2,Price-Sensitive / At-Risk,Occasional,450,7,549.24,0.7142857142857143,0.9442428571428572
504,SMB,3,Steady Mid-Value,SMB,56,19,3277.33,0.8947368421052632,0.9602263157894736
505,SMB,3,Steady Mid-Value,SMB,28,35,5711.93,0.9428571428571428,0.9451571428571429
506,SMB,2,Price-Sensitive / At-Risk,Occasional,253,32,3472.92,0.78125,0.95856875
507,Mid-Market,3,Steady Mid-Value,SMB,120,66,10599.3,0.9242424242424242,0.9963560606060606
508,Occasional,0,Low-Engagement / Occasional,Occasional,410,10,1028.59,0.9,0.97901
509,SMB,3,Steady Mid-Value,SMB,40,22,2863.38,0.8636363636363636,0.9936909090909091
510,Mid-Market,1,High-Value Core,Mid-Market,3,63,10524.46,0.9841269841269841,0.9806126984126985
511,Enterprise,1,High-Value Core,Mid-Market,29,114,24909.09,0.956140350877193,1.0410280701754386
512,Occasional,0,Low-Engagement / Occasional,Occasional,115,2,255.8,1.0,1.0558
513,Enterprise,1,High-Value Core,Mid-Market,19,82,13461.87,0.9390243902439024,1.0430634146341464
514,Mid-Market,1,High-Value Core,Mid-Market,22,41,6319.12,0.926829268292683,0.9946268292682926
515,Mid-Market,3,Steady Mid-Value,SMB,200,39,5259.65,0.8461538461538461,0.996874358974359
516,Mid-Market,1,High-Value Core,Mid-Market,105,58,15346.470000000001,0.9827586206896551,1.007648275862069
517,Mid-Market,3,Steady Mid-Value,SMB,24,12,2720.59,0.9166666666666666,1.0047666666666666
518,SMB,3,Steady Mid-Value,SMB,17,15,2270.65,0.9333333333333333,0.9651733333333333
519,Enterprise,1,High-Value Core,Mid-Market,16,28,6169.74,1.0,1.0422035714285713
520,SMB,2,Price-Sensitive / At-Risk,Occasional,82,25,1821.17,0.76,0.979132
521,Occasional,0,Low-Engagement / Occasional,Occasional,235,12,1263.54,1.0,0.9645916666666667
522,Mid-Market,3,Steady Mid-Value,SMB,106,48,7371.25,0.8333333333333334,0.9744083333333333
523,Mid-Market,1,High-Value Core,Mid-Market,20,40,7695.94,0.975,0.9864475
524,SMB,3,Steady Mid-Value,SMB,93,21,4879.15,0.9523809523809523,0.9912000000000001
525,Mid-Market,1,High-Value Core,Mid-Market,4,41,6830.98,0.926829268292683,0.9972585365853658
526,Mid-Market,1,High-Value Core,Mid-Market,65,63,11222.12,0.8888888888888888,1.0007539682539683
527,Occasional,3,Steady Mid-Value,SMB,38,9,1074.85,0.8888888888888888,1.0056777777777777
528,Occasional,3,Steady Mid-Value,SMB,63,13,1693.15,0.9230769230769231,0.9553307692307692
529,SMB,3,Steady Mid-Value,SMB,99,22,5040.19,0.9090909090909091,0.9696363636363636
530,Mid-Market,1,High-Value Core,Mid-Market,13,27,5311.64,1.0,1.007425925925926
531,SMB,3,Steady Mid-Value,SMB,53,6,741.9100000000001,1.0,0.9850500000000001
532,SMB,2,Price-Sensitive / At-Risk,Occasional,32,10,911.6899999999999,0.5,0.97854
533,Mid-Market,1,High-Value Core,Mid-Market,18,75,13657.07,0.92,0.9728093333333334
534,SMB,1,High-Value Core,Mid-Market,19,10,2064.6,1.0,0.9978400000000001
535,Enterprise,1,High-Value Core,Mid-Market,15,90,14527.3,0.9111111111111111,1.0368833333333334
536,Mid-Market,3,Steady Mid-Value,SMB,51,47,6833.74,0.9148936170212766,0.9788744680851064
537,SMB,3,Steady Mid-Value,SMB,184,22,4715.09,0.9545454545454546,0.9692409090909091
538,Mid-Market,1,High-Value Core,Mid-Market,29,63,12752.67,0.9523809523809523,0.9844460317460317
539,Mid-Market,1,High-Value Core,Mid-Market,5,20,4460.16,1.0,0.9986
540,Occasional,0,Low-Engagement / Occasional,Occasional,118,9,2124.16,1.0,0.9769111111111111
541,Occasional,2,Price-Sensitive / At-Risk,Occasional,31,2,833.89,0.5,0.9278
542,SMB,3,Steady Mid-Value,SMB,24,10,1140.45,0.9,0.9723599999999999
543,Occasional,2,Price-Sensitive / At-Risk,Occasional,47,9,812.15,0.7777777777777778,0.9340111111111111
544,Occasional,2,Price-Sensitive / At-Risk,Occasional,384,4,782.8100000000001,0.75,0.888125
545,Mid-Market,1,High-Value Core,Mid-Market,35,47,8837.93,0.9361702127659575,0.9896914893617021
546,SMB,3,Steady Mid-Value,SMB,12,21,3530.83,0.9047619047619048,0.9774952380952381
547,Mid-Market,3,Steady Mid-Value,SMB,63,25,3479.04,0.96,0.990188
548,Mid-Market,1,High-Value Core,Mid-Market,17,38,6404.61,0.9473684210526315,0.9940999999999999
549,SMB,0,Low-Engagement / Occasional,Occasional,21,6,657.3,1.0,0.9397833333333333
550,SMB,3,Steady Mid-Value,SMB,67,8,1157.78,0.875,0.986175
551,SMB,3,Steady Mid-Value,SMB,57,21,2763.25,0.9047619047619048,0.9723761904761906
552,Mid-Market,2,Price-Sensitive / At-Risk,Occasional,21,7,1143.1100000000001,0.7142857142857143,1.0021142857142855
553,Mid-Market,1,High-Value Core,Mid-Market,43,77,12491.27,0.974025974025974,0.9871051948051948
554,Occasional,0,Low-Engagement / Occasional,Occasional,77,2,264.56,1.0,0.9626
555,Enterprise,1,High-Value Core,Mid-Market,53,89,17183.03,0.9775280898876404,1.0333224719101124
556,Mid-Market,1,High-Value Core,Mid-Market,27,57,10361.26,0.9298245614035088,0.9991614035087719
557,Mid-Market,1,High-Value Core,Mid-Market,39,24,4451.61,0.9583333333333334,0.9884708333333333
558,SMB,3,Steady Mid-Value,SMB,46,30,4899.9,0.9666666666666667,0.9754366666666667
559,SMB,3,Steady Mid-Value,SMB,3,9,1436.91,0.8888888888888888,0.9635888888888888
560,SMB,3,Steady Mid-Value,SMB,38,23,4353.91,0.9565217391304348,0.9775956521739131
561,Mid-Market,3,Steady Mid-Value,SMB,44,48,8716.22,0.9166666666666666,0.9812020833333333
562,Mid-Market,1,High-Value Core,Mid-Market,28,49,7544.76,0.9591836734693877,1.0120408163265306
563,Occasional,0,Low-Engagement / Occasional,Occasional,174,7,1275.67,1.0,0.9649571428571428
564,SMB,0,Low-Engagement / Occasional,Occasional,148,6,429.72,1.0,0.9798666666666667
565,SMB,2,Price-Sensitive / At-Risk,Occasional,33,35,4129.63,0.8,0.97694
566,SMB,3,Steady Mid-Value,SMB,83,18,4182.12,0.9444444444444444,0.9656555555555555
567,SMB,3,Steady Mid-Value,SMB,45,10,1723.01,0.9,0.95387
568,Enterprise,1,High-Value Core,Mid-Market,10,71,14911.98,0.9577464788732394,1.0413352112676055
569,Mid-Market,1,High-Value Core,Mid-Market,2,38,6505.21,0.9736842105263158,0.9813999999999999
570,SMB,3,Steady Mid-Value,SMB,53,26,4564.7300000000005,1.0,0.972876923076923
571,Mid-Market,3,Steady Mid-Value,SMB,91,74,12392.78,0.9324324324324325,0.982372972972973
572,Occasional,0,Low-Engagement / Occasional,Occasional,807,2,2140.89,1.0,0.9217
573,SMB,3,Steady Mid-Value,SMB,4,9,2607.49,1.0,0.9486555555555556
574,SMB,3,Steady Mid-Value,SMB,19,14,2403.23,0.8571428571428571,0.9562928571428572
575,Occasional,2,Price-Sensitive / At-Risk,Occasional,118,15,2525.76,0.7333333333333333,0.9446866666666668
576,SMB,3,Steady Mid-Value,SMB,3,28,3322.23,0.8214285714285714,0.9734964285714286
577,Occasional,3,Steady Mid-Value,SMB,2,4,1316.18,1.0,0.9803999999999999
578,SMB,3,Steady Mid-Value,SMB,149,12,2683.5899999999997,0.9166666666666666,0.991875
579,Occasional,0,Low-Engagement / Occasional,Occasional,12,4,484.32000000000005,1.0,0.9537
580,Mid-Market,1,High-Value Core,Mid-Market,24,60,10687.81,0.9333333333333333,0.9693400000000001
581,SMB,0,Low-Engagement / Occasional,Occasional,136,12,1047.8700000000001,0.9166666666666666,0.954875
582,SMB,3,Steady Mid-Value,SMB,2,25,3648.52,0.92,0.9790479999999999
583,Mid-Market,3,Steady Mid-Value,SMB,47,49,9320.93,0.8979591836734694,0.9866755102040816
584,Mid-Market,3,Steady Mid-Value,SMB,82,64,9464.16,0.921875,0.95173125
585,Occasional,0,Low-Engagement / Occasional,Occasional,419,9,564.47,0.8888888888888888,0.9626444444444444
586,SMB,3,Steady Mid-Value,SMB,105,22,2765.0699999999997,0.9545454545454546,0.9677681818181818
587,Mid-Market,1,High-Value Core,Mid-Market,43,62,11433.23,0.8870967741935484,0.9886032258064515
588,Mid-Market,1,High-Value Core,Mid-Market,50,41,7524.79,0.9512195121951219,1.0087243902439025
589,Mid-Market,3,Steady Mid-Value,SMB,119,39,5587.54,0.8717948717948718,0.965123076923077
590,Enterprise,1,High-Value Core,Mid-Market,1,30,5939.14,1.0,1.0628366666666667
591,Occasional,0,Low-Engagement / Occasional,Occasional,77,12,4242.72,0.9166666666666666,0.9480083333333335
592,SMB,3,Steady Mid-Value,SMB,6,42,4608.42,0.8571428571428571,0.9697714285714285
593,Mid-Market,1,High-Value Core,Mid-Market,12,59,8840.97,0.9491525423728814,0.9762745762711864
594,SMB,3,Steady Mid-Value,SMB,143,5,1710.36,1.0,0.94878
595,Enterprise,1,High-Value Core,Mid-Market,21,96,19303.32,0.9166666666666666,1.027865625
596,Mid-Market,1,High-Value Core,Mid-Market,63,32,7217.09,0.96875,0.98249375
597,SMB,3,Steady Mid-Value,SMB,6,11,1233.3300000000002,0.9090909090909091,0.9504181818181817
598,SMB,3,Steady Mid-Value,SMB,45,21,3082.45,0.8571428571428571,0.9717761904761905
599,Occasional,0,Low-Engagement / Occasional,Occasional,184,8,1480.02,1.0,1.0042125
600,SMB,3,Steady Mid-Value,SMB,7,24,5381.29,0.9583333333333334,0.9725333333333334
601,SMB,3,Steady Mid-Value,SMB,13,30,3966.27,0.9666666666666667,0.9451066666666667
602,SMB,3,Steady Mid-Value,SMB,17,33,6460.14,1.0,0.979409090909091
603,Occasional,2,Price-Sensitive / At-Risk,Occasional,35,5,1263.23,0.8,0.97156
604,SMB,2,Price-Sensitive / At-Risk,Occasional,9,6,288.82,0.8333333333333334,0.94475
605,Occasional,0,Low-Engagement / Occasional,Occasional,171,11,1971.08,0.9090909090909091,0.9697
606,SMB,3,Steady Mid-Value,SMB,7,34,5513.8099999999995,0.9411764705882353,0.9799411764705882
607,Occasional,2,Price-Sensitive / At-Risk,Occasional,449,4,173.31,0.5,0.95855
608,Mid-Market,1,High-Value Core,Mid-Market,17,40,6516.35,0.875,0.99362
609,SMB,3,Steady Mid-Value,SMB,33,18,2332.2599999999998,1.0,0.9687166666666668
610,SMB,3,Steady Mid-Value,SMB,53,15,2641.63,1.0,0.9527866666666667
611,SMB,3,Steady Mid-Value,SMB,26,28,3970.87,0.8214285714285714,0.9512642857142858
612,SMB,3,Steady Mid-Value,SMB,41,12,2081.11,0.9166666666666666,0.9645416666666667
613,Occasional,0,Low-Engagement / Occasional,Occasional,556,8,1234.91,0.875,0.95505
614,Occasional,0,Low-Engagement / Occasional,Occasional,226,9,1483.73,0.8888888888888888,0.9515666666666667
615,Mid-Market,1,High-Value Core,Mid-Market,22,46,9088.96,0.9565217391304348,0.965204347826087
616,SMB,3,Steady Mid-Value,SMB,28,13,1596.04,0.9230769230769231,0.962176923076923
617,SMB,3,Steady Mid-Value,SMB,47,10,2323.7599999999998,1.0,1.01897
618,Mid-Market,3,Steady Mid-Value,SMB,35,59,7974.72,0.8813559322033898,0.9882440677966101
619,Mid-Market,3,Steady Mid-Value,SMB,119,62,12396.07,0.9354838709677419,0.9678112903225806
620,Enterprise,1,High-Value Core,Mid-Market,27,26,3564.68,1.0,1.0484384615384614
621,SMB,3,Steady Mid-Value,SMB,88,18,3535.0,0.9444444444444444,0.9678388888888888
622,SMB,2,Price-Sensitive / At-Risk,Occasional,47,27,2697.24,0.7777777777777778,0.9872481481481481
623,Occasional,3,Steady Mid-Value,SMB,36,20,3175.81,0.9,0.96689
624,SMB,3,Steady Mid-Value,SMB,148,46,7248.33,0.9347826086956522,0.9832152173913044
625,Occasional,2,Price-Sensitive / At-Risk,Occasional,230,3,401.38,0.6666666666666666,0.9300666666666667
626,Mid-Market,1,High-Value Core,Mid-Market,52,12,2497.47,1.0,1.0037083333333334
627,SMB,3,Steady Mid-Value,SMB,4,32,5949.94,0.90625,0.96065625
628,Mid-Market,1,High-Value Core,Mid-Market,20,64,15247.7,0.90625,0.9947609374999999
629,SMB,3,Steady Mid-Value,SMB,13,30,4887.31,0.9333333333333333,0.97349
630,SMB,3,Steady Mid-Value,SMB,81,29,5696.46,0.9310344827586207,0.9648448275862068
631,Occasional,3,Steady Mid-Value,SMB,33,13,2187.23,0.9230769230769231,0.9544538461538461
632,SMB,3,Steady Mid-Value,SMB,37,20,4321.49,0.9,0.98515
633,Enterprise,1,High-Value Core,Mid-Market,44,11,2968.83,0.9090909090909091,1.0259636363636364
634,Mid-Market,1,High-Value Core,Mid-Market,12,60,10196.71,0.9333333333333333,0.9882683333333334
635,Enterprise,1,High-Value Core,Mid-Market,6,107,20764.29,0.9719626168224299,1.0373990654205607
636,Mid-Market,1,High-Value Core,Mid-Market,6,64,10089.68,0.875,0.977975
637,SMB,3,Steady Mid-Value,SMB,41,24,5658.75,0.875,0.9767458333333333
638,SMB,3,Steady Mid-Value,SMB,3,19,2999.88,0.8421052631578947,0.9717368421052632
639,SMB,3,Steady Mid-Value,SMB,135,43,6769.71,0.8837209302325582,0.9585209302325581
640,Occasional,2,Price-Sensitive / At-Risk,Occasional,195,5,468.92,0.8,0.9966800000000001
641,SMB,0,Low-Engagement / Occasional,Occasional,104,16,2034.04,0.9375,0.9739249999999999
642,SMB,3,Steady Mid-Value,SMB,17,13,2465.05,0.8461538461538461,1.0054
643,Enterprise,1,High-Value Core,Mid-Market,51,66,14723.06,0.9545454545454546,1.0351272727272727
644,Mid-Market,1,High-Value Core,Mid-Market,32,68,13570.94,1.0,0.9834588235294118
645,SMB,3,Steady Mid-Value,SMB,1,35,7741.83,0.9428571428571428,0.9677828571428572
646,Occasional,0,Low-Engagement / Occasional,Occasional,279,7,863.1800000000001,0.8571428571428571,0.9403285714285714
647,Enterprise,1,High-Value Core,Mid-Market,6,75,17006.91,0.9733333333333334,1.0413973333333333
648,SMB,2,Price-Sensitive / At-Risk,Occasional,17,8,1498.5500000000002,0.75,0.9461125
649,SMB,2,Price-Sensitive / At-Risk,Occasional,28,8,702.17,0.625,0.9755125
650,Enterprise,1,High-Value Core,Mid-Market,105,98,19593.38,0.9591836734693877,1.0385836734693878
651,Mid-Market,1,High-Value Core,Mid-Market,5,56,10916.02,0.8928571428571429,0.9877410714285714
652,Occasional,0,Low-Engagement / Occasional,Occasional,103,16,2709.4,0.875,0.94175
653,SMB,3,Steady Mid-Value,SMB,15,39,9802.67,0.9487179487179487,0.9687051282051282
654,Mid-Market,1,High-Value Core,Mid-Market,50,60,10579.07,0.9333333333333333,1.00869
655,Occasional,0,Low-Engagement / Occasional,Occasional,54,14,2336.04,0.8571428571428571,0.9180571428571429
656,Mid-Market,1,High-Value Core,Mid-Market,1,43,6379.24,0.9534883720930233,0.9603976744186047
657,Occasional,0,Low-Engagement / Occasional,Occasional,33,15,1775.28,0.9333333333333333,0.9794133333333334
658,Mid-Market,1,High-Value Core,Mid-Market,14,59,7466.76,0.847457627118644,1.004042372881356
659,SMB,2,Price-Sensitive / At-Risk,Occasional,61,27,4914.0,0.8148148148148148,0.9535037037037037
660,Mid-Market,1,High-Value Core,Mid-Market,7,33,5621.44,0.8787878787878788,0.9826363636363636
661,Mid-Market,3,Steady Mid-Value,SMB,30,28,5703.51,0.8928571428571429,0.9735714285714286
662,Occasional,0,Low-Engagement / Occasional,Occasional,132,2,971.85,1.0,0.9598
663,Mid-Market,1,High-Value Core,Mid-Market,31,65,16021.25,0.9384615384615385,0.9742707692307693
664,Mid-Market,1,High-Value Core,Mid-Market,18,65,14722.48,0.9230769230769231,1.0013061538461538
665,Mid-Market,3,Steady Mid-Value,SMB,65,36,7127.7699999999995,0.9722222222222222,0.9933861111111111
666,SMB,3,Steady Mid-Value,SMB,52,20,5612.26,0.9,0.974435
667,SMB,3,Steady Mid-Value,SMB,317,39,7593.400000000001,0.9743589743589743,0.9819589743589743
668,Occasional,0,Low-Engagement / Occasional,Occasional,191,12,1937.9099999999999,0.9166666666666666,0.9494166666666667
669,Mid-Market,1,High-Value Core,Mid-Market,33,39,8003.21,0.9487179487179487,1.0264076923076924
670,Mid-Market,1,High-Value Core,Mid-Market,1,94,18394.16,0.9148936170212766,0.9832510638297872
671,Mid-Market,1,High-Value Core,Mid-Market,6,46,6973.16,0.9565217391304348,0.9957739130434782
672,SMB,1,High-Value Core,Mid-Market,6,25,2543.26,0.8,1.0108199999999998
673,Occasional,0,Low-Engagement / Occasional,Occasional,41,10,905.21,1.0,0.96024
674,SMB,3,Steady Mid-Value,SMB,97,34,6371.58,0.9411764705882353,0.9524735294117646
675,SMB,3,Steady Mid-Value,SMB,47,20,5093.5199999999995,0.9,0.9863200000000001
676,Mid-Market,3,Steady Mid-Value,SMB,75,12,2533.42,1.0,0.9672583333333334
677,Occasional,2,Price-Sensitive / At-Risk,Occasional,93,14,1368.28,0.7142857142857143,0.95355
678,SMB,3,Steady Mid-Value,SMB,88,19,4867.51,0.8947368421052632,0.9553
679,Mid-Market,1,High-Value Core,Mid-Market,6,28,4876.62,0.8571428571428571,1.0212178571428572
680,Mid-Market,1,High-Value Core,Mid-Market,7,60,10536.63,0.9333333333333333,1.00742
681,Enterprise,1,High-Value Core,Mid-Market,3,124,25966.59,0.967741935483871,1.0354064516129031
682,Mid-Market,3,Steady Mid-Value,SMB,15,32,4686.400000000001,0.84375,0.96478125
683,Enterprise,1,High-Value Core,Mid-Market,27,85,19158.23,0.9411764705882353,1.0359058823529412
684,SMB,3,Steady Mid-Value,SMB,63,26,3575.7799999999997,0.8846153846153846,0.9635423076923076
685,SMB,3,Steady Mid-Value,SMB,10,44,11209.99,0.8636363636363636,0.9720636363636364
686,Mid-Market,3,Steady Mid-Value,SMB,110,19,2822.69,0.9473684210526315,0.972678947368421
687,Mid-Market,1,High-Value Core,Mid-Market,58,37,7656.13,0.8918918918918919,0.9858810810810812
688,Occasional,0,Low-Engagement / Occasional,Occasional,227,2,355.51,1.0,0.9076
689,SMB,3,Steady Mid-Value,SMB,58,30,5140.16,0.8666666666666667,0.9618833333333333
690,SMB,3,Steady Mid-Value,SMB,125,26,5096.5199999999995,0.9615384615384616,0.9768769230769231
691,Mid-Market,1,High-Value Core,Mid-Market,35,36,5528.51,0.9444444444444444,0.9844694444444444
692,Occasional,2,Price-Sensitive / At-Risk,Occasional,203,9,1544.71,0.7777777777777778,0.9437222222222221
693,Mid-Market,3,Steady Mid-Value,SMB,221,22,4433.360000000001,0.9545454545454546,1.000968181818182
694,Mid-Market,1,High-Value Core,Mid-Market,62,28,5704.33,0.8928571428571429,0.9965892857142856
695,Occasional,3,Steady Mid-Value,SMB,88,14,2890.31,0.8571428571428571,0.9782571428571429
696,SMB,3,Steady Mid-Value,SMB,189,15,3906.78,0.9333333333333333,0.9977133333333333
697,SMB,3,Steady Mid-Value,SMB,61,30,5301.22,0.8666666666666667,1.0020233333333333
698,SMB,3,Steady Mid-Value,SMB,24,37,6476.27,0.8918918918918919,0.9307351351351351
699,SMB,0,Low-Engagement / Occasional,Occasional,98,5,390.58000000000004,1.0,1.00116
700,Mid-Market,1,High-Value Core,Mid-Market,123,85,19573.72,0.9411764705882353,0.9778270588235295
701,Mid-Market,1,High-Value Core,Mid-Market,34,57,10115.43,0.9649122807017544,0.9762578947368421
702,Mid-Market,3,Steady Mid-Value,SMB,145,63,9370.3,0.9523809523809523,0.9755396825396826
703,Mid-Market,3,Steady Mid-Value,SMB,35,55,7697.88,0.8545454545454545,0.9793999999999999
704,Occasional,0,Low-Engagement / Occasional,Occasional,176,11,3198.78,1.0,0.9506454545454546
705,Mid-Market,3,Steady Mid-Value,SMB,21,56,9176.04,0.9821428571428571,0.9768089285714286
706,SMB,0,Low-Engagement / Occasional,Occasional,71,12,1895.82,0.9166666666666666,0.9982583333333332
707,SMB,3,Steady Mid-Value,SMB,137,7,2777.3999999999996,1.0,1.0256857142857143
708,SMB,3,Steady Mid-Value,SMB,21,35,7422.84,0.8571428571428571,0.978702857142857
709,SMB,0,Low-Engagement / Occasional,Occasional,213,4,475.47,1.0,0.967325
710,SMB,3,Steady Mid-Value,SMB,6,30,5923.82,1.0,0.9555766666666667
711,Occasional,2,Price-Sensitive / At-Risk,Occasional,267,5,501.6,0.8,0.93086
712,SMB,3,Steady Mid-Value,SMB,18,26,7647.85,0.9230769230769231,0.9720269230769231
713,SMB,3,Steady Mid-Value,SMB,23,26,3031.9,0.8846153846153846,0.980273076923077
714,Occasional,0,Low-Engagement / Occasional,Occasional,350,11,1476.79,1.0,0.9444454545454545
715,SMB,3,Steady Mid-Value,SMB,74,16,1429.65,0.875,0.975225
716,Mid-Market,3,Steady Mid-Value,SMB,59,7,2001.1100000000001,1.0,1.0073
717,SMB,3,Steady Mid-Value,SMB,97,29,4200.62,0.9310344827586207,0.9715137931034483
718,Mid-Market,3,Steady Mid-Value,SMB,34,38,7054.35,0.8947368421052632,0.9655815789473683
719,SMB,2,Price-Sensitive / At-Risk,Occasional,301,13,1256.25,0.7692307692307693,0.9616076923076923
720,Occasional,2,Price-Sensitive / At-Risk,Occasional,387,10,1170.83,0.8,0.9705400000000001
721,SMB,3,Steady Mid-Value,SMB,29,32,5655.73,0.9375,0.97755625
722,SMB,3,Steady Mid-Value,SMB,43,18,2180.9700000000003,0.9444444444444444,0.9742333333333334
723,Enterprise,1,High-Value Core,Mid-Market,16,31,7157.58,0.9354838709677419,1.039616129032258
724,Occasional,0,Low-Engagement / Occasional,Occasional,63,13,1251.95,0.9230769230769231,0.9768538461538461
725,Mid-Market,1,High-Value Core,Mid-Market,3,20,2555.47,0.95,0.996435
726,Enterprise,1,High-Value Core,Mid-Market,12,33,5172.2,0.9696969696969697,1.023360606060606
727,Mid-Market,3,Steady Mid-Value,SMB,41,46,10431.18,0.8913043478260869,0.9819760869565218
728,Enterprise,1,High-Value Core,Mid-Market,52,63,13782.13,0.9841269841269841,1.0526857142857142
729,SMB,3,Steady Mid-Value,SMB,74,10,1818.3000000000002,0.9,0.96661
730,SMB,3,Steady Mid-Value,SMB,115,25,4506.63,0.84,1.013036
731,Mid-Market,1,High-Value Core,Mid-Market,28,33,4914.91,0.9090909090909091,0.9946636363636364
732,Enterprise,1,High-Value Core,Mid-Market,5,16,4208.280000000001,1.0,1.04565
733,Mid-Market,1,High-Value Core,Mid-Market,8,40,7765.37,0.9,1.02248
734,Mid-Market,3,Steady Mid-Value,SMB,13,17,2113.06,0.8823529411764706,0.9821941176470588
735,Enterprise,1,High-Value Core,Mid-Market,9,53,9988.75,0.9433962264150944,1.0422849056603773
736,SMB,2,Price-Sensitive / At-Risk,Occasional,125,12,2246.83,0.6666666666666666,0.997975
737,Mid-Market,3,Steady Mid-Value,SMB,116,21,2830.53,0.9047619047619048,0.982852380952381
738,Mid-Market,3,Steady Mid-Value,SMB,45,55,8524.63,0.9636363636363636,0.9742545454545455
739,Mid-Market,3,Steady Mid-Value,SMB,20,61,10063.64,0.9016393442622951,0.9666213114754099
740,Mid-Market,3,Steady Mid-Value,SMB,119,59,13309.45,0.9322033898305084,0.9806745762711865
741,Enterprise,1,High-Value Core,Mid-Market,2,91,19002.14,0.945054945054945,1.0645725274725275
742,Mid-Market,1,High-Value Core,Mid-Market,20,26,4925.51,0.8846153846153846,1.0083192307692308
743,Occasional,0,Low-Engagement / Occasional,Occasional,76,6,962.77,1.0,0.92915
744,Enterprise,1,High-Value Core,Mid-Market,24,83,14980.02,0.9518072289156626,1.035467469879518
745,SMB,3,Steady Mid-Value,SMB,24,50,8108.34,0.92,0.970362
746,SMB,3,Steady Mid-Value,SMB,166,14,3252.94,0.9285714285714286,0.9949428571428571
747,Mid-Market,1,High-Value Core,Mid-Market,1,56,13216.94,0.9107142857142857,0.9900571428571429
748,SMB,3,Steady Mid-Value,SMB,19,9,1684.29,1.0,1.0262444444444445
749,SMB,3,Steady Mid-Value,SMB,49,27,2411.7,0.8888888888888888,0.9596666666666667
750,Occasional,3,Steady Mid-Value,SMB,2,14,1699.54,0.8571428571428571,0.9613285714285714
751,Mid-Market,1,High-Value Core,Mid-Market,64,74,12158.72,0.9459459459459459,1.0029878378378378
752,Mid-Market,1,High-Value Core,Mid-Market,25,74,15644.35,0.972972972972973,0.9714256756756756
753,Mid-Market,3,Steady Mid-Value,SMB,100,12,1938.42,1.0,0.9908416666666667
754,SMB,3,Steady Mid-Value,SMB,40,24,4286.67,0.875,0.9356083333333333
755,SMB,3,Steady Mid-Value,SMB,51,19,3498.44,0.9473684210526315,0.9638052631578947
756,Mid-Market,1,High-Value Core,Mid-Market,54,59,10941.82,0.9661016949152542,0.9828677966101695
757,Mid-Market,1,High-Value Core,Mid-Market,65,56,11122.78,0.9821428571428571,0.9792839285714285
758,Occasional,0,Low-Engagement / Occasional,Occasional,445,3,180.29,1.0,0.9305
759,Enterprise,1,High-Value Core,Mid-Market,12,23,4274.42,1.0,1.0330782608695652
760,SMB,3,Steady Mid-Value,SMB,56,14,3276.45,1.0,0.9654214285714285
761,SMB,2,Price-Sensitive / At-Risk,Occasional,19,11,2036.32,0.7272727272727273,0.9842454545454544
762,Mid-Market,1,High-Value Core,Mid-Market,2,36,5564.32,0.9166666666666666,0.9783194444444445
763,Enterprise,1,High-Value Core,Mid-Market,5,111,21289.8,0.9279279279279279,1.0401477477477479
764,Mid-Market,1,High-Value Core,Mid-Market,2,29,6340.39,0.9310344827586207,1.022855172413793
765,Occasional,2,Price-Sensitive / At-Risk,Occasional,58,3,684.13,0.6666666666666666,0.9317666666666667
766,Enterprise,1,High-Value Core,Mid-Market,19,70,13085.11,0.9857142857142858,1.0319014285714285
767,Mid-Market,1,High-Value Core,Mid-Market,27,68,9339.35,0.8529411764705882,0.9956279411764707
768,Enterprise,1,High-Value Core,Mid-Market,37,54,11195.61,0.9629629629629629,1.0493481481481481
769,Mid-Market,1,High-Value Core,Mid-Market,71,16,4922.64,0.9375,0.9971749999999999
770,SMB,3,Steady Mid-Value,SMB,25,34,6018.4,0.8823529411764706,0.9576852941176471
771,Mid-Market,3,Steady Mid-Value,SMB,30,54,5990.3,0.9074074074074074,0.9583907407407408
772,SMB,3,Steady Mid-Value,SMB,67,19,3218.8,0.8421052631578947,0.9803157894736843
773,SMB,2,Price-Sensitive / At-Risk,Occasional,157,21,2477.6,0.8095238095238095,0.9775619047619047
774,Occasional,0,Low-Engagement / Occasional,Occasional,61,3,321.28999999999996,1.0,0.9523666666666667
775,Enterprise,1,High-Value Core,Mid-Market,55,34,6832.49,0.8823529411764706,1.0482382352941175
776,Occasional,2,Price-Sensitive / At-Risk,Occasional,74,16,2358.55,0.8125,0.94665
777,SMB,3,Steady Mid-Value,SMB,77,40,6066.9400000000005,0.95,0.9575525
778,Mid-Market,3,Steady Mid-Value,SMB,13,34,7480.25,0.9705882352941176,0.9597323529411764
779,SMB,3,Steady Mid-Value,SMB,34,22,4103.0,0.8636363636363636,0.9698909090909091
780,Occasional,2,Price-Sensitive / At-Risk,Occasional,211,4,81.13,0.25,0.9701500000000001
781,Mid-Market,3,Steady Mid-Value,SMB,42,45,8804.81,0.8888888888888888,0.979
782,Occasional,0,Low-Engagement / Occasional,Occasional,6,14,1835.4,0.9285714285714286,0.9446714285714286
783,SMB,1,High-Value Core,Mid-Market,3,17,2863.2,0.8823529411764706,0.971729411764706
784,SMB,3,Steady Mid-Value,SMB,8,10,3852.29,0.8,0.9898899999999999
785,Occasional,2,Price-Sensitive / At-Risk,Occasional,239,5,484.62,0.6,0.99452
786,Mid-Market,1,High-Value Core,Mid-Market,27,17,2752.41,0.7058823529411765,0.9872882352941176
787,SMB,3,Steady Mid-Value,SMB,55,15,1520.05,0.8666666666666667,0.9706333333333333
788,Mid-Market,1,High-Value Core,Mid-Market,3,17,2199.2,1.0,0.9500647058823529
789,SMB,2,Price-Sensitive / At-Risk,Occasional,165,5,1637.74,0.8,0.94892
790,SMB,3,Steady Mid-Value,SMB,56,20,2668.58,0.95,0.96566
791,Mid-Market,1,High-Value Core,Mid-Market,24,78,16423.7,0.9487179487179487,0.9746653846153845
792,Mid-Market,1,High-Value Core,Mid-Market,59,30,7276.19,0.9333333333333333,1.0018333333333334
793,Mid-Market,3,Steady Mid-Value,SMB,101,25,4880.46,0.96,0.9549080000000001
794,Enterprise,1,High-Value Core,Mid-Market,6,18,2249.55,0.9444444444444444,1.0403166666666666
795,Enterprise,1,High-Value Core,Mid-Market,68,49,8602.83,0.9387755102040817,1.0617938775510205
796,Mid-Market,1,High-Value Core,Mid-Market,17,34,5231.51,0.9705882352941176,0.9791235294117646
797,Enterprise,1,High-Value Core,Mid-Market,10,56,10606.86,0.9642857142857143,1.0231696428571428
798,Mid-Market,1,High-Value Core,Mid-Market,18,71,15638.08,0.9295774647887324,0.9899535211267605
799,SMB,3,Steady Mid-Value,SMB,71,38,7404.93,0.9473684210526315,0.9555684210526315
800,SMB,3,Steady Mid-Value,SMB,6,35,3949.85,0.8,0.9819000000000001
801,SMB,3,Steady Mid-Value,SMB,155,7,1071.5,1.0,0.9958
802,Mid-Market,3,Steady Mid-Value,SMB,36,24,2814.08,0.875,0.9839958333333333
803,Occasional,0,Low-Engagement / Occasional,Occasional,113,18,3318.45,0.8888888888888888,0.9598722222222222
804,SMB,3,Steady Mid-Value,SMB,113,29,4000.9100000000003,0.9655172413793104,0.9709551724137931
805,Mid-Market,1,High-Value Core,Mid-Market,6,44,6609.13,0.9090909090909091,0.9751318181818182
806,Mid-Market,1,High-Value Core,Mid-Market,35,82,14063.58,0.9512195121951219,0.979339024390244
807,SMB,3,Steady Mid-Value,SMB,11,23,3045.37,0.9565217391304348,0.9835782608695652
808,Mid-Market,1,High-Value Core,Mid-Market,57,47,8966.06,0.9361702127659575,1.001231914893617
809,SMB,3,Steady Mid-Value,SMB,101,15,3030.96,0.8666666666666667,0.9749133333333333
810,Occasional,0,Low-Engagement / Occasional,Occasional,83,6,473.03,0.8333333333333334,0.9174333333333333
811,Enterprise,1,High-Value Core,Mid-Market,5,118,23435.760000000002,0.9661016949152542,1.0340381355932202
812,Enterprise,1,High-Value Core,Mid-Market,113,67,17809.43,0.9701492537313433,1.0275940298507462
813,Occasional,0,Low-Engagement / Occasional,Occasional,182,3,587.38,1.0,0.9722
814,SMB,1,High-Value Core,Mid-Market,9,9,2003.3600000000001,1.0,1.0032
815,Mid-Market,3,Steady Mid-Value,SMB,140,18,3341.48,0.8888888888888888,0.9923333333333333
816,Occasional,2,Price-Sensitive / At-Risk,Occasional,270,8,1842.9,0.75,0.96145
817,Occasional,0,Low-Engagement / Occasional,Occasional,183,12,1721.69,0.9166666666666666,0.999
818,SMB,0,Low-Engagement / Occasional,Occasional,246,4,286.48,1.0,0.914775
819,SMB,3,Steady Mid-Value,SMB,7,15,1679.76,1.0,0.99274
820,Mid-Market,1,High-Value Core,Mid-Market,2,25,2861.08,0.88,1.0141120000000001
821,Enterprise,1,High-Value Core,Mid-Market,8,19,3621.13,0.9473684210526315,1.0200105263157895
822,SMB,3,Steady Mid-Value,SMB,13,28,5228.9,0.9642857142857143,0.9767142857142856
823,Mid-Market,1,High-Value Core,Mid-Market,71,69,12170.94,0.9130434782608695,0.9999275362318841
824,SMB,3,Steady Mid-Value,SMB,18,23,4936.72,0.8260869565217391,0.9542217391304347
825,Occasional,0,Low-Engagement / Occasional,Occasional,81,8,757.89,0.875,0.9563125
826,Enterprise,1,High-Value Core,Mid-Market,15,136,25648.72,0.9411764705882353,1.0412411764705882
827,SMB,3,Steady Mid-Value,SMB,22,24,3963.52,0.8333333333333334,0.9895333333333333
828,Mid-Market,1,High-Value Core,Mid-Market,3,7,894.14,0.8571428571428571,1.0043428571428572
829,Occasional,2,Price-Sensitive / At-Risk,Occasional,149,3,228.87,0.6666666666666666,0.9240666666666666
830,Mid-Market,1,High-Value Core,Mid-Market,37,49,10133.34,0.9591836734693877,0.991426530612245
831,SMB,3,Steady Mid-Value,SMB,14,16,4700.43,0.8125,0.97515
832,SMB,0,Low-Engagement / Occasional,Occasional,168,14,2074.02,0.9285714285714286,0.9493214285714285
833,Mid-Market,1,High-Value Core,Mid-Market,34,60,10464.76,0.8833333333333333,0.9858883333333334
834,SMB,1,High-Value Core,Mid-Market,2,15,3130.54,0.8666666666666667,0.9705266666666666
835,SMB,3,Steady Mid-Value,SMB,33,15,3546.74,0.9333333333333333,0.9579666666666667
836,SMB,3,Steady Mid-Value,SMB,56,31,5746.99,0.8064516129032258,0.9974645161290322
837,SMB,3,Steady Mid-Value,SMB,43,22,3420.01,0.9090909090909091,0.9753636363636363
838,Occasional,0,Low-Engagement / Occasional,Occasional,72,6,1189.23,1.0,0.90525
839,Mid-Market,1,High-Value Core,Mid-Market,24,75,12916.85,0.92,0.9861906666666665
840,SMB,3,Steady Mid-Value,SMB,56,38,5544.97,0.9210526315789473,0.9786157894736843
841,Enterprise,1,High-Value Core,Mid-Market,23,55,10945.32,0.9454545454545454,1.0531927272727273
842,SMB,3,Steady Mid-Value,SMB,64,23,4201.95,0.9565217391304348,0.9663130434782609
843,SMB,3,Steady Mid-Value,SMB,119,20,3480.71,0.95,0.98749
844,Mid-Market,1,High-Value Core,Mid-Market,26,51,9908.28,0.8823529411764706,1.0265117647058823
845,Mid-Market,1,High-Value Core,Mid-Market,34,70,13491.85,0.9428571428571428,1.0062057142857141
846,Occasional,0,Low-Engagement / Occasional,Occasional,35,16,1752.75,0.9375,0.948425
847,Mid-Market,3,Steady Mid-Value,SMB,226,48,9148.58,0.9791666666666666,0.9872895833333333
848,SMB,3,Steady Mid-Value,SMB,41,18,3037.13,0.9444444444444444,0.9728166666666667
849,Mid-Market,1,High-Value Core,Mid-Market,16,27,5869.28,0.9629629629629629,1.0178925925925926
850,Occasional,2,Price-Sensitive / At-Risk,Occasional,17,4,781.8,0.75,0.985775
851,Mid-Market,1,High-Value Core,Mid-Market,14,77,14594.16,0.961038961038961,0.9979714285714286
852,Mid-Market,1,High-Value Core,Mid-Market,4,62,10234.89,0.9516129032258065,0.9884451612903226
853,Occasional,2,Price-Sensitive / At-Risk,Occasional,54,13,1842.25,0.8461538461538461,0.9797153846153847
854,Occasional,0,Low-Engagement / Occasional,Occasional,99,8,1429.01,1.0,0.9654499999999999
855,Mid-Market,1,High-Value Core,Mid-Market,12,33,6511.07,0.9090909090909091,1.0144515151515152
856,SMB,0,Low-Engagement / Occasional,Occasional,466,4,771.2,1.0,1.009325
857,SMB,3,Steady Mid-Value,SMB,35,9,1396.01,1.0,0.9829222222222221
858,Occasional,0,Low-Engagement / Occasional,Occasional,83,8,939.37,1.0,0.9667250000000001
859,Mid-Market,1,High-Value Core,Mid-Market,6,70,13395.15,0.9857142857142858,0.9843928571428572
860,SMB,2,Price-Sensitive / At-Risk,Occasional,70,39,5084.83,0.7948717948717948,0.9806794871794872
861,SMB,3,Steady Mid-Value,SMB,44,12,1936.6100000000001,0.9166666666666666,0.9506916666666667
862,SMB,2,Price-Sensitive / At-Risk,Occasional,89,11,1189.19,0.7272727272727273,0.9649454545454546
863,SMB,1,High-Value Core,Mid-Market,1,45,7908.12,0.9333333333333333,0.9770822222222222
864,SMB,3,Steady Mid-Value,SMB,35,36,5969.2300000000005,0.9444444444444444,0.9654138888888889
865,Mid-Market,3,Steady Mid-Value,SMB,85,33,6994.2,0.8484848484848485,0.9810878787878788
866,Occasional,2,Price-Sensitive / At-Risk,Occasional,949,3,382.0,0.6666666666666666,1.0039333333333333
867,Occasional,2,Price-Sensitive / At-Risk,Occasional,31,4,335.59000000000003,0.5,0.935025
868,SMB,2,Price-Sensitive / At-Risk,Occasional,142,12,1248.2,0.6666666666666666,0.9888583333333334
869,Mid-Market,1,High-Value Core,Mid-Market,53,30,4530.62,0.8333333333333334,0.9817066666666666
870,Mid-Market,3,Steady Mid-Value,SMB,95,24,2403.35,0.9166666666666666,0.9804125
871,SMB,3,Steady Mid-Value,SMB,26,36,7391.24,0.9722222222222222,0.9707944444444444
872,Enterprise,1,High-Value Core,Mid-Market,49,104,23615.19,0.9519230769230769,1.0394317307692307
873,Occasional,0,Low-Engagement / Occasional,Occasional,168,4,1084.54,1.0,0.956975
874,Mid-Market,1,High-Value Core,Mid-Market,42,67,12533.18,0.8656716417910447,0.9937626865671642
875,SMB,3,Steady Mid-Value,SMB,68,39,6514.57,0.8717948717948718,0.9728076923076924
876,Occasional,3,Steady Mid-Value,SMB,12,9,2212.8,1.0,0.936011111111111
877,Mid-Market,3,Steady Mid-Value,SMB,14,57,9047.12,0.9122807017543859,0.9605035087719298
878,Mid-Market,1,High-Value Core,Mid-Market,35,77,14701.91,0.961038961038961,0.9738922077922078
879,SMB,3,Steady Mid-Value,SMB,180,32,5353.63,0.90625,0.97715625
880,SMB,3,Steady Mid-Value,SMB,193,19,3074.54,0.9473684210526315,0.9721263157894737
881,Mid-Market,3,Steady Mid-Value,SMB,47,24,3958.17,0.9166666666666666,0.9600833333333334
882,SMB,3,Steady Mid-Value,SMB,60,15,3192.69,0.8666666666666667,0.9606600000000001
883,Occasional,2,Price-Sensitive / At-Risk,Occasional,185,2,299.45,0.5,1.00315
884,SMB,3,Steady Mid-Value,SMB,48,23,2853.08,1.0,0.977904347826087
885,Mid-Market,2,Price-Sensitive / At-Risk,Occasional,41,18,1740.88,0.7777777777777778,0.9938722222222223
886,Mid-Market,1,High-Value Core,Mid-Market,12,61,10806.2,0.9508196721311475,0.9971819672131147
887,Mid-Market,1,High-Value Core,Mid-Market,10,40,9097.95,0.95,0.9981825000000001
888,Mid-Market,1,High-Value Core,Mid-Market,199,69,16544.010000000002,0.8985507246376812,0.9760913043478261
889,Mid-Market,1,High-Value Core,Mid-Market,42,76,14371.84,0.9342105263157895,0.9759249999999999
890,SMB,3,Steady Mid-Value,SMB,195,10,2540.73,0.9,0.96113
891,Mid-Market,1,High-Value Core,Mid-Market,3,73,19347.13,0.9315068493150684,1.0043328767123287
892,Occasional,0,Low-Engagement / Occasional,Occasional,943,4,453.81,1.0,1.0265499999999999
893,Mid-Market,1,High-Value Core,Mid-Market,6,54,11208.23,0.9259259259259259,0.9800722222222221
894,Mid-Market,1,High-Value Core,Mid-Market,4,86,15635.11,0.8953488372093024,0.9722523255813953
895,SMB,0,Low-Engagement / Occasional,Occasional,128,7,678.32,1.0,0.948642857142857
896,Occasional,0,Low-Engagement / Occasional,Occasional,20,7,856.54,1.0,0.9904857142857143
897,Mid-Market,1,High-Value Core,Mid-Market,55,55,14067.43,0.9636363636363636,0.994689090909091
898,Mid-Market,1,High-Value Core,Mid-Market,1,59,9188.13,0.8813559322033898,1.0132898305084745
899,Mid-Market,1,High-Value Core,Mid-Market,9,77,11555.59,0.935064935064935,0.9773506493506493
900,SMB,3,Steady Mid-Value,SMB,37,8,780.14,1.0,0.931475
901,SMB,3,Steady Mid-Value,SMB,151,30,4979.02,0.8666666666666667,0.9726666666666667
902,Mid-Market,1,High-Value Core,Mid-Market,2,64,11329.66,0.90625,0.98261875
903,Enterprise,1,High-Value Core,Mid-Market,25,93,15950.68,0.9247311827956989,1.0364559139784946
904,SMB,2,Price-Sensitive / At-Risk,Occasional,174,30,4706.13,0.8333333333333334,0.9689300000000001
905,Occasional,0,Low-Engagement / Occasional,Occasional,37,21,2794.12,0.9047619047619048,0.9399571428571429
906,SMB,3,Steady Mid-Value,SMB,79,19,4015.0,0.9473684210526315,0.9502578947368421
907,SMB,3,Steady Mid-Value,SMB,57,33,7695.610000000001,0.8787878787878788,0.9581727272727272
908,Mid-Market,1,High-Value Core,Mid-Market,6,68,11909.94,0.8970588235294118,0.9973676470588235
909,Mid-Market,3,Steady Mid-Value,SMB,79,47,8236.55,0.9361702127659575,0.981295744680851
910,Mid-Market,1,High-Value Core,Mid-Market,11,59,14796.37,0.9491525423728814,0.9962474576271186
911,SMB,3,Steady Mid-Value,SMB,13,23,5233.4,1.0,0.9738
912,Occasional,2,Price-Sensitive / At-Risk,Occasional,13,1,0.0,0.0,0.9002
913,Occasional,0,Low-Engagement / Occasional,Occasional,10,10,1379.49,1.0,0.97675
914,Occasional,3,Steady Mid-Value,SMB,14,8,1157.11,0.875,0.9911
915,Occasional,0,Low-Engagement / Occasional,Occasional,44,2,147.93,1.0,1.0246499999999998
916,Occasional,0,Low-Engagement / Occasional,Occasional,24,10,1692.07,1.0,0.9421900000000001
917,Enterprise,1,High-Value Core,Mid-Market,40,74,11054.19,0.9324324324324325,1.043358108108108
918,Mid-Market,3,Steady Mid-Value,SMB,64,43,6548.37,0.9069767441860465,0.9660767441860465
919,Mid-Market,1,High-Value Core,Mid-Market,12,37,7460.98,0.972972972972973,0.994272972972973
920,SMB,3,Steady Mid-Value,SMB,98,33,6155.33,0.9393939393939394,0.9548848484848484
921,Mid-Market,1,High-Value Core,Mid-Market,33,46,10702.81,0.9130434782608695,0.9896652173913043
922,Occasional,2,Price-Sensitive / At-Risk,Occasional,314,9,3829.05,0.7777777777777778,0.965311111111111
923,SMB,3,Steady Mid-Value,SMB,17,8,1077.14,1.0,0.9533874999999999
924,SMB,2,Price-Sensitive / At-Risk,Occasional,31,21,7130.62,0.7142857142857143,1.0026809523809523
925,Mid-Market,3,Steady Mid-Value,SMB,46,55,9215.85,0.8909090909090909,0.9783690909090909
926,Mid-Market,1,High-Value Core,Mid-Market,59,42,7357.83,0.9523809523809523,1.0169619047619047
927,Mid-Market,3,Steady Mid-Value,SMB,83,17,1996.74,1.0,0.9752117647058824
928,Occasional,2,Price-Sensitive / At-Risk,Occasional,48,7,611.25,0.8571428571428571,0.9641142857142857
929,SMB,3,Steady Mid-Value,SMB,156,33,5426.47,0.9393939393939394,0.9647848484848485
930,SMB,2,Price-Sensitive / At-Risk,Occasional,94,5,1890.9499999999998,0.8,0.96792
931,Mid-Market,1,High-Value Core,Mid-Market,27,62,10593.22,0.967741935483871,1.0115354838709676
932,Mid-Market,3,Steady Mid-Value,SMB,27,60,10706.2,0.9666666666666667,0.9575766666666666
933,Mid-Market,1,High-Value Core,Mid-Market,46,69,12240.27,0.9710144927536232,1.0147623188405799
934,SMB,3,Steady Mid-Value,SMB,48,8,1683.97,0.875,0.988325
935,SMB,2,Price-Sensitive / At-Risk,Occasional,281,13,1661.83,0.8461538461538461,0.9798692307692308
936,Mid-Market,1,High-Value Core,Mid-Market,15,32,7857.34,1.0,1.013746875
937,Occasional,0,Low-Engagement / Occasional,Occasional,165,3,607.14,1.0,0.9900666666666668
938,Mid-Market,1,High-Value Core,Mid-Market,18,56,9119.33,0.9285714285714286,0.9915678571428571
939,Occasional,0,Low-Engagement / Occasional,Occasional,149,21,2938.96,1.0,0.9610428571428571
940,Mid-Market,1,High-Value Core,Mid-Market,17,24,4651.4,0.9583333333333334,1.0041666666666667
941,Mid-Market,3,Steady Mid-Value,SMB,10,8,1216.58,1.0,0.985025
942,Occasional,2,Price-Sensitive / At-Risk,Occasional,137,11,1085.3,0.7272727272727273,0.937
943,Mid-Market,1,High-Value Core,Mid-Market,25,80,11979.7,0.9,0.978735
944,Mid-Market,1,High-Value Core,Mid-Market,59,48,7792.86,0.9375,0.976
945,SMB,3,Steady Mid-Value,SMB,121,42,8539.27,1.0,0.9874642857142858
946,Mid-Market,1,High-Value Core,Mid-Market,25,26,6733.66,0.9230769230769231,0.9815538461538461
947,SMB,3,Steady Mid-Value,SMB,25,9,843.43,0.8888888888888888,0.9927666666666666
948,Occasional,2,Price-Sensitive / At-Risk,Occasional,414,4,454.82,0.75,0.941875
949,Occasional,0,Low-Engagement / Occasional,Occasional,70,11,1008.92,1.0,0.9551272727272727
950,Mid-Market,1,High-Value Core,Mid-Market,35,23,3714.89,0.9565217391304348,0.967091304347826
951,SMB,3,Steady Mid-Value,SMB,74,27,3728.02,0.8518518518518519,0.9827555555555556
952,Mid-Market,1,High-Value Core,Mid-Market,38,55,10129.15,0.9636363636363636,0.99074
953,Mid-Market,1,High-Value Core,Mid-Market,3,62,10572.12,0.9032258064516129,0.9810177419354839
954,Mid-Market,3,Steady Mid-Value,SMB,100,16,2708.23,0.875,1.0075
955,Occasional,0,Low-Engagement / Occasional,Occasional,78,3,373.17,1.0,0.9352333333333332
956,Occasional,0,Low-Engagement / Occasional,Occasional,116,17,2943.95,0.9411764705882353,0.9491705882352941
957,SMB,3,Steady Mid-Value,SMB,18,14,2093.37,0.8571428571428571,0.9422714285714286
958,SMB,3,Steady Mid-Value,SMB,54,32,5600.47,0.96875,0.948640625
959,SMB,3,Steady Mid-Value,SMB,31,37,7697.36,0.9459459459459459,0.9622162162162161
960,SMB,3,Steady Mid-Value,SMB,50,24,3582.35,0.875,0.9671958333333334
961,SMB,3,Steady Mid-Value,SMB,8,26,4662.47,0.9230769230769231,0.9790038461538462
962,SMB,0,Low-Engagement / Occasional,Occasional,87,8,1144.6399999999999,1.0,0.9424250000000001
963,Mid-Market,1,High-Value Core,Mid-Market,14,21,7832.1,0.8095238095238095,0.9741142857142856
964,Mid-Market,1,High-Value Core,Mid-Market,13,83,15712.32,0.891566265060241,1.0016301204819278
965,Occasional,0,Low-Engagement / Occasional,Occasional,63,7,1318.79,1.0,0.9379857142857143
966,SMB,3,Steady Mid-Value,SMB,50,10,2505.62,1.0,0.99365
967,Occasional,0,Low-Engagement / Occasional,Occasional,167,7,1154.01,1.0,0.8908571428571428
968,Mid-Market,1,High-Value Core,Mid-Market,26,57,10088.869999999999,0.8947368421052632,0.9942701754385965
969,SMB,3,Steady Mid-Value,SMB,42,28,5205.45,0.8928571428571429,1.0042285714285715
970,Mid-Market,1,High-Value Core,Mid-Market,7,50,8622.85,0.92,1.002062
971,Mid-Market,1,High-Value Core,Mid-Market,24,47,7196.12,0.8936170212765957,1.0005702127659575
972,Enterprise,1,High-Value Core,Mid-Market,17,83,15573.039999999999,0.9518072289156626,1.0397807228915663
973,Mid-Market,1,High-Value Core,Mid-Market,42,73,16325.95,0.9178082191780822,1.0057493150684933
974,Occasional,0,Low-Engagement / Occasional,Occasional,175,14,2106.3,0.9285714285714286,0.9399142857142857
975,Mid-Market,3,Steady Mid-Value,SMB,45,38,5839.94,0.9210526315789473,0.9711394736842106
976,SMB,3,Steady Mid-Value,SMB,44,9,1587.99,0.8888888888888888,0.9977555555555555
977,SMB,3,Steady Mid-Value,SMB,104,21,7250.34,0.9047619047619048,0.9833999999999999
978,Mid-Market,3,Steady Mid-Value,SMB,20,49,7297.01,0.9183673469387755,0.9568204081632653
979,SMB,3,Steady Mid-Value,SMB,101,8,1500.18,0.875,1.01865
980,Mid-Market,1,High-Value Core,Mid-Market,4,27,4615.44,1.0,0.972674074074074
981,Occasional,0,Low-Engagement / Occasional,Occasional,649,2,1625.2,1.0,0.9634
982,SMB,0,Low-Engagement / Occasional,Occasional,98,13,3189.12,0.9230769230769231,0.936023076923077
983,SMB,3,Steady Mid-Value,SMB,67,14,3740.1,0.9285714285714286,0.9767285714285715
984,SMB,3,Steady Mid-Value,SMB,29,23,3061.36,0.9130434782608695,0.9725695652173912
985,Mid-Market,1,High-Value Core,Mid-Market,33,35,7110.58,0.9142857142857143,0.9714514285714285
986,Occasional,2,Price-Sensitive / At-Risk,Occasional,607,5,331.0,0.6,0.9196200000000001
987,Mid-Market,1,High-Value Core,Mid-Market,145,27,4944.64,1.0,1.0053222222222222
988,Enterprise,1,High-Value Core,Mid-Market,27,26,7089.14,0.9615384615384616,1.0507384615384616
989,Mid-Market,1,High-Value Core,Mid-Market,11,68,11294.13,0.9264705882352942,0.9832279411764705
990,SMB,2,Price-Sensitive / At-Risk,Occasional,140,8,858.99,0.75,0.9523375
991,SMB,3,Steady Mid-Value,SMB,87,39,5893.8,0.9230769230769231,0.9970999999999999
992,SMB,3,Steady Mid-Value,SMB,88,18,2622.43,0.8888888888888888,0.9619722222222222
993,SMB,3,Steady Mid-Value,SMB,187,8,2046.23,1.0,0.966925
994,Mid-Market,1,High-Value Core,Mid-Market,48,42,7036.82,0.9761904761904762,0.9958809523809523
995,Occasional,0,Low-Engagement / Occasional,Occasional,65,14,1461.8799999999999,0.9285714285714286,0.9723357142857143
996,SMB,0,Low-Engagement / Occasional,Occasional,70,11,1263.33,0.9090909090909091,0.9823090909090909
997,SMB,3,Steady Mid-Value,SMB,153,21,4079.15,0.9523809523809523,1.016947619047619
998,Enterprise,1,High-Value Core,Mid-Market,18,73,12065.35,0.9315068493150684,1.0334643835616437
999,Occasional,0,Low-Engagement / Occasional,Occasional,367,7,742.84,0.8571428571428571,0.9387714285714285
1000,Mid-Market,1,High-Value Core,Mid-Market,64,40,10676.51,0.975,0.9793175
1001,Enterprise,1,High-Value Core,Mid-Market,29,94,16509.96,0.9893617021276596,1.0322170212765958
1002,SMB,3,Steady Mid-Value,SMB,100,28,5266.57,0.9642857142857143,0.9732392857142856
1003,Mid-Market,1,High-Value Core,Mid-Market,40,20,2752.7599999999998,1.0,0.98734
1004,Mid-Market,1,High-Value Core,Mid-Market,30,29,8539.4,0.9655172413793104,0.9973862068965517
1005,SMB,3,Steady Mid-Value,SMB,31,27,3334.97,0.9259259259259259,0.9695518518518519
1006,Mid-Market,1,High-Value Core,Mid-Market,10,18,3878.5499999999997,1.0,0.9860388888888889
1007,Occasional,0,Low-Engagement / Occasional,Occasional,290,15,2606.82,0.8666666666666667,0.9634733333333333
1008,Mid-Market,1,High-Value Core,Mid-Market,26,14,1684.26,0.9285714285714286,0.9923714285714286
1009,SMB,3,Steady Mid-Value,SMB,112,27,3859.01,0.9629629629629629,0.9884703703703704
1010,SMB,3,Steady Mid-Value,SMB,36,15,3014.25,0.8666666666666667,0.9862
1011,SMB,0,Low-Engagement / Occasional,Occasional,64,5,735.5699999999999,1.0,0.93704
1012,SMB,2,Price-Sensitive / At-Risk,Occasional,23,12,2144.49,0.75,0.9475083333333334
1013,SMB,3,Steady Mid-Value,SMB,15,22,3488.14,0.8636363636363636,0.9849954545454545
1014,Occasional,0,Low-Engagement / Occasional,Occasional,63,3,497.01,1.0,0.9279999999999999
1015,Mid-Market,1,High-Value Core,Mid-Market,34,63,11251.35,0.9206349206349206,0.9740253968253968
1016,Mid-Market,1,High-Value Core,Mid-Market,3,71,12060.92,0.971830985915493,1.002994366197183
1017,SMB,3,Steady Mid-Value,SMB,21,32,5241.4,0.96875,0.9811125
1018,Occasional,2,Price-Sensitive / At-Risk,Occasional,53,7,2066.0099999999998,0.8571428571428571,0.9878428571428571
1019,Enterprise,1,High-Value Core,Mid-Market,14,51,8807.75,0.9607843137254902,1.0313098039215687
1020,SMB,3,Steady Mid-Value,SMB,65,29,4843.18,0.896551724137931,0.9577206896551724
1021,Occasional,2,Price-Sensitive / At-Risk,Occasional,2,10,1696.6599999999999,0.8,0.9601000000000001
1022,SMB,3,Steady Mid-Value,SMB,3,41,6957.71,0.8780487804878049,0.9494609756097562
1023,Occasional,0,Low-Engagement / Occasional,Occasional,205,13,2592.22,1.0,0.9433307692307693
1024,SMB,2,Price-Sensitive / At-Risk,Occasional,74,5,498.26,0.4,1.01526
1025,SMB,3,Steady Mid-Value,SMB,42,13,2312.47,0.8461538461538461,0.9724615384615384
1026,Mid-Market,3,Steady Mid-Value,SMB,56,16,2172.8,0.875,0.9890625000000001
1027,Occasional,3,Steady Mid-Value,SMB,10,19,3269.29,1.0,0.958721052631579
1028,Mid-Market,1,High-Value Core,Mid-Market,46,36,6042.3,0.9166666666666666,1.0077805555555555
1029,SMB,3,Steady Mid-Value,SMB,60,19,3026.11,0.8947368421052632,0.9618
1030,Mid-Market,3,Steady Mid-Value,SMB,23,55,9841.92,0.9636363636363636,0.9712
1031,SMB,0,Low-Engagement / Occasional,Occasional,240,8,1753.07,1.0,0.9819249999999999
1032,SMB,3,Steady Mid-Value,SMB,202,14,2373.51,0.8571428571428571,0.9891142857142857
1033,SMB,3,Steady Mid-Value,SMB,55,21,3351.8900000000003,0.9047619047619048,0.9753285714285714
1034,Occasional,2,Price-Sensitive / At-Risk,Occasional,66,6,635.04,0.8333333333333334,0.9724499999999999
1035,Mid-Market,1,High-Value Core,Mid-Market,41,51,11219.76,0.9607843137254902,0.9793725490196078
1036,SMB,3,Steady Mid-Value,SMB,12,13,2913.07,0.9230769230769231,0.9378076923076922
1037,Mid-Market,1,High-Value Core,Mid-Market,15,13,2035.01,0.9230769230769231,0.992823076923077
1038,Mid-Market,1,High-Value Core,Mid-Market,13,14,1639.47,0.7857142857142857,0.9681642857142857
1039,SMB,0,Low-Engagement / Occasional,Occasional,20,9,1356.39,1.0,0.9327666666666666
1040,Mid-Market,3,Steady Mid-Value,SMB,104,59,8308.5,0.864406779661017,0.9902440677966101
1041,Mid-Market,1,High-Value Core,Mid-Market,30,28,4496.69,0.9642857142857143,0.9962571428571428
1042,SMB,3,Steady Mid-Value,SMB,93,32,4713.64,0.90625,0.994265625
1043,SMB,3,Steady Mid-Value,SMB,3,10,1505.95,1.0,0.97882
1044,SMB,3,Steady Mid-Value,SMB,26,38,6530.55,0.9473684210526315,0.9870605263157894
1045,Enterprise,1,High-Value Core,Mid-Market,19,71,13013.47,0.9014084507042254,1.0326464788732395
1046,Mid-Market,1,High-Value Core,Mid-Market,32,68,14572.65,0.9264705882352942,0.9793514705882354
1047,Mid-Market,3,Steady Mid-Value,SMB,36,54,8948.27,0.9074074074074074,0.9605648148148148
1048,SMB,3,Steady Mid-Value,SMB,10,17,4020.29,0.9411764705882353,0.9500176470588236
1049,Occasional,0,Low-Engagement / Occasional,Occasional,43,5,2055.54,1.0,0.9423
1050,Mid-Market,3,Steady Mid-Value,SMB,69,66,10970.19,0.9696969696969697,0.9813136363636363
1051,SMB,3,Steady Mid-Value,SMB,56,7,1304.92,1.0,0.9682714285714286
1052,Mid-Market,1,High-Value Core,Mid-Market,11,76,15356.11,0.9078947368421053,0.993321052631579
1053,Mid-Market,1,High-Value Core,Mid-Market,9,12,1553.22,1.0,1.0215833333333333
1054,Mid-Market,3,Steady Mid-Value,SMB,58,66,8926.619999999999,0.9393939393939394,0.9753803030303031
1055,Mid-Market,1,High-Value Core,Mid-Market,6,53,12479.96,0.9622641509433962,1.0114245283018868
1056,SMB,3,Steady Mid-Value,SMB,35,30,6434.8,0.9333333333333333,0.9654166666666666
1057,Occasional,0,Low-Engagement / Occasional,Occasional,287,3,1418.76,1.0,0.9273333333333333
1058,Mid-Market,1,High-Value Core,Mid-Market,32,31,5001.74,0.9032258064516129,0.9857225806451614
1059,SMB,3,Steady Mid-Value,SMB,142,41,7763.09,0.9024390243902439,0.9610365853658536
1060,SMB,3,Steady Mid-Value,SMB,17,41,5925.9800000000005,0.8780487804878049,0.9644756097560976
1061,Occasional,0,Low-Engagement / Occasional,Occasional,58,6,2334.3199999999997,1.0,0.9536666666666666
1062,SMB,3,Steady Mid-Value,SMB,67,11,1509.76,0.9090909090909091,0.9761727272727273
1063,Mid-Market,3,Steady Mid-Value,SMB,29,65,10026.81,0.8923076923076924,0.97898
1064,SMB,3,Steady Mid-Value,SMB,30,32,5717.12,0.90625,0.9756750000000001
1065,Mid-Market,1,High-Value Core,Mid-Market,25,41,7865.27,0.9512195121951219,1.0048170731707318
1066,Occasional,0,Low-Engagement / Occasional,Occasional,144,12,2059.47,0.9166666666666666,0.940325
1067,Mid-Market,1,High-Value Core,Mid-Market,15,51,9586.06,0.9019607843137255,0.9680823529411765
1068,SMB,3,Steady Mid-Value,SMB,21,40,8573.79,0.925,0.9627074999999999
1069,Enterprise,1,High-Value Core,Mid-Market,15,86,15838.92,0.9186046511627907,1.035093023255814
1070,Mid-Market,3,Steady Mid-Value,SMB,16,25,4035.03,0.84,0.970804
1071,Occasional,0,Low-Engagement / Occasional,Occasional,349,8,1259.5900000000001,1.0,0.95645
1072,SMB,3,Steady Mid-Value,SMB,133,30,5437.33,0.9333333333333333,0.9701299999999999
1073,SMB,3,Steady Mid-Value,SMB,94,20,3944.81,0.95,0.964925
1074,Occasional,0,Low-Engagement / Occasional,Occasional,84,8,648.86,0.875,0.9415125
1075,Occasional,2,Price-Sensitive / At-Risk,Occasional,243,10,1713.72,0.7,0.9346099999999999
1076,Mid-Market,1,High-Value Core,Mid-Market,21,66,11264.97,0.8939393939393939,0.9864272727272728
1077,SMB,3,Steady Mid-Value,SMB,114,33,7001.81,0.9393939393939394,0.9854515151515152
1078,SMB,3,Steady Mid-Value,SMB,171,5,1644.06,1.0,1.00464
1079,SMB,2,Price-Sensitive / At-Risk,Occasional,33,19,4933.7,0.631578947368421,0.9896263157894737
1080,Mid-Market,1,High-Value Core,Mid-Market,9,68,12056.32,0.8823529411764706,1.0077647058823531
1081,Mid-Market,1,High-Value Core,Mid-Market,13,58,10395.16,0.9137931034482759,0.9729
1082,Occasional,0,Low-Engagement / Occasional,Occasional,332,10,1110.71,1.0,0.9398500000000001
1083,Occasional,2,Price-Sensitive / At-Risk,Occasional,302,10,1034.77,0.7,0.97988
1084,Occasional,2,Price-Sensitive / At-Risk,Occasional,81,6,859.53,0.8333333333333334,0.9285666666666667
1085,Occasional,0,Low-Engagement / Occasional,Occasional,120,2,380.34999999999997,1.0,0.9105
1086,SMB,3,Steady Mid-Value,SMB,55,42,10320.02,0.9761904761904762,0.9754714285714285
1087,SMB,3,Steady Mid-Value,SMB,7,48,8535.82,0.9166666666666666,0.9670645833333333
1088,SMB,3,Steady Mid-Value,SMB,9,27,5068.39,0.9629629629629629,0.9363518518518519
1089,SMB,3,Steady Mid-Value,SMB,22,17,3638.04,0.8823529411764706,0.9808588235294119
1090,SMB,3,Steady Mid-Value,SMB,32,13,1836.04,0.9230769230769231,0.9804384615384615
1091,Mid-Market,1,High-Value Core,Mid-Market,21,49,10255.210000000001,0.9183673469387755,0.9911755102040816
1092,SMB,3,Steady Mid-Value,SMB,45,24,2960.34,0.8333333333333334,0.9874583333333332
1093,Mid-Market,3,Steady Mid-Value,SMB,6,55,7717.92,0.9636363636363636,0.9553872727272728
1094,Mid-Market,1,High-Value Core,Mid-Market,12,77,12257.89,0.9090909090909091,0.9778064935064935
1095,SMB,3,Steady Mid-Value,SMB,9,46,7158.639999999999,0.9347826086956522,0.9582086956521738
1096,Mid-Market,1,High-Value Core,Mid-Market,4,57,9438.79,0.8596491228070176,0.9748368421052631
1097,Mid-Market,1,High-Value Core,Mid-Market,38,34,4500.67,0.9117647058823529,1.0065617647058824
1098,SMB,3,Steady Mid-Value,SMB,26,38,6613.18,0.8421052631578947,0.9943736842105263
1099,Occasional,0,Low-Engagement / Occasional,Occasional,200,12,2741.75,1.0,0.9473583333333333
1100,Mid-Market,3,Steady Mid-Value,SMB,60,13,1239.1599999999999,0.9230769230769231,0.9833461538461539
1101,Enterprise,1,High-Value Core,Mid-Market,23,14,3009.72,1.0,1.0704785714285714
1102,Mid-Market,1,High-Value Core,Mid-Market,20,47,10980.12,0.9787234042553191,0.9728021276595744
1103,SMB,3,Steady Mid-Value,SMB,3,11,2046.67,1.0,0.9645181818181818
1104,Occasional,2,Price-Sensitive / At-Risk,Occasional,44,4,302.78999999999996,0.75,0.936425
1105,Mid-Market,1,High-Value Core,Mid-Market,16,51,9530.76,0.8627450980392157,0.9988352941176472
1106,SMB,3,Steady Mid-Value,SMB,45,25,4407.78,0.84,0.981544
1107,Mid-Market,1,High-Value Core,Mid-Market,33,65,12877.29,0.8923076923076924,0.9915200000000001
1108,Mid-Market,1,High-Value Core,Mid-Market,1,24,3725.2999999999997,1.0,0.9697625
1109,Occasional,0,Low-Engagement / Occasional,Occasional,303,5,984.5400000000001,1.0,0.94898
1110,Mid-Market,1,High-Value Core,Mid-Market,6,38,5040.42,0.868421052631579,0.982371052631579
1111,Mid-Market,1,High-Value Core,Mid-Market,2,41,7362.73,0.926829268292683,0.9645756097560976
1112,Mid-Market,1,High-Value Core,Mid-Market,4,85,15928.53,0.9647058823529412,0.9936964705882354
1113,SMB,3,Steady Mid-Value,SMB,26,18,3986.25,0.9444444444444444,0.9710722222222221
1114,Occasional,0,Low-Engagement / Occasional,Occasional,53,4,929.47,1.0,0.9420999999999999
1115,Occasional,3,Steady Mid-Value,SMB,48,11,2198.81,0.9090909090909091,0.9535636363636364
1116,Enterprise,1,High-Value Core,Mid-Market,5,61,13274.4,0.9836065573770492,1.0467950819672132
1117,Mid-Market,1,High-Value Core,Mid-Market,100,67,14540.710000000001,0.9104477611940298,0.981734328358209
1118,SMB,3,Steady Mid-Value,SMB,81,12,2548.52,0.9166666666666666,0.9732416666666667
1119,Mid-Market,1,High-Value Core,Mid-Market,20,47,8139.4,0.9361702127659575,0.9681808510638298
1120,Occasional,0,Low-Engagement / Occasional,Occasional,221,11,1731.48,0.9090909090909091,0.9578
1121,SMB,3,Steady Mid-Value,SMB,110,15,2663.35,0.8666666666666667,0.9701933333333332
1122,Mid-Market,1,High-Value Core,Mid-Market,17,67,9721.58,0.8955223880597015,0.9952507462686566
1123,Occasional,0,Low-Engagement / Occasional,Occasional,114,3,368.01,1.0,0.9316333333333334
1124,Mid-Market,1,High-Value Core,Mid-Market,30,29,5848.31,1.0,0.9795689655172414
1125,Mid-Market,3,Steady Mid-Value,SMB,49,59,10044.4,0.9152542372881356,0.9738237288135594
1126,SMB,3,Steady Mid-Value,SMB,36,12,4292.88,0.8333333333333334,0.9474583333333334
1127,SMB,3,Steady Mid-Value,SMB,10,52,7077.16,0.8269230769230769,0.9713596153846153
1128,SMB,3,Steady Mid-Value,SMB,16,30,3200.6600000000003,0.8,0.9667399999999999
1129,SMB,1,High-Value Core,Mid-Market,1,21,2950.75,0.9047619047619048,0.9741857142857142
1130,Occasional,0,Low-Engagement / Occasional,Occasional,390,10,1278.59,1.0,0.97284
1131,Occasional,0,Low-Engagement / Occasional,Occasional,19,4,1226.3300000000002,1.0,1.00555
1132,SMB,3,Steady Mid-Value,SMB,11,13,2511.2999999999997,0.9230769230769231,0.968476923076923
1133,Mid-Market,3,Steady Mid-Value,SMB,81,26,3138.06,0.8461538461538461,1.0047423076923077
1134,SMB,2,Price-Sensitive / At-Risk,Occasional,35,19,1989.23,0.631578947368421,0.9736736842105264
1135,Occasional,2,Price-Sensitive / At-Risk,Occasional,62,6,1135.91,0.8333333333333334,0.9521166666666666
1136,Mid-Market,1,High-Value Core,Mid-Market,10,59,10781.17,0.9322033898305084,0.963928813559322
1137,SMB,3,Steady Mid-Value,SMB,59,9,1811.2,0.8888888888888888,0.9678666666666668
1138,Mid-Market,1,High-Value Core,Mid-Market,103,40,11569.24,0.925,0.97462
1139,Enterprise,1,High-Value Core,Mid-Market,15,116,27627.55,0.9482758620689655,1.0447827586206897
1140,SMB,3,Steady Mid-Value,SMB,5,33,4397.0,0.9090909090909091,0.9456818181818182
1141,Mid-Market,1,High-Value Core,Mid-Market,38,77,14531.02,0.935064935064935,1.0074103896103896
1142,SMB,3,Steady Mid-Value,SMB,47,31,5780.93,0.8387096774193549,0.9747419354838709
1143,Occasional,2,Price-Sensitive / At-Risk,Occasional,49,15,3495.89,0.8,0.9754733333333333
1144,SMB,3,Steady Mid-Value,SMB,143,44,5965.41,0.8181818181818182,0.9802181818181818
1145,Mid-Market,3,Steady Mid-Value,SMB,32,10,1393.69,0.9,0.9656800000000001
1146,Mid-Market,1,High-Value Core,Mid-Market,25,15,2629.65,0.9333333333333333,1.0231133333333333
1147,SMB,3,Steady Mid-Value,SMB,295,38,5717.04,0.9736842105263158,0.9729921052631579
1148,SMB,2,Price-Sensitive / At-Risk,Occasional,170,21,2226.61,0.8095238095238095,0.9724238095238095
1149,SMB,3,Steady Mid-Value,SMB,34,15,1192.88,0.8666666666666667,0.9752933333333333
1150,Occasional,0,Low-Engagement / Occasional,Occasional,40,5,533.5,1.0,0.9616199999999999
1151,Mid-Market,1,High-Value Core,Mid-Market,38,39,6682.11,0.9487179487179487,1.001220512820513
1152,Occasional,2,Price-Sensitive / At-Risk,Occasional,33,3,411.81,0.6666666666666666,0.9177
1153,Mid-Market,1,High-Value Core,Mid-Market,5,39,6593.02,0.8205128205128205,0.995674358974359
1154,Mid-Market,1,High-Value Core,Mid-Market,63,35,5117.32,0.8857142857142857,0.9929114285714286
1155,SMB,3,Steady Mid-Value,SMB,10,27,7045.8,0.9629629629629629,0.9563
1156,Enterprise,1,High-Value Core,Mid-Market,32,55,9034.37,0.9272727272727272,1.0468581818181817
1157,Enterprise,1,High-Value Core,Mid-Market,4,93,20190.91,0.978494623655914,1.041574193548387
1158,Enterprise,1,High-Value Core,Mid-Market,30,75,14864.47,0.9733333333333334,1.0366266666666666
1159,SMB,3,Steady Mid-Value,SMB,69,9,1965.45,0.8888888888888888,0.9814777777777777
1160,SMB,3,Steady Mid-Value,SMB,8,23,3670.67,0.8260869565217391,0.9754826086956522
1161,Enterprise,1,High-Value Core,Mid-Market,49,96,19598.84,0.9583333333333334,1.039403125
1162,SMB,3,Steady Mid-Value,SMB,54,14,3562.22,1.0,0.9739142857142857
1163,SMB,3,Steady Mid-Value,SMB,80,12,3032.72,1.0,0.9681333333333333
1164,Mid-Market,3,Steady Mid-Value,SMB,22,8,1256.29,1.0,0.9236624999999999
1165,Mid-Market,3,Steady Mid-Value,SMB,54,32,5147.96,0.96875,0.975584375
1166,Occasional,0,Low-Engagement / Occasional,Occasional,380,3,378.63,1.0,0.8475
1167,SMB,3,Steady Mid-Value,SMB,58,37,6307.4,0.8648648648648649,0.9611864864864864
1168,SMB,3,Steady Mid-Value,SMB,89,27,3291.67,0.8888888888888888,0.9322814814814815
1169,SMB,3,Steady Mid-Value,SMB,51,25,3209.85,0.84,0.998344
1170,Mid-Market,3,Steady Mid-Value,SMB,132,54,8591.15,0.9259259259259259,0.9930796296296296
1171,Mid-Market,3,Steady Mid-Value,SMB,42,26,3838.89,0.9230769230769231,0.9833961538461539
1172,SMB,2,Price-Sensitive / At-Risk,Occasional,131,11,1095.74,0.7272727272727273,0.9747454545454546
1173,Mid-Market,1,High-Value Core,Mid-Market,30,50,10067.69,0.98,0.990166
1174,SMB,3,Steady Mid-Value,SMB,170,35,4853.5,0.9714285714285714,0.9667457142857143
1175,SMB,3,Steady Mid-Value,SMB,81,12,4776.37,1.0,0.9311666666666666
1176,SMB,3,Steady Mid-Value,SMB,110,11,5792.48,1.0,0.9619181818181818
1177,SMB,3,Steady Mid-Value,SMB,152,5,1291.8600000000001,1.0,1.00662
1178,Mid-Market,1,High-Value Core,Mid-Market,8,68,15209.9,0.9264705882352942,0.9927617647058824
1179,Mid-Market,1,High-Value Core,Mid-Market,10,33,5779.78,0.9393939393939394,0.9934151515151515
1180,Mid-Market,1,High-Value Core,Mid-Market,17,31,4594.17,0.8709677419354839,0.9973451612903226
1181,SMB,0,Low-Engagement / Occasional,Occasional,22,7,860.65,1.0,0.9819428571428571
1182,Mid-Market,1,High-Value Core,Mid-Market,18,27,3950.63,1.0,0.9906888888888888
1183,Mid-Market,1,High-Value Core,Mid-Market,27,11,1636.94,1.0,0.9913363636363637
1184,Mid-Market,1,High-Value Core,Mid-Market,17,43,5523.39,0.9302325581395349,0.9917883720930233
1185,Mid-Market,1,High-Value Core,Mid-Market,49,81,14076.88,0.9629629629629629,0.969574074074074
1186,SMB,3,Steady Mid-Value,SMB,85,28,2392.61,0.8571428571428571,0.9946964285714286
1187,Mid-Market,1,High-Value Core,Mid-Market,12,18,2774.96,0.9444444444444444,0.9829833333333333
1188,Occasional,2,Price-Sensitive / At-Risk,Occasional,191,3,879.2,0.6666666666666666,1.0548666666666666
1189,Mid-Market,3,Steady Mid-Value,SMB,45,76,11998.07,0.9210526315789473,0.9591552631578947
1190,SMB,3,Steady Mid-Value,SMB,103,23,4097.45,0.9565217391304348,0.978195652173913
1191,SMB,3,Steady Mid-Value,SMB,16,27,4944.13,0.8888888888888888,0.9910148148148148
1192,Mid-Market,1,High-Value Core,Mid-Market,13,62,8761.289999999999,0.9193548387096774,0.9747564516129033
1193,Occasional,3,Steady Mid-Value,SMB,16,12,1588.82,0.9166666666666666,0.9184333333333333
1194,Occasional,0,Low-Engagement / Occasional,Occasional,184,7,1754.76,1.0,0.9611142857142857
1195,Occasional,2,Price-Sensitive / At-Risk,Occasional,256,10,1293.12,0.7,1.00206
1196,Mid-Market,1,High-Value Core,Mid-Market,40,47,7943.35,0.8936170212765957,0.9818170212765958
1197,Mid-Market,1,High-Value Core,Mid-Market,14,33,7302.62,0.9090909090909091,0.9903363636363637
1198,SMB,2,Price-Sensitive / At-Risk,Occasional,12,13,1954.42,0.7692307692307693,0.9564846153846154
1199,Mid-Market,1,High-Value Core,Mid-Market,47,71,16336.37,0.9577464788732394,0.9734971830985916
1200,SMB,3,Steady Mid-Value,SMB,22,36,7636.43,0.9722222222222222,0.9719916666666667
1201,SMB,3,Steady Mid-Value,SMB,36,20,2729.92,0.9,1.006605
1202,SMB,3,Steady Mid-Value,SMB,9,24,3937.97,0.875,0.9988
1203,SMB,3,Steady Mid-Value,SMB,23,3,456.2,1.0,0.9881666666666667
1204,SMB,3,Steady Mid-Value,SMB,13,6,1546.15,1.0,1.0002166666666665
1205,Enterprise,1,High-Value Core,Mid-Market,3,49,9500.44,0.9591836734693877,1.0264714285714285
1206,Enterprise,1,High-Value Core,Mid-Market,4,104,22429.98,0.9711538461538461,1.042225
1207,SMB,3,Steady Mid-Value,SMB,68,27,4490.59,1.0,0.9674333333333333
1208,SMB,3,Steady Mid-Value,SMB,47,19,2027.31,0.9473684210526315,0.9582999999999999
1209,Mid-Market,1,High-Value Core,Mid-Market,23,36,8551.48,0.9722222222222222,1.0027305555555557
1210,Mid-Market,1,High-Value Core,Mid-Market,94,37,6778.3,0.8918918918918919,1.003781081081081
1211,SMB,3,Steady Mid-Value,SMB,53,29,6705.900000000001,0.9655172413793104,0.9713206896551725
1212,SMB,3,Steady Mid-Value,SMB,49,13,2365.52,0.9230769230769231,0.9719538461538461
1213,SMB,3,Steady Mid-Value,SMB,51,20,4538.030000000001,0.95,0.96599
1214,Mid-Market,1,High-Value Core,Mid-Market,9,29,4143.88,0.8275862068965517,0.9896793103448276
1215,Mid-Market,1,High-Value Core,Mid-Market,58,78,14286.66,0.9230769230769231,1.0007448717948717
1216,SMB,3,Steady Mid-Value,SMB,45,6,1684.6899999999998,0.8333333333333334,0.9865666666666666
1217,Mid-Market,1,High-Value Core,Mid-Market,42,41,8479.03,0.9512195121951219,1.0027853658536585
1218,SMB,2,Price-Sensitive / At-Risk,Occasional,73,27,4290.23,0.7777777777777778,0.9916185185185186
1219,SMB,3,Steady Mid-Value,SMB,44,31,4400.09,1.0,0.9752225806451613
1220,Enterprise,1,High-Value Core,Mid-Market,22,95,18332.11,0.968421052631579,1.05064
1221,Enterprise,1,High-Value Core,Mid-Market,5,132,29372.2,0.9621212121212122,1.0400348484848485
1222,Mid-Market,3,Steady Mid-Value,SMB,11,11,1853.29,1.0,0.9510454545454546
1223,Occasional,0,Low-Engagement / Occasional,Occasional,157,5,448.44,1.0,0.91526
1224,SMB,1,High-Value Core,Mid-Market,53,16,3375.01,0.875,0.980475
1225,Mid-Market,1,High-Value Core,Mid-Market,74,55,11296.96,0.9636363636363636,1.00188
1226,Occasional,0,Low-Engagement / Occasional,Occasional,335,7,1197.19,1.0,0.9320571428571428
1227,SMB,3,Steady Mid-Value,SMB,82,28,4915.65,0.9285714285714286,0.9610571428571429
1228,SMB,3,Steady Mid-Value,SMB,106,22,4489.43,0.8636363636363636,1.0159045454545454
1229,Occasional,0,Low-Engagement / Occasional,Occasional,979,7,2408.27,1.0,0.9671142857142857
1230,Enterprise,1,High-Value Core,Mid-Market,59,77,10989.6,0.935064935064935,1.0412012987012986
1231,Mid-Market,1,High-Value Core,Mid-Market,5,26,4590.01,0.9615384615384616,1.0023115384615384
1232,SMB,0,Low-Engagement / Occasional,Occasional,351,33,4555.59,0.9393939393939394,0.956030303030303
1233,Mid-Market,3,Steady Mid-Value,SMB,94,52,8463.45,0.9038461538461539,0.9864346153846154
1234,SMB,1,High-Value Core,Mid-Market,18,12,1685.14,1.0,0.9909083333333334
1235,Mid-Market,1,High-Value Core,Mid-Market,26,19,5316.56,0.8947368421052632,0.9958421052631579
1236,Mid-Market,1,High-Value Core,Mid-Market,23,25,4561.76,0.92,1.01068
1237,Mid-Market,3,Steady Mid-Value,SMB,47,50,8656.7,0.9,0.967216
1238,Mid-Market,1,High-Value Core,Mid-Market,23,47,8655.57,0.8723404255319149,1.0114191489361701
1239,Mid-Market,1,High-Value Core,Mid-Market,11,66,14031.39,0.9545454545454546,0.9781212121212121
1240,Mid-Market,3,Steady Mid-Value,SMB,71,54,8673.61,0.8333333333333334,0.9707981481481481
1241,Occasional,0,Low-Engagement / Occasional,Occasional,14,6,1150.74,1.0,0.9689833333333334
1242,Mid-Market,1,High-Value Core,Mid-Market,14,52,9055.8,0.9423076923076923,0.9716826923076923
1243,Mid-Market,3,Steady Mid-Value,SMB,41,23,3288.7,0.9130434782608695,0.9873
1244,Enterprise,1,High-Value Core,Mid-Market,11,91,19826.81,0.978021978021978,1.0370274725274726
1245,Mid-Market,3,Steady Mid-Value,SMB,33,37,7447.61,0.9459459459459459,0.9797675675675674
1246,Mid-Market,3,Steady Mid-Value,SMB,70,27,5676.110000000001,0.9629629629629629,0.9541851851851851
1247,SMB,3,Steady Mid-Value,SMB,242,20,4111.91,0.9,0.97425
1248,Mid-Market,1,High-Value Core,Mid-Market,4,38,10457.45,0.9210526315789473,0.9875999999999999
1249,Occasional,0,Low-Engagement / Occasional,Occasional,150,3,483.89,1.0,1.0001
1250,Occasional,0,Low-Engagement / Occasional,Occasional,228,12,1120.6100000000001,0.9166666666666666,0.945175
1251,Mid-Market,1,High-Value Core,Mid-Market,18,47,9685.48,0.9787234042553191,0.9930914893617021
1252,Mid-Market,1,High-Value Core,Mid-Market,56,42,8205.8,0.9523809523809523,0.9685404761904761
1253,Mid-Market,3,Steady Mid-Value,SMB,49,29,5323.94,0.8275862068965517,1.0124172413793102
1254,SMB,1,High-Value Core,Mid-Market,42,10,2787.17,0.8,0.98245
1255,Mid-Market,1,High-Value Core,Mid-Market,17,64,10454.34,0.890625,0.9799390625
1256,Occasional,3,Steady Mid-Value,SMB,7,15,2965.1400000000003,0.8666666666666667,0.9838333333333333
1257,SMB,3,Steady Mid-Value,SMB,11,31,5695.08,0.967741935483871,0.9845354838709678
1258,SMB,3,Steady Mid-Value,SMB,133,22,3859.36,0.8181818181818182,0.9970227272727272
1259,SMB,3,Steady Mid-Value,SMB,137,9,1772.12,0.8888888888888888,1.0055
1260,Occasional,2,Price-Sensitive / At-Risk,Occasional,903,2,188.58,0.5,1.0096500000000002
1261,Enterprise,1,High-Value Core,Mid-Market,4,79,14385.0,0.9493670886075949,1.0391746835443039
1262,Mid-Market,1,High-Value Core,Mid-Market,70,63,10844.76,0.9047619047619048,1.0028746031746032
1263,Mid-Market,3,Steady Mid-Value,SMB,78,39,8615.619999999999,0.9487179487179487,0.9896615384615385
1264,Occasional,2,Price-Sensitive / At-Risk,Occasional,109,13,1506.16,0.8461538461538461,0.940823076923077
1265,SMB,3,Steady Mid-Value,SMB,20,20,2755.38,0.95,0.9624900000000001
1266,SMB,3,Steady Mid-Value,SMB,30,14,3094.35,0.9285714285714286,0.9525285714285714
1267,Mid-Market,1,High-Value Core,Mid-Market,34,57,10931.01,0.9122807017543859,0.970438596491228
1268,Occasional,2,Price-Sensitive / At-Risk,Occasional,104,18,3033.69,0.8333333333333334,0.9744611111111112
1269,SMB,3,Steady Mid-Value,SMB,43,35,6081.13,0.9142857142857143,0.9484428571428573
1270,SMB,3,Steady Mid-Value,SMB,94,36,5689.22,0.9166666666666666,0.9739527777777778
1271,Occasional,2,Price-Sensitive / At-Risk,Occasional,50,8,1502.48,0.75,0.9614
1272,Mid-Market,1,High-Value Core,Mid-Market,4,21,2780.04,0.8095238095238095,0.967442857142857
1273,Mid-Market,1,High-Value Core,Mid-Market,49,15,2871.7,0.8,1.0062666666666666
1274,SMB,3,Steady Mid-Value,SMB,77,25,3994.71,0.96,0.9698399999999999
1275,Mid-Market,1,High-Value Core,Mid-Market,10,70,14288.67,0.9285714285714286,0.9996785714285715
1276,Mid-Market,1,High-Value Core,Mid-Market,29,33,9761.81,0.9393939393939394,0.9885545454545456
1277,Mid-Market,1,High-Value Core,Mid-Market,6,72,10577.65,0.875,0.9948916666666666
1278,Mid-Market,1,High-Value Core,Mid-Market,70,42,8093.570000000001,0.9523809523809523,1.0105095238095239
1279,Occasional,2,Price-Sensitive / At-Risk,Occasional,90,13,1957.83,0.8461538461538461,0.9479923076923077
1280,SMB,3,Steady Mid-Value,SMB,22,11,1446.78,0.9090909090909091,0.9420999999999999
1281,Mid-Market,1,High-Value Core,Mid-Market,23,41,7135.64,0.8780487804878049,0.979780487804878
1282,Mid-Market,1,High-Value Core,Mid-Market,49,29,4396.56,0.896551724137931,0.9881689655172414
1283,SMB,3,Steady Mid-Value,SMB,12,30,6683.88,0.9,0.9609733333333333
1284,SMB,0,Low-Engagement / Occasional,Occasional,102,9,1367.18,1.0,0.9457333333333333
1285,Occasional,2,Price-Sensitive / At-Risk,Occasional,177,11,1966.75,0.8181818181818182,0.9651090909090908
1286,Occasional,2,Price-Sensitive / At-Risk,Occasional,18,9,1033.89,0.7777777777777778,0.8853111111111112
1287,Mid-Market,1,High-Value Core,Mid-Market,2,55,10363.7,0.9272727272727272,0.9642836363636365
1288,Mid-Market,1,High-Value Core,Mid-Market,18,40,7786.3,0.925,1.00568
1289,SMB,0,Low-Engagement / Occasional,Occasional,126,8,1313.21,1.0,0.9383125
1290,SMB,3,Steady Mid-Value,SMB,28,18,3458.95,0.8888888888888888,0.9872777777777778
1291,SMB,3,Steady Mid-Value,SMB,249,33,6882.05,0.8787878787878788,0.9965666666666666
1292,SMB,3,Steady Mid-Value,SMB,71,31,5754.53,1.0,0.9605677419354839
1293,SMB,3,Steady Mid-Value,SMB,11,29,4146.37,0.8620689655172413,0.9607275862068966
1294,Mid-Market,1,High-Value Core,Mid-Market,4,50,9803.89,0.92,0.994376
1295,Mid-Market,1,High-Value Core,Mid-Market,22,69,13009.77,0.9130434782608695,0.9853463768115942
1296,Mid-Market,1,High-Value Core,Mid-Market,9,73,14643.33,0.9178082191780822,0.9822602739726027
1297,Mid-Market,3,Steady Mid-Value,SMB,18,43,7197.1,0.9302325581395349,0.979732558139535
1298,Mid-Market,1,High-Value Core,Mid-Market,2,47,9759.84,0.9361702127659575,0.9849425531914893
1299,SMB,3,Steady Mid-Value,SMB,137,40,6684.86,0.925,0.9728049999999999
1300,Mid-Market,1,High-Value Core,Mid-Market,47,48,8866.02,0.9583333333333334,0.9958020833333333
1301,Mid-Market,1,High-Value Core,Mid-Market,16,54,8344.85,0.8888888888888888,0.979612962962963
1302,SMB,3,Steady Mid-Value,SMB,50,32,5154.29,0.875,0.967515625
1303,SMB,3,Steady Mid-Value,SMB,38,33,4151.44,0.8484848484848485,0.9848000000000001
1304,Mid-Market,1,High-Value Core,Mid-Market,15,52,11526.289999999999,0.9423076923076923,1.0060673076923077
1305,SMB,3,Steady Mid-Value,SMB,97,39,6741.72,0.9230769230769231,0.9668307692307693
1306,Occasional,2,Price-Sensitive / At-Risk,Occasional,110,9,890.5500000000001,0.7777777777777778,0.9601333333333333
1307,SMB,2,Price-Sensitive / At-Risk,Occasional,152,32,5987.96,0.8125,0.97025625
1308,SMB,3,Steady Mid-Value,SMB,13,26,4235.61,0.9230769230769231,0.9522884615384615
1309,Enterprise,1,High-Value Core,Mid-Market,10,64,13157.710000000001,0.90625,1.0471234375
1310,Occasional,2,Price-Sensitive / At-Risk,Occasional,69,5,326.46000000000004,0.8,0.95694
1311,Mid-Market,1,High-Value Core,Mid-Market,11,38,7848.14,0.8947368421052632,0.9913736842105262
1312,Occasional,2,Price-Sensitive / At-Risk,Occasional,389,3,383.7,0.6666666666666666,0.9880333333333334
1313,SMB,3,Steady Mid-Value,SMB,127,16,4299.94,0.8125,0.98145
1314,Enterprise,1,High-Value Core,Mid-Market,65,25,4452.32,0.92,1.081452
1315,Enterprise,1,High-Value Core,Mid-Market,45,103,20854.38,0.9223300970873787,1.02482427184466
1316,SMB,2,Price-Sensitive / At-Risk,Occasional,15,9,2283.6800000000003,0.7777777777777778,0.9418888888888889
1317,SMB,3,Steady Mid-Value,SMB,47,24,3043.3,0.875,0.9847333333333333
1318,Enterprise,1,High-Value Core,Mid-Market,8,133,29650.02,0.9548872180451128,1.036593984962406
1319,SMB,3,Steady Mid-Value,SMB,79,22,3978.53,0.9545454545454546,0.9724136363636364
1320,Occasional,0,Low-Engagement / Occasional,Occasional,334,1,1209.61,1.0,0.9164
1321,SMB,3,Steady Mid-Value,SMB,54,35,6833.68,0.9428571428571428,0.9712085714285714
1322,SMB,3,Steady Mid-Value,SMB,22,42,7278.51,0.9047619047619048,0.983152380952381
1323,Enterprise,1,High-Value Core,Mid-Market,25,25,2722.96,0.84,1.040468
1324,SMB,3,Steady Mid-Value,SMB,7,24,5088.27,0.9166666666666666,0.9718458333333334
1325,Mid-Market,1,High-Value Core,Mid-Market,29,62,11868.36,0.9193548387096774,0.9706370967741935
1326,Occasional,0,Low-Engagement / Occasional,Occasional,33,2,943.0500000000001,1.0,0.88375
1327,Mid-Market,3,Steady Mid-Value,SMB,123,52,7559.75,0.9807692307692307,0.9556153846153846
1328,SMB,0,Low-Engagement / Occasional,Occasional,353,22,3735.47,0.8636363636363636,0.9516772727272728
1329,Mid-Market,1,High-Value Core,Mid-Market,40,64,15513.67,0.890625,0.9870328125
1330,Mid-Market,1,High-Value Core,Mid-Market,20,27,6413.57,0.9629629629629629,0.9804777777777778
1331,SMB,3,Steady Mid-Value,SMB,87,41,4459.34,0.8536585365853658,0.9635487804878048
1332,SMB,3,Steady Mid-Value,SMB,19,33,7087.12,0.8787878787878788,0.9632636363636364
1333,SMB,3,Steady Mid-Value,SMB,4,32,4226.46,0.875,0.963878125
1334,Occasional,0,Low-Engagement / Occasional,Occasional,867,7,899.3199999999999,1.0,0.9668285714285714
1335,Occasional,0,Low-Engagement / Occasional,Occasional,297,3,1142.55,1.0,0.9097333333333334
1336,Occasional,0,Low-Engagement / Occasional,Occasional,98,13,4350.38,1.0,0.9758846153846155
1337,Mid-Market,3,Steady Mid-Value,SMB,18,8,1245.19,1.0,0.937125
1338,SMB,3,Steady Mid-Value,SMB,85,32,6073.63,0.875,0.9616375
1339,Occasional,0,Low-Engagement / Occasional,Occasional,367,8,653.55,0.875,0.975375
1340,Mid-Market,1,High-Value Core,Mid-Market,3,71,12039.33,0.8873239436619719,0.9693957746478874
1341,Mid-Market,1,High-Value Core,Mid-Market,18,51,8957.41,0.9607843137254902,0.9940254901960784
1342,SMB,3,Steady Mid-Value,SMB,277,19,5128.14,0.8421052631578947,0.9799736842105262
1343,SMB,0,Low-Engagement / Occasional,Occasional,84,24,3996.19,1.0,0.9580458333333334
1344,SMB,3,Steady Mid-Value,SMB,27,16,1900.65,0.9375,0.97988125
1345,Occasional,0,Low-Engagement / Occasional,Occasional,33,4,427.21000000000004,1.0,1.008975
1346,SMB,3,Steady Mid-Value,SMB,107,20,3706.0299999999997,0.95,0.98643
1347,Mid-Market,1,High-Value Core,Mid-Market,1,67,11082.05,0.9402985074626866,0.9989328358208955
1348,Mid-Market,3,Steady Mid-Value,SMB,119,34,6515.17,0.9411764705882353,0.9771941176470589
1349,Mid-Market,1,High-Value Core,Mid-Market,1,69,15260.42,0.9130434782608695,0.979663768115942
1350,Mid-Market,3,Steady Mid-Value,SMB,35,62,13061.18,0.967741935483871,0.9598854838709677
1351,SMB,3,Steady Mid-Value,SMB,41,33,3918.86,0.8484848484848485,0.9819484848484848
1352,Occasional,0,Low-Engagement / Occasional,Occasional,77,8,1447.9199999999998,1.0,0.9768625
1353,Mid-Market,1,High-Value Core,Mid-Market,18,83,17728.09,0.9879518072289156,0.9865939759036144
1354,Mid-Market,1,High-Value Core,Mid-Market,54,31,4286.65,0.8709677419354839,0.9921677419354838
1355,Occasional,0,Low-Engagement / Occasional,Occasional,80,5,918.99,1.0,0.9009199999999999
1356,Enterprise,1,High-Value Core,Mid-Market,31,22,4093.99,0.9545454545454546,1.0351
1357,SMB,3,Steady Mid-Value,SMB,34,19,2888.67,0.9473684210526315,0.9984526315789474
1358,SMB,3,Steady Mid-Value,SMB,45,31,6826.5599999999995,0.9032258064516129,0.9948064516129032
1359,SMB,3,Steady Mid-Value,SMB,163,12,1680.3999999999999,0.9166666666666666,0.9862500000000001
1360,Mid-Market,3,Steady Mid-Value,SMB,20,61,10482.71,0.9672131147540983,0.9568950819672132
1361,SMB,2,Price-Sensitive / At-Risk,Occasional,258,19,3734.5499999999997,0.7368421052631579,0.9836315789473684
1362,Mid-Market,1,High-Value Core,Mid-Market,7,30,4847.33,0.9333333333333333,0.9746666666666666
1363,SMB,3,Steady Mid-Value,SMB,143,28,5860.09,0.9642857142857143,0.9971892857142857
1364,Enterprise,1,High-Value Core,Mid-Market,5,25,5467.77,1.0,1.010332
1365,SMB,3,Steady Mid-Value,SMB,303,25,5797.05,0.92,0.988916
1366,SMB,0,Low-Engagement / Occasional,Occasional,76,12,2448.5,0.9166666666666666,0.9716583333333334
1367,Mid-Market,3,Steady Mid-Value,SMB,39,14,1312.29,0.7857142857142857,1.006592857142857
1368,Mid-Market,3,Steady Mid-Value,SMB,199,53,10244.37,0.9433962264150944,0.9906792452830189
1369,Mid-Market,3,Steady Mid-Value,SMB,63,8,1492.95,0.875,0.9295249999999999
1370,Mid-Market,1,High-Value Core,Mid-Market,13,76,13468.19,0.8947368421052632,0.9858223684210526
1371,Mid-Market,1,High-Value Core,Mid-Market,22,54,7541.24,0.9629629629629629,0.9999351851851851
1372,Occasional,0,Low-Engagement / Occasional,Occasional,192,6,1322.3,1.0,0.9813166666666667
1373,Mid-Market,1,High-Value Core,Mid-Market,60,29,6744.49,0.896551724137931,1.0056827586206896
1374,SMB,3,Steady Mid-Value,SMB,157,7,1239.84,1.0,1.0016285714285715
1375,Occasional,0,Low-Engagement / Occasional,Occasional,142,1,165.54,1.0,0.9156
1376,Mid-Market,1,High-Value Core,Mid-Market,58,33,4626.63,0.8787878787878788,0.9902818181818182
1377,SMB,3,Steady Mid-Value,SMB,2,18,3927.69,0.9444444444444444,0.9639666666666665
1378,Occasional,0,Low-Engagement / Occasional,Occasional,14,5,639.6,1.0,0.9747
1379,SMB,3,Steady Mid-Value,SMB,45,12,2335.86,0.9166666666666666,0.9658416666666666
1380,Mid-Market,1,High-Value Core,Mid-Market,54,39,7915.97,1.0,1.0004
1381,SMB,3,Steady Mid-Value,SMB,38,44,8735.68,1.0,0.9607659090909091
1382,Enterprise,1,High-Value Core,Mid-Market,6,29,4130.45,0.9310344827586207,1.0322344827586207
1383,SMB,3,Steady Mid-Value,SMB,131,22,3738.6099999999997,0.8636363636363636,0.9944818181818181
1384,Occasional,0,Low-Engagement / Occasional,Occasional,179,11,2848.73,0.9090909090909091,0.9557909090909091
1385,Occasional,0,Low-Engagement / Occasional,Occasional,371,13,2536.55,1.0,0.9532
1386,Enterprise,1,High-Value Core,Mid-Market,31,29,4040.83,0.8275862068965517,1.035506896551724
1387,SMB,3,Steady Mid-Value,SMB,24,31,7061.43,0.9354838709677419,0.9684193548387097
1388,Mid-Market,1,High-Value Core,Mid-Market,19,47,8972.88,0.9787234042553191,0.972591489361702
1389,Occasional,2,Price-Sensitive / At-Risk,Occasional,56,18,5683.0599999999995,0.7777777777777778,0.9539944444444445
1390,Enterprise,1,High-Value Core,Mid-Market,1,92,17415.36,0.9782608695652174,1.0408836956521739
1391,Occasional,2,Price-Sensitive / At-Risk,Occasional,18,20,3674.3399999999997,0.75,0.9609099999999999
1392,Occasional,2,Price-Sensitive / At-Risk,Occasional,26,11,1193.1100000000001,0.7272727272727273,0.9177090909090908
1393,Mid-Market,3,Steady Mid-Value,SMB,76,15,2985.58,1.0,0.9565066666666666
1394,Enterprise,1,High-Value Core,Mid-Market,58,57,11904.89,0.9824561403508771,1.022080701754386
1395,Occasional,0,Low-Engagement / Occasional,Occasional,29,1,890.99,1.0,0.9583
1396,Mid-Market,3,Steady Mid-Value,SMB,5,7,708.92,0.8571428571428571,0.9775142857142857
1397,SMB,3,Steady Mid-Value,SMB,9,32,6636.83,0.875,0.96749375
1398,Occasional,0,Low-Engagement / Occasional,Occasional,352,6,1169.46,0.8333333333333334,0.9587333333333333
1399,SMB,3,Steady Mid-Value,SMB,10,19,2911.87,0.8947368421052632,0.9879
1400,Mid-Market,1,High-Value Core,Mid-Market,2,56,7997.0,0.9285714285714286,1.001969642857143
1401,SMB,2,Price-Sensitive / At-Risk,Occasional,47,6,900.71,0.6666666666666666,0.9657666666666667
1402,Enterprise,1,High-Value Core,Mid-Market,11,97,19663.67,0.9484536082474226,1.0322484536082475
1403,Occasional,2,Price-Sensitive / At-Risk,Occasional,162,19,2716.13,0.8421052631578947,0.9733736842105263
1404,Mid-Market,1,High-Value Core,Mid-Market,6,44,7841.41,0.8636363636363636,0.9919181818181818
1405,Mid-Market,1,High-Value Core,Mid-Market,18,65,12103.83,0.9230769230769231,0.9712138461538462
1406,Mid-Market,1,High-Value Core,Mid-Market,22,53,14699.95,0.9433962264150944,0.9950490566037736
1407,Occasional,2,Price-Sensitive / At-Risk,Occasional,66,7,3265.8999999999996,0.8571428571428571,0.9854571428571429
1408,Mid-Market,3,Steady Mid-Value,SMB,24,30,4686.84,0.9,0.9599033333333333
1409,Occasional,0,Low-Engagement / Occasional,Occasional,83,14,2208.38,1.0,0.9367142857142857
1410,SMB,3,Steady Mid-Value,SMB,65,22,4245.85,0.9090909090909091,0.9799136363636364
1411,Occasional,0,Low-Engagement / Occasional,Occasional,235,21,4273.7699999999995,0.9047619047619048,0.9452047619047619
1412,Occasional,0,Low-Engagement / Occasional,Occasional,94,8,1431.1599999999999,1.0,1.0038624999999999
1413,Occasional,2,Price-Sensitive / At-Risk,Occasional,19,13,1592.56,0.7692307692307693,0.9663384615384616
1414,Occasional,3,Steady Mid-Value,SMB,11,14,1151.33,0.8571428571428571,0.9497785714285715
1415,Mid-Market,1,High-Value Core,Mid-Market,2,49,8535.69,0.9591836734693877,1.0010714285714286
1416,SMB,3,Steady Mid-Value,SMB,250,32,4941.15,0.9375,0.999790625
1417,SMB,2,Price-Sensitive / At-Risk,Occasional,162,19,2425.71,0.7894736842105263,0.9428842105263158
1418,SMB,3,Steady Mid-Value,SMB,21,16,4190.360000000001,0.9375,0.9774875
1419,Occasional,0,Low-Engagement / Occasional,Occasional,262,11,2151.92,0.9090909090909091,0.9716363636363637
1420,Occasional,0,Low-Engagement / Occasional,Occasional,97,9,1765.24,0.8888888888888888,0.9365444444444445
1421,SMB,3,Steady Mid-Value,SMB,43,37,5555.61,0.918918918918919,0.9727297297297297
1422,SMB,3,Steady Mid-Value,SMB,62,20,3498.31,0.85,0.9708349999999999
1423,SMB,2,Price-Sensitive / At-Risk,Occasional,49,17,3263.34,0.7647058823529411,0.972335294117647
1424,Mid-Market,2,Price-Sensitive / At-Risk,Occasional,63,20,3320.67,0.75,1.00163
1425,Mid-Market,1,High-Value Core,Mid-Market,20,31,3301.35,0.9354838709677419,0.9911516129032258
1426,Mid-Market,3,Steady Mid-Value,SMB,2,19,3996.8700000000003,0.9473684210526315,0.9450631578947368
1427,Mid-Market,1,High-Value Core,Mid-Market,21,66,10873.949999999999,0.8787878787878788,1.0112424242424243
1428,Enterprise,1,High-Value Core,Mid-Market,6,31,6654.18,0.9032258064516129,1.027658064516129
1429,SMB,3,Steady Mid-Value,SMB,54,32,7504.14,0.9375,0.97015625
1430,SMB,3,Steady Mid-Value,SMB,26,26,3819.7599999999998,0.8461538461538461,0.9561
1431,Occasional,2,Price-Sensitive / At-Risk,Occasional,173,4,800.42,0.5,0.9621999999999999
1432,SMB,1,High-Value Core,Mid-Market,1,29,5071.4400000000005,0.8275862068965517,0.9978724137931034
1433,Enterprise,1,High-Value Core,Mid-Market,50,142,30692.28,0.9436619718309859,1.03091338028169
1434,Mid-Market,1,High-Value Core,Mid-Market,20,24,4846.17,1.0,1.0012125
1435,Mid-Market,3,Steady Mid-Value,SMB,36,27,4889.34,0.8518518518518519,0.9812740740740741
1436,Occasional,2,Price-Sensitive / At-Risk,Occasional,57,4,1078.26,0.75,0.9832000000000001
1437,Mid-Market,1,High-Value Core,Mid-Market,1,69,13939.97,0.927536231884058,1.0130710144927535
1438,SMB,3,Steady Mid-Value,SMB,72,19,2795.83,0.8421052631578947,0.9842157894736842
1439,Occasional,0,Low-Engagement / Occasional,Occasional,81,13,1797.57,0.9230769230769231,0.9828846153846154
1440,Occasional,0,Low-Engagement / Occasional,Occasional,71,8,1308.46,1.0,0.927375
1441,Mid-Market,3,Steady Mid-Value,SMB,28,40,6980.04,0.925,0.9693625000000001
1442,Enterprise,1,High-Value Core,Mid-Market,30,31,8303.78,0.9354838709677419,1.044925806451613
1443,Mid-Market,1,High-Value Core,Mid-Market,40,13,1998.75,1.0,0.9707153846153845
1444,Enterprise,1,High-Value Core,Mid-Market,2,97,16201.44,0.9381443298969072,1.0319515463917526
1445,Mid-Market,1,High-Value Core,Mid-Market,66,78,16785.87,0.9102564102564102,0.9924243589743589
1446,SMB,0,Low-Engagement / Occasional,Occasional,229,11,1776.98,1.0,0.9806
1447,Occasional,0,Low-Engagement / Occasional,Occasional,265,1,676.17,1.0,0.8809
1448,SMB,3,Steady Mid-Value,SMB,27,40,7186.84,0.875,0.9795849999999999
1449,SMB,1,High-Value Core,Mid-Market,4,33,5865.77,0.9393939393939394,0.9866121212121212
1450,Mid-Market,1,High-Value Core,Mid-Market,2,52,12712.1,0.9230769230769231,0.990276923076923
1451,SMB,3,Steady Mid-Value,SMB,61,23,5590.56,1.0,0.9805826086956522
1452,SMB,3,Steady Mid-Value,SMB,14,19,2845.31,1.0,0.969978947368421
1453,Occasional,0,Low-Engagement / Occasional,Occasional,216,10,1675.15,1.0,0.9594100000000001
1454,Occasional,0,Low-Engagement / Occasional,Occasional,53,12,2176.38,1.0,0.9775416666666666
1455,Mid-Market,1,High-Value Core,Mid-Market,15,20,2547.79,0.95,0.99688
1456,Mid-Market,1,High-Value Core,Mid-Market,25,55,10530.949999999999,0.9818181818181818,0.9915927272727272
1457,Mid-Market,1,High-Value Core,Mid-Market,51,86,15287.93,0.9302325581395349,0.9797093023255813
1458,SMB,3,Steady Mid-Value,SMB,47,9,1555.16,0.8888888888888888,0.9392666666666667
1459,Occasional,2,Price-Sensitive / At-Risk,Occasional,79,13,3048.4,0.8461538461538461,0.9645923076923076
1460,Mid-Market,1,High-Value Core,Mid-Market,46,29,4842.64,0.9310344827586207,0.9817758620689655
1461,SMB,3,Steady Mid-Value,SMB,15,12,1824.3,0.9166666666666666,0.98145
1462,SMB,3,Steady Mid-Value,SMB,29,19,2918.83,0.9473684210526315,0.9549842105263158
1463,Mid-Market,1,High-Value Core,Mid-Market,10,70,13668.98,0.9285714285714286,0.9739514285714285
1464,Mid-Market,1,High-Value Core,Mid-Market,12,15,1908.82,0.8666666666666667,1.0206666666666666
1465,SMB,2,Price-Sensitive / At-Risk,Occasional,78,12,1444.92,0.8333333333333334,0.9659833333333333
1466,SMB,3,Steady Mid-Value,SMB,137,30,5074.67,0.9,0.9668966666666667
1467,SMB,3,Steady Mid-Value,SMB,7,10,1445.1599999999999,0.8,0.92431
1468,Mid-Market,1,High-Value Core,Mid-Market,13,22,3020.6,0.8636363636363636,0.9790454545454547
1469,SMB,3,Steady Mid-Value,SMB,62,11,2091.32,1.0,1.0068363636363638
1470,Mid-Market,1,High-Value Core,Mid-Market,67,53,11206.210000000001,0.9433962264150944,1.0028396226415095
1471,Occasional,0,Low-Engagement / Occasional,Occasional,266,7,1192.21,1.0,0.9906428571428572
1472,Mid-Market,3,Steady Mid-Value,SMB,58,44,8359.08,0.9318181818181818,0.975
1473,Mid-Market,3,Steady Mid-Value,SMB,54,51,11067.56,0.9607843137254902,0.973492156862745
1474,SMB,3,Steady Mid-Value,SMB,33,29,4440.4,0.896551724137931,0.9540413793103448
1475,SMB,3,Steady Mid-Value,SMB,34,38,6540.02,0.9736842105263158,0.9423815789473684
1476,SMB,0,Low-Engagement / Occasional,Occasional,203,20,3685.61,0.95,0.98009
1477,SMB,3,Steady Mid-Value,SMB,8,12,1999.6599999999999,0.9166666666666666,0.9619833333333334
1478,Occasional,0,Low-Engagement / Occasional,Occasional,414,6,605.12,1.0,0.9321666666666667
1479,SMB,3,Steady Mid-Value,SMB,36,28,6556.14,0.8928571428571429,0.9825071428571429
1480,SMB,3,Steady Mid-Value,SMB,11,49,8141.33,0.8979591836734694,0.9630122448979591
1481,Mid-Market,3,Steady Mid-Value,SMB,14,23,3636.36,0.9130434782608695,0.9665
1482,Enterprise,1,High-Value Core,Mid-Market,36,60,11082.76,0.9,1.0346166666666667
1483,SMB,3,Steady Mid-Value,SMB,98,18,2501.59,0.8888888888888888,0.9863555555555555
1484,Mid-Market,1,High-Value Core,Mid-Market,10,55,9546.4,0.8727272727272727,0.9984527272727274
1485,SMB,3,Steady Mid-Value,SMB,49,41,5995.27,0.9024390243902439,0.9467487804878049
1486,Enterprise,1,High-Value Core,Mid-Market,15,94,19021.08,0.9893617021276596,1.0380893617021276
1487,Occasional,0,Low-Engagement / Occasional,Occasional,190,13,2111.07,0.9230769230769231,0.9701692307692308
1488,SMB,2,Price-Sensitive / At-Risk,Occasional,58,5,647.27,0.8,1.01566
1489,Occasional,0,Low-Engagement / Occasional,Occasional,150,15,2687.34,0.8666666666666667,0.96246
1490,SMB,3,Steady Mid-Value,SMB,14,14,2593.68,0.9285714285714286,0.9693714285714287
1491,Enterprise,1,High-Value Core,Mid-Market,36,20,3180.8,1.0,1.0258800000000001
1492,SMB,3,Steady Mid-Value,SMB,22,5,1293.3899999999999,0.8,0.98286
1493,SMB,3,Steady Mid-Value,SMB,49,23,3721.69,0.8695652173913043,0.966904347826087
1494,SMB,0,Low-Engagement / Occasional,Occasional,242,10,2841.07,1.0,0.96882
1495,Mid-Market,3,Steady Mid-Value,SMB,16,43,5866.18,0.9302325581395349,0.9561674418604652
1496,SMB,3,Steady Mid-Value,SMB,9,44,7969.53,0.9318181818181818,0.9750818181818182
1497,Occasional,0,Low-Engagement / Occasional,Occasional,84,2,166.92000000000002,1.0,0.88295
1498,SMB,2,Price-Sensitive / At-Risk,Occasional,35,10,1004.25,0.8,0.93706
1499,Mid-Market,1,High-Value Core,Mid-Market,69,51,11468.75,0.9215686274509803,0.9770235294117647
1500,SMB,3,Steady Mid-Value,SMB,36,24,3312.42,0.8333333333333334,0.97165
1501,SMB,2,Price-Sensitive / At-Risk,Occasional,149,16,4284.25,0.75,1.02135625
1502,Occasional,0,Low-Engagement / Occasional,Occasional,545,15,2053.8,0.9333333333333333,0.9172333333333333
1503,Mid-Market,1,High-Value Core,Mid-Market,2,43,6203.89,0.9069767441860465,0.9948302325581394
1504,Mid-Market,1,High-Value Core,Mid-Market,2,18,3110.33,0.8333333333333334,0.9575777777777777
1505,SMB,3,Steady Mid-Value,SMB,34,18,1939.1,0.8888888888888888,0.9683499999999999
1506,SMB,3,Steady Mid-Value,SMB,48,22,4209.93,1.0,0.978559090909091
1507,SMB,3,Steady Mid-Value,SMB,9,40,7220.18,0.9,0.9826600000000001
1508,SMB,3,Steady Mid-Value,SMB,85,18,4693.29,0.9444444444444444,0.9991222222222222
1509,Mid-Market,3,Steady Mid-Value,SMB,19,15,2251.4,0.8666666666666667,0.9735133333333333
1510,SMB,3,Steady Mid-Value,SMB,59,25,4410.89,0.88,0.955596
1511,Mid-Market,1,High-Value Core,Mid-Market,2,43,6823.88,0.9302325581395349,1.002679069767442
1512,Mid-Market,1,High-Value Core,Mid-Market,18,29,5086.32,0.7931034482758621,0.9986068965517242
1513,SMB,3,Steady Mid-Value,SMB,33,32,7155.42,0.84375,0.98001875
1514,SMB,3,Steady Mid-Value,SMB,117,28,4723.63,0.8571428571428571,0.9843999999999999
1515,Occasional,2,Price-Sensitive / At-Risk,Occasional,196,9,1321.44,0.7777777777777778,0.9657333333333332
1516,Mid-Market,1,High-Value Core,Mid-Market,7,15,4551.09,0.9333333333333333,0.9871199999999999
1517,Mid-Market,1,High-Value Core,Mid-Market,70,58,9285.42,0.9310344827586207,0.9860310344827586
1518,Occasional,0,Low-Engagement / Occasional,Occasional,338,12,1735.36,0.9166666666666666,0.9294250000000001
1519,Mid-Market,1,High-Value Core,Mid-Market,11,17,2339.41,0.8823529411764706,0.9845823529411765
1520,Mid-Market,1,High-Value Core,Mid-Market,34,59,13932.22,0.9830508474576272,0.9785050847457627
1521,Mid-Market,1,High-Value Core,Mid-Market,98,72,13818.69,0.9722222222222222,0.9790069444444445
1522,SMB,3,Steady Mid-Value,SMB,35,41,4442.94,0.8780487804878049,0.9826560975609756
1523,Occasional,2,Price-Sensitive / At-Risk,Occasional,82,11,2002.6299999999999,0.8181818181818182,1.003009090909091
1524,SMB,0,Low-Engagement / Occasional,Occasional,205,14,2644.54,1.0,0.9677714285714286
1525,SMB,3,Steady Mid-Value,SMB,90,29,5274.12,0.9310344827586207,0.9948724137931035
1526,Mid-Market,3,Steady Mid-Value,SMB,37,8,874.0699999999999,1.0,0.9773999999999999
1527,Mid-Market,1,High-Value Core,Mid-Market,24,22,2514.13,0.9090909090909091,0.9659363636363636
1528,SMB,0,Low-Engagement / Occasional,Occasional,364,6,1492.0,1.0,0.9820666666666668
1529,Mid-Market,3,Steady Mid-Value,SMB,66,28,5574.29,0.8928571428571429,0.9833464285714285
1530,Mid-Market,1,High-Value Core,Mid-Market,2,28,3616.09,0.8214285714285714,0.9900392857142857
1531,Mid-Market,1,High-Value Core,Mid-Market,1,54,10356.23,0.8888888888888888,0.9773018518518518
1532,Mid-Market,1,High-Value Core,Mid-Market,1,7,1451.3700000000001,1.0,0.9730714285714287
1533,SMB,3,Steady Mid-Value,SMB,87,27,3919.03,0.8888888888888888,0.9724925925925926
1534,SMB,3,Steady Mid-Value,SMB,248,13,3086.55,1.0,0.9959076923076923
1535,Enterprise,1,High-Value Core,Mid-Market,7,127,22846.87,0.937007874015748,1.048943307086614
1536,SMB,3,Steady Mid-Value,SMB,44,19,3972.9300000000003,0.8947368421052632,0.9799052631578948
1537,SMB,3,Steady Mid-Value,SMB,31,36,5526.42,0.9166666666666666,0.9835777777777778
1538,SMB,3,Steady Mid-Value,SMB,35,27,4934.31,1.0,0.9783592592592593
1539,SMB,1,High-Value Core,Mid-Market,22,15,2848.61,0.9333333333333333,0.9967466666666667
1540,SMB,3,Steady Mid-Value,SMB,58,32,4383.08,0.9375,0.952603125
1541,SMB,3,Steady Mid-Value,SMB,52,21,3934.9,0.9523809523809523,0.9443571428571428
1542,Mid-Market,1,High-Value Core,Mid-Market,17,54,13047.48,0.9629629629629629,0.9914055555555555
1543,Mid-Market,3,Steady Mid-Value,SMB,85,60,10888.19,0.9166666666666666,0.9658650000000001
1544,Mid-Market,3,Steady Mid-Value,SMB,204,41,7436.46,0.9024390243902439,0.9884634146341463
1545,SMB,3,Steady Mid-Value,SMB,46,24,4492.39,0.9583333333333334,0.9600291666666667
1546,Mid-Market,1,High-Value Core,Mid-Market,105,64,15070.69,0.953125,0.995121875
1547,Mid-Market,3,Steady Mid-Value,SMB,53,36,6495.82,0.9166666666666666,1.0025805555555556
1548,SMB,1,High-Value Core,Mid-Market,8,8,2544.96,1.0,0.984325
1549,Mid-Market,3,Steady Mid-Value,SMB,23,39,8952.05,1.0,0.9726307692307693
1550,Mid-Market,1,High-Value Core,Mid-Market,29,14,2006.9,0.9285714285714286,1.011307142857143
1551,Mid-Market,1,High-Value Core,Mid-Market,14,17,2778.38,0.7647058823529411,1.0031176470588237
1552,SMB,3,Steady Mid-Value,SMB,145,24,3264.88,0.8333333333333334,0.9924333333333334
1553,Mid-Market,1,High-Value Core,Mid-Market,29,36,5906.74,0.9722222222222222,1.014613888888889
1554,Mid-Market,1,High-Value Core,Mid-Market,37,31,5281.6,0.967741935483871,0.969358064516129
1555,Mid-Market,3,Steady Mid-Value,SMB,120,38,5811.63,0.8157894736842105,0.9852684210526315
1556,SMB,3,Steady Mid-Value,SMB,4,24,4143.57,1.0,0.9861624999999999
1557,Occasional,0,Low-Engagement / Occasional,Occasional,127,14,2082.16,0.8571428571428571,0.95075
1558,SMB,3,Steady Mid-Value,SMB,34,35,5812.82,0.8857142857142857,0.9566800000000001
1559,SMB,3,Steady Mid-Value,SMB,162,43,9772.44,0.8837209302325582,0.973667441860465
1560,Occasional,0,Low-Engagement / Occasional,Occasional,107,8,1274.43,0.875,0.97895
1561,Occasional,0,Low-Engagement / Occasional,Occasional,75,3,410.36,1.0,0.8943
1562,SMB,3,Steady Mid-Value,SMB,36,24,5293.2,0.9583333333333334,0.9596666666666667
1563,Occasional,0,Low-Engagement / Occasional,Occasional,582,6,1182.89,1.0,0.9627666666666667
1564,Occasional,0,Low-Engagement / Occasional,Occasional,70,16,3271.1,1.0,0.9615125
1565,SMB,3,Steady Mid-Value,SMB,26,18,9271.06,0.9444444444444444,0.936661111111111
1566,SMB,2,Price-Sensitive / At-Risk,Occasional,125,19,3011.86,0.7368421052631579,0.9584631578947368
1567,Mid-Market,1,High-Value Core,Mid-Market,2,49,6920.28,0.8775510204081632,0.9804204081632653
1568,Enterprise,1,High-Value Core,Mid-Market,41,121,23049.69,0.9173553719008265,1.0530347107438016
1569,SMB,3,Steady Mid-Value,SMB,212,24,4665.08,0.875,1.0072375
1570,SMB,3,Steady Mid-Value,SMB,103,25,5870.37,0.84,0.981508
1571,Mid-Market,1,High-Value Core,Mid-Market,3,26,3198.16,0.8846153846153846,0.9896846153846154
1572,SMB,2,Price-Sensitive / At-Risk,Occasional,40,6,1373.54,0.6666666666666666,0.9528333333333334
1573,SMB,3,Steady Mid-Value,SMB,22,28,4605.69,0.9642857142857143,0.9274535714285713
1574,Occasional,2,Price-Sensitive / At-Risk,Occasional,62,19,2934.0,0.8421052631578947,0.9817578947368422
1575,Mid-Market,1,High-Value Core,Mid-Market,31,72,15683.35,0.9305555555555556,1.0063194444444443
1576,Mid-Market,3,Steady Mid-Value,SMB,44,57,11608.66,0.9298245614035088,0.9670035087719299
1577,SMB,3,Steady Mid-Value,SMB,160,23,4195.71,0.9130434782608695,0.942904347826087
1578,Occasional,0,Low-Engagement / Occasional,Occasional,153,7,842.04,0.8571428571428571,0.9235285714285714
1579,Occasional,0,Low-Engagement / Occasional,Occasional,525,7,1091.33,0.8571428571428571,0.9378000000000001
1580,Occasional,0,Low-Engagement / Occasional,Occasional,76,8,710.59,0.875,0.9221875
1581,Occasional,2,Price-Sensitive / At-Risk,Occasional,318,3,422.55,0.6666666666666666,1.0023
1582,Mid-Market,1,High-Value Core,Mid-Market,87,38,7662.91,0.9736842105263158,0.9917052631578948
1583,Mid-Market,1,High-Value Core,Mid-Market,22,31,5040.81,0.967741935483871,0.9941451612903226
1584,Mid-Market,1,High-Value Core,Mid-Market,12,78,18023.84,0.9230769230769231,0.9778435897435898
1585,SMB,3,Steady Mid-Value,SMB,75,22,3068.02,0.9545454545454546,1.0009545454545454
1586,Occasional,0,Low-Engagement / Occasional,Occasional,265,11,732.24,0.9090909090909091,0.9493454545454546
1587,Mid-Market,1,High-Value Core,Mid-Market,14,33,6513.38,0.9696969696969697,0.983569696969697
1588,SMB,3,Steady Mid-Value,SMB,54,17,2984.56,0.8823529411764706,0.9853470588235295
1589,Mid-Market,1,High-Value Core,Mid-Market,11,44,9456.67,0.9090909090909091,1.0071386363636363
1590,Mid-Market,1,High-Value Core,Mid-Market,20,29,3973.23,0.9655172413793104,1.0026344827586207
1591,Mid-Market,1,High-Value Core,Mid-Market,8,60,13750.47,0.9833333333333333,0.9990033333333332
1592,Enterprise,1,High-Value Core,Mid-Market,29,59,13013.24,1.0,1.0411440677966102
1593,Occasional,0,Low-Engagement / Occasional,Occasional,509,10,1163.59,0.9,0.9721399999999999
1594,Mid-Market,1,High-Value Core,Mid-Market,23,41,6186.0,0.9512195121951219,0.9873878048780488
1595,Occasional,0,Low-Engagement / Occasional,Occasional,64,9,1686.16,0.8888888888888888,0.9729111111111111
1596,SMB,3,Steady Mid-Value,SMB,50,33,6982.76,0.9696969696969697,0.9849727272727273
1597,Mid-Market,1,High-Value Core,Mid-Market,10,75,13658.369999999999,0.9733333333333334,0.9760773333333332
1598,Mid-Market,1,High-Value Core,Mid-Market,23,47,8079.26,0.8936170212765957,0.9914510638297872
1599,SMB,3,Steady Mid-Value,SMB,30,18,3800.71,0.9444444444444444,0.9724277777777777
1600,Mid-Market,1,High-Value Core,Mid-Market,218,54,6960.31,0.9074074074074074,1.0217129629629629
1601,Occasional,0,Low-Engagement / Occasional,Occasional,73,6,893.37,1.0,0.9242500000000001
1602,Mid-Market,1,High-Value Core,Mid-Market,42,80,18753.9,0.9375,0.97472125
1603,SMB,1,High-Value Core,Mid-Market,1,13,1408.52,0.9230769230769231,0.9788307692307693
1604,SMB,0,Low-Engagement / Occasional,Occasional,183,24,2282.17,0.875,0.959275
1605,Mid-Market,3,Steady Mid-Value,SMB,36,26,3743.27,0.9230769230769231,0.9577692307692308
1606,Mid-Market,1,High-Value Core,Mid-Market,5,26,3727.89,0.8846153846153846,0.9897269230769231
1607,Occasional,0,Low-Engagement / Occasional,Occasional,176,2,632.39,1.0,0.9218
1608,Mid-Market,1,High-Value Core,Mid-Market,14,66,15608.37,0.9242424242424242,1.000760606060606
1609,Mid-Market,1,High-Value Core,Mid-Market,12,9,2011.26,1.0,0.9921222222222222
1610,SMB,3,Steady Mid-Value,SMB,7,45,6495.18,0.8888888888888888,0.9646266666666666
1611,Mid-Market,1,High-Value Core,Mid-Market,3,14,1720.52,0.9285714285714286,0.9779928571428572
1612,SMB,1,High-Value Core,Mid-Market,3,29,4518.06,0.9655172413793104,0.9856206896551724
1613,SMB,3,Steady Mid-Value,SMB,175,26,4383.65,0.8076923076923077,0.9648000000000001
1614,Mid-Market,1,High-Value Core,Mid-Market,3,42,6720.92,0.9047619047619048,0.9859904761904762
1615,Occasional,0,Low-Engagement / Occasional,Occasional,144,18,2219.17,0.8888888888888888,0.9005888888888889
1616,Mid-Market,1,High-Value Core,Mid-Market,44,18,5970.360000000001,0.9444444444444444,1.0180444444444445
1617,Enterprise,1,High-Value Core,Mid-Market,84,47,8683.18,1.0,1.0544021276595745
1618,SMB,3,Steady Mid-Value,SMB,36,9,1537.59,0.8888888888888888,0.9816666666666668
1619,Occasional,0,Low-Engagement / Occasional,Occasional,106,3,443.19,1.0,0.9683
1620,Enterprise,1,High-Value Core,Mid-Market,2,21,3949.5099999999998,0.9523809523809523,1.0220714285714285
1621,Mid-Market,1,High-Value Core,Mid-Market,32,16,2710.27,0.8125,0.99185625
1622,SMB,3,Steady Mid-Value,SMB,95,23,4443.26,0.9130434782608695,0.9993608695652173
1623,SMB,3,Steady Mid-Value,SMB,40,15,2579.5,0.8,0.9730333333333333
1624,Mid-Market,1,High-Value Core,Mid-Market,35,59,13726.61,0.9661016949152542,0.9803254237288135
1625,Mid-Market,3,Steady Mid-Value,SMB,93,13,1976.23,1.0,1.0098
1626,SMB,3,Steady Mid-Value,SMB,3,12,3190.88,1.0,0.968025
1627,Mid-Market,1,High-Value Core,Mid-Market,12,49,9180.67,0.8979591836734694,0.9885040816326531
1628,Mid-Market,1,High-Value Core,Mid-Market,4,25,4752.15,1.0,0.9711839999999999
1629,Mid-Market,1,High-Value Core,Mid-Market,6,58,17054.239999999998,0.9137931034482759,0.9663793103448275
1630,Mid-Market,1,High-Value Core,Mid-Market,62,28,5140.31,0.8928571428571429,1.0091142857142859
1631,SMB,3,Steady Mid-Value,SMB,12,25,4743.59,0.92,0.931076
1632,Occasional,0,Low-Engagement / Occasional,Occasional,54,15,1641.2,0.8666666666666667,0.9266266666666667
1633,SMB,3,Steady Mid-Value,SMB,24,7,1134.78,0.8571428571428571,1.0001714285714287
1634,SMB,3,Steady Mid-Value,SMB,60,33,7929.55,1.0,0.9606212121212121
1635,Occasional,0,Low-Engagement / Occasional,Occasional,420,4,713.28,1.0,0.8755999999999999
1636,Mid-Market,1,High-Value Core,Mid-Market,26,62,9656.48,0.9354838709677419,1.0069758064516128
1637,Mid-Market,1,High-Value Core,Mid-Market,11,50,7369.61,0.86,0.9990399999999999
1638,Occasional,0,Low-Engagement / Occasional,Occasional,23,9,2482.01,0.8888888888888888,0.9656
1639,Mid-Market,1,High-Value Core,Mid-Market,10,72,15635.66,0.9305555555555556,0.9954291666666667
1640,SMB,3,Steady Mid-Value,SMB,83,32,4134.02,0.90625,0.9642625
1641,SMB,3,Steady Mid-Value,SMB,108,10,1889.3,0.8,1.01233
1642,Mid-Market,3,Steady Mid-Value,SMB,103,15,1468.47,0.8666666666666667,1.00434
1643,SMB,1,High-Value Core,Mid-Market,20,27,5290.22,1.0,1.007462962962963
1644,Mid-Market,1,High-Value Core,Mid-Market,2,89,15689.6,0.8876404494382022,0.9777977528089887
1645,Mid-Market,3,Steady Mid-Value,SMB,28,20,4073.41,0.8,0.9629749999999999
1646,SMB,3,Steady Mid-Value,SMB,28,15,3799.05,0.8,0.9756066666666666
1647,Mid-Market,1,High-Value Core,Mid-Market,10,55,9103.67,0.9090909090909091,1.0079036363636364
1648,SMB,3,Steady Mid-Value,SMB,20,8,1128.37,0.875,1.00375
1649,Occasional,0,Low-Engagement / Occasional,Occasional,31,10,2010.13,0.9,0.951
1650,SMB,3,Steady Mid-Value,SMB,68,27,3185.24,1.0,0.9749
1651,Mid-Market,1,High-Value Core,Mid-Market,30,32,4672.4,0.90625,0.977240625
1652,Mid-Market,1,High-Value Core,Mid-Market,16,45,7126.16,0.9777777777777777,0.9986733333333333
1653,Mid-Market,3,Steady Mid-Value,SMB,22,21,3686.8199999999997,0.9047619047619048,0.9752761904761904
1654,Mid-Market,1,High-Value Core,Mid-Market,87,30,6630.89,1.0,0.98963
1655,Occasional,0,Low-Engagement / Occasional,Occasional,490,4,293.47,1.0,0.99745
1656,Mid-Market,1,High-Value Core,Mid-Market,12,63,11468.5,0.9523809523809523,0.9747746031746032
1657,Mid-Market,1,High-Value Core,Mid-Market,6,72,12904.97,0.9583333333333334,0.9698791666666666
1658,Occasional,0,Low-Engagement / Occasional,Occasional,124,10,1678.78,1.0,0.96892
1659,Mid-Market,1,High-Value Core,Mid-Market,3,30,4181.2300000000005,0.9,1.00823
1660,Enterprise,1,High-Value Core,Mid-Market,26,51,9859.789999999999,0.9803921568627451,1.04071568627451
1661,Mid-Market,3,Steady Mid-Value,SMB,61,56,8055.25,0.875,0.9872392857142858
1662,SMB,3,Steady Mid-Value,SMB,13,15,1468.3899999999999,0.9333333333333333,1.0171266666666667
1663,SMB,3,Steady Mid-Value,SMB,41,8,1867.74,1.0,0.9512375
1664,Mid-Market,1,High-Value Core,Mid-Market,7,26,3813.66,0.8846153846153846,1.0133807692307693
1665,Occasional,0,Low-Engagement / Occasional,Occasional,193,4,2217.21,1.0,0.95275
1666,Occasional,0,Low-Engagement / Occasional,Occasional,259,3,220.69,1.0,0.9343666666666667
1667,Occasional,0,Low-Engagement / Occasional,Occasional,106,14,1811.68,1.0,0.9563214285714287
1668,Mid-Market,1,High-Value Core,Mid-Market,34,55,7919.26,0.9272727272727272,0.99066
1669,Enterprise,1,High-Value Core,Mid-Market,15,74,12951.53,0.9054054054054054,1.0387337837837838
1670,Occasional,3,Steady Mid-Value,SMB,131,6,2096.42,1.0,1.0255166666666666
1671,Mid-Market,1,High-Value Core,Mid-Market,122,55,10000.99,1.0,1.008629090909091
1672,SMB,3,Steady Mid-Value,SMB,130,14,2703.96,1.0,0.9783214285714286
1673,SMB,3,Steady Mid-Value,SMB,61,20,3086.9900000000002,0.85,0.934725
1674,Mid-Market,1,High-Value Core,Mid-Market,32,30,7023.05,0.8666666666666667,1.01317
1675,SMB,3,Steady Mid-Value,SMB,58,29,4142.57,0.8620689655172413,0.9694068965517242
1676,Occasional,3,Steady Mid-Value,SMB,39,8,1112.93,1.0,1.00085
1677,SMB,3,Steady Mid-Value,SMB,43,28,4880.96,0.8928571428571429,0.9765321428571428
1678,SMB,3,Steady Mid-Value,SMB,33,9,1269.58,0.8888888888888888,1.0069444444444444
1679,Occasional,0,Low-Engagement / Occasional,Occasional,38,4,449.40999999999997,1.0,0.9677250000000001
1680,SMB,3,Steady Mid-Value,SMB,36,8,824.06,0.875,0.97285
1681,SMB,0,Low-Engagement / Occasional,Occasional,197,7,787.69,1.0,0.9591428571428572
1682,SMB,3,Steady Mid-Value,SMB,46,23,4543.49,0.8695652173913043,0.967
1683,SMB,3,Steady Mid-Value,SMB,94,46,6786.22,0.8043478260869565,0.9585195652173913
1684,Mid-Market,1,High-Value Core,Mid-Market,3,41,8776.92,0.9512195121951219,0.9806560975609755
1685,Mid-Market,1,High-Value Core,Mid-Market,7,78,13120.52,0.9358974358974359,0.9754128205128205
1686,Mid-Market,1,High-Value Core,Mid-Market,14,65,10317.58,0.9384615384615385,0.9747953846153846
1687,SMB,3,Steady Mid-Value,SMB,35,14,1553.59,0.8571428571428571,0.9937285714285714
1688,SMB,3,Steady Mid-Value,SMB,136,18,3230.31,0.8333333333333334,0.9943555555555554
1689,SMB,3,Steady Mid-Value,SMB,131,16,4108.29,0.9375,0.94499375
1690,Mid-Market,1,High-Value Core,Mid-Market,24,27,4668.3099999999995,0.9259259259259259,0.9770000000000001
1691,SMB,3,Steady Mid-Value,SMB,6,37,5647.45,0.9459459459459459,0.9831648648648649
1692,Occasional,0,Low-Engagement / Occasional,Occasional,195,4,1042.1100000000001,1.0,0.937125
1693,Mid-Market,1,High-Value Core,Mid-Market,24,48,7519.11,0.9583333333333334,0.9752416666666667
1694,SMB,0,Low-Engagement / Occasional,Occasional,16,12,1639.47,0.9166666666666666,0.9691583333333332
1695,SMB,3,Steady Mid-Value,SMB,48,17,2396.48,0.9411764705882353,0.9609470588235295
1696,SMB,3,Steady Mid-Value,SMB,44,21,2989.2200000000003,0.9523809523809523,0.9783761904761905
1697,Mid-Market,1,High-Value Core,Mid-Market,40,44,9580.06,0.9318181818181818,1.0085363636363636
1698,SMB,2,Price-Sensitive / At-Risk,Occasional,3,27,3301.67,0.7037037037037037,0.9823037037037038
1699,Occasional,2,Price-Sensitive / At-Risk,Occasional,255,11,1652.65,0.7272727272727273,0.9788363636363637
1700,SMB,3,Steady Mid-Value,SMB,3,30,7111.89,0.9333333333333333,0.9772266666666667
1701,Occasional,2,Price-Sensitive / At-Risk,Occasional,72,7,522.38,0.7142857142857143,0.9750142857142857
1702,Occasional,0,Low-Engagement / Occasional,Occasional,621,6,701.72,1.0,0.9816333333333334
1703,Mid-Market,1,High-Value Core,Mid-Market,1,48,9609.52,0.9583333333333334,0.9692729166666667
1704,SMB,3,Steady Mid-Value,SMB,29,10,1559.52,1.0,0.9777100000000001
1705,SMB,3,Steady Mid-Value,SMB,90,31,5912.03,0.9354838709677419,0.9810483870967742
1706,Occasional,2,Price-Sensitive / At-Risk,Occasional,81,13,2287.92,0.8461538461538461,0.9856230769230769
1707,Mid-Market,1,High-Value Core,Mid-Market,43,73,12691.130000000001,0.9452054794520548,1.000817808219178
1708,Mid-Market,3,Steady Mid-Value,SMB,9,8,1371.2000000000003,0.875,0.9844375
1709,Occasional,0,Low-Engagement / Occasional,Occasional,33,3,266.36,1.0,0.9720666666666666
1710,Mid-Market,1,High-Value Core,Mid-Market,5,49,10332.64,0.8979591836734694,0.9844448979591837
1711,SMB,3,Steady Mid-Value,SMB,91,21,5071.15,1.0,0.9510761904761905
1712,Mid-Market,1,High-Value Core,Mid-Market,26,23,3766.73,1.0,0.9793304347826087
1713,Occasional,2,Price-Sensitive / At-Risk,Occasional,193,2,82.54,0.5,0.8886499999999999
1714,Occasional,2,Price-Sensitive / At-Risk,Occasional,55,7,1063.15,0.8571428571428571,0.9876428571428572
1715,Mid-Market,3,Steady Mid-Value,SMB,53,62,7827.07,0.8870967741935484,0.9663903225806451
1716,SMB,3,Steady Mid-Value,SMB,8,15,1226.37,0.8666666666666667,0.9505333333333333
1717,Mid-Market,1,High-Value Core,Mid-Market,18,28,7855.48,1.0,0.9818785714285714
1718,SMB,3,Steady Mid-Value,SMB,73,18,3734.41,1.0,0.9865055555555556
1719,SMB,3,Steady Mid-Value,SMB,139,36,7312.639999999999,0.8888888888888888,0.9816083333333333
1720,SMB,3,Steady Mid-Value,SMB,21,14,2302.36,0.9285714285714286,0.9810785714285715
1721,Enterprise,1,High-Value Core,Mid-Market,12,124,24233.42,0.9516129032258065,1.036758870967742
1722,Mid-Market,3,Steady Mid-Value,SMB,21,16,1875.46,0.8125,0.95110625
1723,SMB,2,Price-Sensitive / At-Risk,Occasional,55,6,168.56,0.5,0.9635166666666667
1724,SMB,3,Steady Mid-Value,SMB,65,22,3060.42,0.9545454545454546,0.9862454545454544
1725,SMB,3,Steady Mid-Value,SMB,26,19,3676.42,0.9473684210526315,0.9606789473684211
1726,Enterprise,1,High-Value Core,Mid-Market,60,125,29111.07,0.92,1.0446288
1727,Mid-Market,1,High-Value Core,Mid-Market,13,16,2113.76,0.9375,0.98850625
1728,Occasional,0,Low-Engagement / Occasional,Occasional,1545,3,374.25,1.0,0.9532666666666666
1729,Enterprise,1,High-Value Core,Mid-Market,6,92,20365.7,0.967391304347826,1.0375728260869566
1730,Mid-Market,3,Steady Mid-Value,SMB,35,27,5390.1900000000005,0.9629629629629629,0.9723037037037038
1731,Occasional,0,Low-Engagement / Occasional,Occasional,142,4,437.79,1.0,0.985875
1732,Enterprise,1,High-Value Core,Mid-Market,31,69,11543.15,1.0,1.04541884057971
1733,SMB,3,Steady Mid-Value,SMB,55,22,3921.33,0.9545454545454546,0.9724409090909091
1734,Mid-Market,1,High-Value Core,Mid-Market,5,46,7306.1,0.8913043478260869,0.9953152173913044
1735,Occasional,2,Price-Sensitive / At-Risk,Occasional,394,16,2876.27,0.8125,0.97894375
1736,SMB,3,Steady Mid-Value,SMB,63,18,4286.349999999999,0.8888888888888888,0.9925277777777778
1737,Occasional,0,Low-Engagement / Occasional,Occasional,160,1,79.97,1.0,1.0222
1738,Mid-Market,1,High-Value Core,Mid-Market,25,68,14324.98,0.9705882352941176,0.9935867647058824
1739,SMB,0,Low-Engagement / Occasional,Occasional,143,10,949.44,0.9,0.9641299999999999
1740,SMB,3,Steady Mid-Value,SMB,26,7,1460.42,0.8571428571428571,1.015442857142857
1741,Mid-Market,1,High-Value Core,Mid-Market,11,17,2709.53,1.0,0.9847529411764706
1742,Mid-Market,1,High-Value Core,Mid-Market,109,28,6397.28,1.0,1.0190964285714286
1743,Enterprise,1,High-Value Core,Mid-Market,32,24,5443.58,1.0,1.0244833333333332
1744,Occasional,0,Low-Engagement / Occasional,Occasional,122,5,845.75,1.0,0.94962
1745,SMB,3,Steady Mid-Value,SMB,9,7,538.1800000000001,1.0,1.003942857142857
1746,SMB,3,Steady Mid-Value,SMB,9,14,2579.67,1.0,0.9891571428571428
1747,SMB,3,Steady Mid-Value,SMB,62,14,1715.97,1.0,0.9591785714285714
1748,SMB,3,Steady Mid-Value,SMB,47,8,1463.97,1.0,0.963125
1749,SMB,3,Steady Mid-Value,SMB,16,11,1091.12,0.9090909090909091,0.9754909090909091
1750,SMB,3,Steady Mid-Value,SMB,1,15,3633.35,0.8666666666666667,0.9912933333333332
1751,SMB,1,High-Value Core,Mid-Market,2,22,3823.87,0.9090909090909091,0.960590909090909
1752,Mid-Market,1,High-Value Core,Mid-Market,2,15,2557.08,0.9333333333333333,0.9699133333333333
1753,Occasional,0,Low-Engagement / Occasional,Occasional,590,8,3198.42,0.875,0.9764125
1754,SMB,3,Steady Mid-Value,SMB,53,31,6662.54,0.9032258064516129,0.9695612903225806
1755,Mid-Market,1,High-Value Core,Mid-Market,3,22,2804.59,1.0,0.9836045454545453
1756,SMB,0,Low-Engagement / Occasional,Occasional,75,14,1771.73,1.0,0.9380642857142857
1757,Mid-Market,1,High-Value Core,Mid-Market,33,52,10103.18,0.8846153846153846,0.9723307692307692
1758,Occasional,3,Steady Mid-Value,SMB,21,9,2296.73,1.0,0.9507555555555555
1759,Occasional,0,Low-Engagement / Occasional,Occasional,3,9,1212.93,1.0,0.9676111111111112
1760,Occasional,0,Low-Engagement / Occasional,Occasional,62,11,2281.43,1.0,0.9406272727272728
1761,Mid-Market,1,High-Value Core,Mid-Market,40,51,8948.58,0.9019607843137255,1.006986274509804
1762,Mid-Market,3,Steady Mid-Value,SMB,5,50,7633.22,0.92,0.958086
1763,Mid-Market,1,High-Value Core,Mid-Market,163,13,1739.71,0.9230769230769231,1.0086076923076923
1764,Mid-Market,1,High-Value Core,Mid-Market,20,37,8677.65,0.918918918918919,0.988218918918919
1765,Mid-Market,1,High-Value Core,Mid-Market,16,61,10514.45,0.9016393442622951,0.9738737704918033
1766,Enterprise,1,High-Value Core,Mid-Market,21,69,13590.93,1.0,1.0405521739130434
1767,Occasional,0,Low-Engagement / Occasional,Occasional,862,11,2565.9,0.9090909090909091,0.9668272727272726
1768,Enterprise,1,High-Value Core,Mid-Market,55,26,3229.58,0.8846153846153846,1.0257884615384616
1769,Mid-Market,1,High-Value Core,Mid-Market,10,62,12847.58,0.967741935483871,1.0070629032258065
1770,SMB,2,Price-Sensitive / At-Risk,Occasional,76,20,3800.09,0.75,0.9414300000000001
1771,SMB,3,Steady Mid-Value,SMB,33,29,6091.28,0.9310344827586207,0.9900758620689655
1772,SMB,3,Steady Mid-Value,SMB,79,38,5996.37,0.8421052631578947,0.955878947368421
1773,SMB,3,Steady Mid-Value,SMB,69,8,2458.11,0.875,0.954275
1774,Occasional,2,Price-Sensitive / At-Risk,Occasional,15,9,827.85,0.7777777777777778,0.9576999999999999
1775,SMB,3,Steady Mid-Value,SMB,16,23,4532.95,0.9130434782608695,0.9739739130434782
1776,SMB,3,Steady Mid-Value,SMB,77,28,4099.53,0.8571428571428571,0.9837999999999999
1777,SMB,3,Steady Mid-Value,SMB,30,15,3096.55,0.8,0.99278
1778,SMB,3,Steady Mid-Value,SMB,39,38,4174.39,0.8157894736842105,0.9647447368421053
1779,Mid-Market,3,Steady Mid-Value,SMB,49,13,2135.51,1.0,0.9779692307692307
1780,SMB,2,Price-Sensitive / At-Risk,Occasional,3,14,1788.8000000000002,0.7857142857142857,0.9832928571428571
1781,Mid-Market,1,High-Value Core,Mid-Market,4,60,10827.67,0.9166666666666666,0.9843333333333334
1782,SMB,3,Steady Mid-Value,SMB,133,17,3772.8199999999997,0.9411764705882353,0.9570117647058825
1783,Mid-Market,1,High-Value Core,Mid-Market,9,21,4883.41,0.9047619047619048,0.9678904761904763
1784,Mid-Market,1,High-Value Core,Mid-Market,47,68,12017.03,0.8970588235294118,1.0047661764705882
1785,Mid-Market,1,High-Value Core,Mid-Market,7,36,7009.8,0.8888888888888888,0.9605166666666667
1786,Occasional,0,Low-Engagement / Occasional,Occasional,88,4,1135.38,1.0,0.966725
1787,Mid-Market,3,Steady Mid-Value,SMB,53,23,3608.9500000000003,0.782608695652174,0.977513043478261
1788,SMB,3,Steady Mid-Value,SMB,13,23,4860.11,0.8260869565217391,0.9626347826086956
1789,Occasional,0,Low-Engagement / Occasional,Occasional,130,4,738.9,1.0,0.9632499999999999
1790,Enterprise,1,High-Value Core,Mid-Market,32,42,6886.97,0.9523809523809523,1.031052380952381
1791,SMB,3,Steady Mid-Value,SMB,4,10,1709.04,0.9,0.95936
1792,Mid-Market,3,Steady Mid-Value,SMB,153,40,9933.41,0.975,0.9992800000000001
1793,Mid-Market,1,High-Value Core,Mid-Market,7,31,7286.44,0.967741935483871,0.9584354838709678
1794,SMB,3,Steady Mid-Value,SMB,49,37,5285.78,0.8918918918918919,0.9693594594594596
1795,Occasional,2,Price-Sensitive / At-Risk,Occasional,83,5,416.42,0.8,0.99014
1796,Mid-Market,3,Steady Mid-Value,SMB,10,9,802.13,0.8888888888888888,0.9565777777777777
1797,SMB,3,Steady Mid-Value,SMB,88,27,4857.37,0.8888888888888888,0.9533
1798,Mid-Market,1,High-Value Core,Mid-Market,77,31,6711.889999999999,0.967741935483871,1.0252903225806451
1799,SMB,3,Steady Mid-Value,SMB,43,8,989.95,0.875,0.94125
1800,SMB,3,Steady Mid-Value,SMB,138,42,6320.68,0.9047619047619048,0.984347619047619
1801,SMB,2,Price-Sensitive / At-Risk,Occasional,123,14,2452.26,0.7857142857142857,0.9635857142857143
1802,SMB,3,Steady Mid-Value,SMB,10,7,1482.58,1.0,0.9792142857142857
1803,Mid-Market,1,High-Value Core,Mid-Market,140,19,4092.83,0.8947368421052632,0.9909894736842105
1804,SMB,3,Steady Mid-Value,SMB,13,36,6236.33,0.8611111111111112,0.9929166666666666
1805,SMB,3,Steady Mid-Value,SMB,4,13,2310.13,0.9230769230769231,0.9705923076923076
1806,SMB,3,Steady Mid-Value,SMB,213,12,1833.07,0.9166666666666666,0.9377833333333333
1807,Enterprise,1,High-Value Core,Mid-Market,1,140,26285.97,0.95,1.027295
1808,SMB,2,Price-Sensitive / At-Risk,Occasional,48,12,660.4,0.75,1.0089583333333334
1809,Mid-Market,1,High-Value Core,Mid-Market,3,29,6942.24,0.8620689655172413,0.9656034482758621
1810,Mid-Market,1,High-Value Core,Mid-Market,33,9,1099.43,0.8888888888888888,1.0148333333333333
1811,Mid-Market,1,High-Value Core,Mid-Market,1,76,14164.22,0.9210526315789473,1.0048644736842105
1812,SMB,0,Low-Engagement / Occasional,Occasional,124,1,75.25,1.0,1.0994
1813,SMB,3,Steady Mid-Value,SMB,97,23,2574.4700000000003,0.9130434782608695,0.9490434782608695
1814,Mid-Market,1,High-Value Core,Mid-Market,28,72,17765.45,0.9583333333333334,0.9883513888888888
1815,SMB,3,Steady Mid-Value,SMB,19,21,4795.05,1.0,0.9476714285714285
1816,SMB,1,High-Value Core,Mid-Market,43,15,2915.79,0.9333333333333333,1.0146866666666667
1817,SMB,3,Steady Mid-Value,SMB,116,3,766.52,1.0,1.0145
1818,SMB,3,Steady Mid-Value,SMB,19,30,3264.05,0.8666666666666667,0.9668
1819,SMB,2,Price-Sensitive / At-Risk,Occasional,156,4,1990.57,0.75,0.89165
1820,SMB,3,Steady Mid-Value,SMB,175,14,2573.45,0.9285714285714286,0.9707214285714285
1821,Occasional,3,Steady Mid-Value,SMB,77,21,4178.15,0.8571428571428571,0.9485142857142858
1822,SMB,0,Low-Engagement / Occasional,Occasional,121,11,1174.39,0.9090909090909091,0.9838363636363637
1823,SMB,0,Low-Engagement / Occasional,Occasional,44,9,714.41,1.0,0.9690777777777778
1824,SMB,3,Steady Mid-Value,SMB,289,33,7157.360000000001,0.9393939393939394,0.985190909090909
1825,SMB,3,Steady Mid-Value,SMB,178,30,4806.57,0.8666666666666667,0.9703833333333333
1826,Enterprise,1,High-Value Core,Mid-Market,5,119,28625.32,0.9243697478991597,1.0366873949579833
1827,SMB,3,Steady Mid-Value,SMB,116,19,2408.8,1.0,0.9641789473684211
1828,SMB,3,Steady Mid-Value,SMB,43,36,4178.24,0.9444444444444444,0.9738638888888889
1829,Occasional,0,Low-Engagement / Occasional,Occasional,77,2,240.48,1.0,0.96745
1830,SMB,3,Steady Mid-Value,SMB,72,28,5115.76,0.8928571428571429,0.9859428571428571
1831,SMB,3,Steady Mid-Value,SMB,32,37,5726.47,0.9459459459459459,0.9824648648648648
1832,Occasional,0,Low-Engagement / Occasional,Occasional,293,9,1871.16,1.0,0.9480111111111111
1833,SMB,3,Steady Mid-Value,SMB,1,9,1480.28,0.8888888888888888,0.9961666666666668
1834,Mid-Market,1,High-Value Core,Mid-Market,3,21,2866.1,0.9047619047619048,0.9818761904761905
1835,Mid-Market,1,High-Value Core,Mid-Market,61,61,14268.74,0.9180327868852459,0.9854606557377049
1836,Mid-Market,3,Steady Mid-Value,SMB,130,35,5595.99,0.9428571428571428,0.9712942857142858
1837,Enterprise,1,High-Value Core,Mid-Market,6,40,7151.59,0.925,1.0334949999999998
1838,SMB,0,Low-Engagement / Occasional,Occasional,214,6,704.9,0.8333333333333334,0.9183833333333333
1839,SMB,3,Steady Mid-Value,SMB,4,33,5023.93,0.7878787878787878,0.9921121212121212
1840,SMB,1,High-Value Core,Mid-Market,38,13,3693.08,0.9230769230769231,1.0046846153846154
1841,Enterprise,1,High-Value Core,Mid-Market,8,41,6978.16,0.8780487804878049,1.0468682926829267
1842,SMB,3,Steady Mid-Value,SMB,183,12,2698.9700000000003,0.8333333333333334,0.9587166666666667
1843,Mid-Market,1,High-Value Core,Mid-Market,15,49,15404.640000000001,0.9591836734693877,0.9788081632653061
1844,Occasional,2,Price-Sensitive / At-Risk,Occasional,138,9,737.97,0.7777777777777778,0.9312
1845,Mid-Market,1,High-Value Core,Mid-Market,10,10,1440.04,1.0,1.01684
1846,SMB,3,Steady Mid-Value,SMB,25,11,1515.68,1.0,0.9818727272727272
1847,Mid-Market,1,High-Value Core,Mid-Market,2,51,8555.85,0.9411764705882353,0.9860803921568628
1848,SMB,1,High-Value Core,Mid-Market,18,15,3054.11,1.0,1.0011733333333332
1849,Mid-Market,1,High-Value Core,Mid-Market,3,48,9848.65,0.9583333333333334,0.97745625
1850,SMB,3,Steady Mid-Value,SMB,45,16,2683.95,0.9375,0.97163125
1851,Mid-Market,1,High-Value Core,Mid-Market,41,55,11747.93,0.9636363636363636,0.9936563636363637
1852,Occasional,2,Price-Sensitive / At-Risk,Occasional,155,5,210.32,0.8,0.9631599999999999
1853,SMB,3,Steady Mid-Value,SMB,11,32,5470.37,0.9375,0.965334375
1854,SMB,3,Steady Mid-Value,SMB,31,24,4641.24,0.9166666666666666,0.9725458333333333
1855,Occasional,0,Low-Engagement / Occasional,Occasional,251,11,2352.89,0.9090909090909091,0.9580363636363636
1856,Occasional,3,Steady Mid-Value,SMB,11,13,4423.9800000000005,0.9230769230769231,0.9390000000000001
1857,Mid-Market,1,High-Value Core,Mid-Market,79,76,16141.77,0.9473684210526315,0.9989144736842106
1858,Mid-Market,1,High-Value Core,Mid-Market,10,21,3666.3,1.0,0.9581428571428571
1859,Mid-Market,1,High-Value Core,Mid-Market,16,33,8429.45,0.9393939393939394,1.0076272727272728
1860,Mid-Market,1,High-Value Core,Mid-Market,27,55,11631.37,0.9454545454545454,0.9810945454545454
1861,SMB,2,Price-Sensitive / At-Risk,Occasional,29,14,1931.67,0.7142857142857143,0.99745
1862,Occasional,0,Low-Engagement / Occasional,Occasional,478,4,748.17,1.0,0.995775
1863,Occasional,2,Price-Sensitive / At-Risk,Occasional,286,15,1751.78,0.8,0.9451066666666667
1864,SMB,3,Steady Mid-Value,SMB,27,38,8459.77,0.8947368421052632,0.9863368421052632
1865,SMB,3,Steady Mid-Value,SMB,67,33,6686.49,0.8181818181818182,0.9660727272727272
1866,Occasional,0,Low-Engagement / Occasional,Occasional,460,8,1954.06,0.875,0.9666374999999999
1867,Occasional,2,Price-Sensitive / At-Risk,Occasional,128,12,1291.95,0.8333333333333334,0.9700000000000001
1868,Mid-Market,1,High-Value Core,Mid-Market,3,39,4965.06,0.9230769230769231,0.9753923076923078
1869,SMB,3,Steady Mid-Value,SMB,172,20,4739.69,0.95,0.9654299999999999
1870,Occasional,0,Low-Engagement / Occasional,Occasional,193,17,2356.01,1.0,0.9166764705882353
1871,Mid-Market,3,Steady Mid-Value,SMB,64,12,3417.47,0.75,0.97225
1872,SMB,3,Steady Mid-Value,SMB,96,6,2112.7,1.0,0.9498333333333333
1873,Occasional,2,Price-Sensitive / At-Risk,Occasional,324,5,257.43,0.6,0.9871399999999999
1874,Occasional,0,Low-Engagement / Occasional,Occasional,93,13,1365.45,0.9230769230769231,0.9479153846153847
1875,Occasional,2,Price-Sensitive / At-Risk,Occasional,50,6,1360.05,0.8333333333333334,0.95785
1876,SMB,3,Steady Mid-Value,SMB,39,13,2693.88,0.9230769230769231,0.9687923076923077
1877,Mid-Market,1,High-Value Core,Mid-Market,23,31,12117.560000000001,0.8709677419354839,0.9961
1878,Mid-Market,1,High-Value Core,Mid-Market,74,72,11927.34,0.9444444444444444,1.0044791666666668
1879,SMB,3,Steady Mid-Value,SMB,42,12,2225.5,0.8333333333333334,1.02605
1880,SMB,3,Steady Mid-Value,SMB,82,8,1609.71,1.0,0.997475
1881,SMB,3,Steady Mid-Value,SMB,86,14,2408.5,0.9285714285714286,0.9930142857142857
1882,SMB,3,Steady Mid-Value,SMB,19,32,5297.73,0.875,0.970265625
1883,Mid-Market,1,High-Value Core,Mid-Market,7,36,6592.95,0.9166666666666666,1.003652777777778
1884,SMB,3,Steady Mid-Value,SMB,118,44,11427.21,0.9772727272727273,0.9511477272727272
1885,Mid-Market,3,Steady Mid-Value,SMB,50,33,5119.0,0.8181818181818182,0.9906424242424243
1886,Mid-Market,3,Steady Mid-Value,SMB,58,74,13821.82,0.8918918918918919,0.972164864864865
1887,Mid-Market,1,High-Value Core,Mid-Market,9,77,11973.04,0.935064935064935,0.9944142857142858
1888,Mid-Market,1,High-Value Core,Mid-Market,17,45,7427.76,0.8666666666666667,0.9759444444444444
1889,Occasional,0,Low-Engagement / Occasional,Occasional,284,8,1434.73,0.875,0.9160125
1890,SMB,1,High-Value Core,Mid-Market,72,6,2644.02,1.0,1.0327
1891,Mid-Market,1,High-Value Core,Mid-Market,2,49,7742.53,0.8775510204081632,0.9903061224489795
1892,SMB,3,Steady Mid-Value,SMB,135,6,933.9300000000001,0.8333333333333334,1.036
1893,SMB,2,Price-Sensitive / At-Risk,Occasional,25,10,1117.37,0.8,0.9645300000000001
1894,Enterprise,1,High-Value Core,Mid-Market,23,102,16673.829999999998,0.9509803921568627,1.0319843137254903
1895,Mid-Market,1,High-Value Core,Mid-Market,20,16,3635.86,0.9375,1.0116
1896,Mid-Market,1,High-Value Core,Mid-Market,14,49,7283.3,0.9183673469387755,1.0039
1897,SMB,3,Steady Mid-Value,SMB,12,21,3558.54,1.0,0.9685857142857143
1898,Mid-Market,1,High-Value Core,Mid-Market,21,63,11231.77,0.8888888888888888,0.9865857142857143
1899,Enterprise,1,High-Value Core,Mid-Market,116,102,16817.21,0.9509803921568627,1.03335
1900,Enterprise,1,High-Value Core,Mid-Market,51,72,14396.28,0.9305555555555556,1.045061111111111
1901,SMB,3,Steady Mid-Value,SMB,4,23,3499.34,0.9130434782608695,0.9804304347826087
1902,Enterprise,1,High-Value Core,Mid-Market,9,71,13850.81,0.9295774647887324,1.0682929577464788
1903,Occasional,0,Low-Engagement / Occasional,Occasional,73,10,1273.53,1.0,0.92064
1904,Mid-Market,1,High-Value Core,Mid-Market,2,62,10286.9,0.9193548387096774,0.9943064516129032
1905,SMB,3,Steady Mid-Value,SMB,75,19,2794.6,1.0,0.9697947368421052
1906,SMB,2,Price-Sensitive / At-Risk,Occasional,129,15,1225.0900000000001,0.8,0.9793933333333332
1907,SMB,2,Price-Sensitive / At-Risk,Occasional,34,6,850.12,0.6666666666666666,0.9783
1908,Enterprise,1,High-Value Core,Mid-Market,31,27,5818.27,0.9629629629629629,1.037025925925926
1909,SMB,0,Low-Engagement / Occasional,Occasional,90,9,871.98,1.0,0.9921333333333333
1910,Occasional,0,Low-Engagement / Occasional,Occasional,134,16,2187.69,0.875,0.9361
1911,Enterprise,1,High-Value Core,Mid-Market,35,64,10691.85,0.953125,1.047409375
1912,Mid-Market,1,High-Value Core,Mid-Market,20,78,13070.78,0.9102564102564102,0.9883858974358974
1913,Occasional,0,Low-Engagement / Occasional,Occasional,31,13,1743.71,0.9230769230769231,0.9550461538461538
1914,SMB,3,Steady Mid-Value,SMB,65,27,7695.6900000000005,0.9629629629629629,0.9707555555555556
1915,Mid-Market,1,High-Value Core,Mid-Market,37,42,10152.01,0.9285714285714286,0.9862309523809524
1916,Mid-Market,3,Steady Mid-Value,SMB,41,64,12557.04,0.953125,0.95685625
1917,SMB,3,Steady Mid-Value,SMB,37,19,8399.91,0.9473684210526315,0.967978947368421
1918,SMB,3,Steady Mid-Value,SMB,17,29,6480.51,0.9655172413793104,0.9724310344827586
1919,SMB,2,Price-Sensitive / At-Risk,Occasional,181,14,1336.33,0.8571428571428571,0.9757928571428571
1920,Occasional,0,Low-Engagement / Occasional,Occasional,163,5,1121.54,1.0,0.95658
1921,SMB,2,Price-Sensitive / At-Risk,Occasional,52,25,2475.48,0.84,0.9798680000000001
1922,Mid-Market,1,High-Value Core,Mid-Market,73,73,13897.7,0.958904109589041,0.9895739726027397
1923,SMB,0,Low-Engagement / Occasional,Occasional,88,7,1315.86,1.0,0.9757
1924,Mid-Market,1,High-Value Core,Mid-Market,39,29,4316.01,0.9310344827586207,0.9742241379310346
1925,Mid-Market,1,High-Value Core,Mid-Market,30,67,11269.8,0.9402985074626866,1.0178119402985075
1926,Enterprise,1,High-Value Core,Mid-Market,36,25,5304.15,1.0,1.038288
1927,Mid-Market,1,High-Value Core,Mid-Market,71,64,8732.49,0.890625,1.0094796875
1928,SMB,3,Steady Mid-Value,SMB,203,12,1647.5,0.8333333333333334,0.9705
1929,Enterprise,1,High-Value Core,Mid-Market,47,108,24499.71,0.9629629629629629,1.044125925925926
1930,SMB,0,Low-Engagement / Occasional,Occasional,130,9,1535.87,0.8888888888888888,0.9876555555555555
1931,SMB,3,Steady Mid-Value,SMB,11,37,7556.23,0.918918918918919,0.9856648648648648
1932,SMB,3,Steady Mid-Value,SMB,9,39,6219.51,0.9230769230769231,0.9822205128205129
1933,SMB,3,Steady Mid-Value,SMB,7,23,4702.64,0.9565217391304348,0.9698478260869565
1934,SMB,3,Steady Mid-Value,SMB,54,35,10422.48,0.8857142857142857,0.9932057142857142
1935,SMB,3,Steady Mid-Value,SMB,46,25,3881.9500000000003,0.92,0.9613079999999999
1936,Mid-Market,1,High-Value Core,Mid-Market,4,62,10205.57,0.9032258064516129,0.9601161290322581
1937,SMB,3,Steady Mid-Value,SMB,32,32,3854.67,0.9375,0.9792125
1938,SMB,2,Price-Sensitive / At-Risk,Occasional,42,8,331.34000000000003,0.625,1.0035375
1939,Mid-Market,1,High-Value Core,Mid-Market,4,7,1027.1599999999999,1.0,1.0190571428571429
1940,Enterprise,1,High-Value Core,Mid-Market,43,15,2116.62,0.9333333333333333,1.01538
1941,Mid-Market,3,Steady Mid-Value,SMB,19,61,10781.28,0.9836065573770492,0.9626573770491803
1942,SMB,3,Steady Mid-Value,SMB,135,25,4730.31,0.92,0.998536
1943,Mid-Market,1,High-Value Core,Mid-Market,11,51,7116.95,0.8627450980392157,0.987756862745098
1944,Mid-Market,1,High-Value Core,Mid-Market,17,46,8838.64,0.8695652173913043,0.9971043478260869
1945,SMB,3,Steady Mid-Value,SMB,77,23,3305.24,0.8695652173913043,0.9566652173913043
1946,Occasional,2,Price-Sensitive / At-Risk,Occasional,130,7,575.28,0.5714285714285714,0.9743285714285713
1947,Mid-Market,1,High-Value Core,Mid-Market,5,36,6492.37,0.9444444444444444,0.9969388888888889
1948,Occasional,0,Low-Engagement / Occasional,Occasional,36,12,955.1,1.0,0.9788416666666667
1949,Enterprise,1,High-Value Core,Mid-Market,71,15,1957.43,0.8666666666666667,1.0434133333333333
1950,Occasional,0,Low-Engagement / Occasional,Occasional,130,1,799.48,1.0,0.8854
1951,Occasional,2,Price-Sensitive / At-Risk,Occasional,497,11,1157.97,0.7272727272727273,0.9643545454545456
1952,Enterprise,1,High-Value Core,Mid-Market,28,77,18581.18,0.974025974025974,1.0222792207792208
1953,SMB,2,Price-Sensitive / At-Risk,Occasional,36,26,2858.86,0.7692307692307693,0.9506192307692308
1954,Occasional,0,Low-Engagement / Occasional,Occasional,393,10,2353.22,1.0,0.9374800000000001
1955,Occasional,0,Low-Engagement / Occasional,Occasional,245,2,855.99,1.0,1.0278
1956,Occasional,2,Price-Sensitive / At-Risk,Occasional,355,11,2088.1,0.6363636363636364,0.9652727272727273
1957,SMB,3,Steady Mid-Value,SMB,143,31,4746.82,0.9032258064516129,0.9926064516129033
1958,Enterprise,1,High-Value Core,Mid-Market,34,104,19338.760000000002,0.9615384615384616,1.0337028846153846
1959,Occasional,2,Price-Sensitive / At-Risk,Occasional,157,11,1598.02,0.7272727272727273,0.9637545454545454
1960,SMB,3,Steady Mid-Value,SMB,31,23,3371.96,0.8695652173913043,0.9834086956521739
1961,SMB,3,Steady Mid-Value,SMB,25,33,6844.37,0.9696969696969697,0.9642818181818182
1962,Mid-Market,3,Steady Mid-Value,SMB,3,12,2395.05,1.0,0.9457083333333333
1963,SMB,3,Steady Mid-Value,SMB,10,11,3559.9900000000002,0.8181818181818182,0.9673545454545455
1964,Mid-Market,1,High-Value Core,Mid-Market,35,75,12039.89,0.96,0.967032
1965,SMB,3,Steady Mid-Value,SMB,40,6,679.37,1.0,1.0278166666666666
1966,Enterprise,1,High-Value Core,Mid-Market,12,66,16801.32,0.9393939393939394,1.0321439393939393
1967,SMB,3,Steady Mid-Value,SMB,114,28,3905.65,0.9642857142857143,0.9657285714285715
1968,Occasional,0,Low-Engagement / Occasional,Occasional,62,13,1347.54,0.9230769230769231,0.9533846153846154
1969,SMB,3,Steady Mid-Value,SMB,35,23,3223.5,0.8695652173913043,0.994095652173913
1970,SMB,3,Steady Mid-Value,SMB,84,31,7095.98,0.9032258064516129,0.989558064516129
1971,Mid-Market,1,High-Value Core,Mid-Market,13,30,5047.11,0.9333333333333333,1.0016166666666666
1972,Occasional,0,Low-Engagement / Occasional,Occasional,53,24,3756.7200000000003,0.9583333333333334,0.9497708333333333
1973,SMB,3,Steady Mid-Value,SMB,17,34,4176.34,0.9411764705882353,0.9800088235294119
1974,Mid-Market,3,Steady Mid-Value,SMB,61,47,5881.45,0.9574468085106383,0.9875872340425532
1975,Mid-Market,1,High-Value Core,Mid-Market,34,70,14260.02,0.9,0.9766257142857142
1976,Mid-Market,1,High-Value Core,Mid-Market,30,60,9249.17,0.9166666666666666,0.9934033333333333
1977,SMB,3,Steady Mid-Value,SMB,84,36,6790.68,0.8888888888888888,0.9912527777777778
1978,Occasional,2,Price-Sensitive / At-Risk,Occasional,43,12,1712.12,0.8333333333333334,0.9308083333333333
1979,SMB,3,Steady Mid-Value,SMB,78,39,4384.96,0.8717948717948718,0.969748717948718
1980,Mid-Market,1,High-Value Core,Mid-Market,16,31,5642.9800000000005,0.967741935483871,0.9830451612903226
1981,Occasional,3,Steady Mid-Value,SMB,12,6,773.17,1.0,0.9904999999999999
1982,Mid-Market,1,High-Value Core,Mid-Market,7,36,6056.97,0.9166666666666666,0.9900472222222222
1983,Occasional,0,Low-Engagement / Occasional,Occasional,227,9,1259.06,1.0,0.9568222222222222
1984,Mid-Market,1,High-Value Core,Mid-Market,43,12,2713.63,0.9166666666666666,0.9921833333333333
1985,SMB,2,Price-Sensitive / At-Risk,Occasional,85,25,3354.17,0.76,0.99044
1986,Occasional,2,Price-Sensitive / At-Risk,Occasional,462,4,827.1800000000001,0.75,1.0653
1987,Mid-Market,1,High-Value Core,Mid-Market,23,74,14110.41,0.9864864864864865,1.0013310810810812
1988,SMB,3,Steady Mid-Value,SMB,26,19,2489.4300000000003,0.9473684210526315,0.9570842105263158
1989,Occasional,0,Low-Engagement / Occasional,Occasional,319,13,2078.4,0.8461538461538461,0.9693846153846154
1990,Mid-Market,1,High-Value Core,Mid-Market,9,43,7774.89,0.9302325581395349,0.9942186046511627
1991,Mid-Market,1,High-Value Core,Mid-Market,2,24,4117.8,0.9166666666666666,0.9964
1992,SMB,3,Steady Mid-Value,SMB,73,25,4924.57,0.92,0.970084
1993,Mid-Market,1,High-Value Core,Mid-Market,32,39,8903.12,0.9230769230769231,1.0065461538461538
1994,Enterprise,1,High-Value Core,Mid-Market,2,85,18704.41,0.9294117647058824,1.0352341176470587
1995,SMB,3,Steady Mid-Value,SMB,207,28,3611.66,0.8571428571428571,0.9637035714285714
1996,SMB,2,Price-Sensitive / At-Risk,Occasional,239,15,1973.21,0.8,1.0038799999999999
1997,Mid-Market,1,High-Value Core,Mid-Market,15,66,11907.65,0.9545454545454546,0.9792363636363636
1998,Mid-Market,1,High-Value Core,Mid-Market,52,23,3973.4,1.0,0.996004347826087
1999,Occasional,2,Price-Sensitive / At-Risk,Occasional,39,8,1020.92,0.75,0.9565625
2000,SMB,3,Steady Mid-Value,SMB,47,25,5004.75,1.0,0.961408
2001,Occasional,2,Price-Sensitive / At-Risk,Occasional,81,5,440.08,0.8,0.9574400000000001
2002,SMB,3,Steady Mid-Value,SMB,86,31,5475.19,0.967741935483871,0.9764096774193548
2003,Occasional,2,Price-Sensitive / At-Risk,Occasional,546,4,395.34,0.75,0.970275
2004,SMB,3,Steady Mid-Value,SMB,47,5,660.52,1.0,0.97568
2005,Mid-Market,1,High-Value Core,Mid-Market,21,48,8653.48,0.9583333333333334,0.9970374999999999
2006,Occasional,2,Price-Sensitive / At-Risk,Occasional,16,14,3234.44,0.7857142857142857,0.9880285714285714
2007,SMB,2,Price-Sensitive / At-Risk,Occasional,64,29,4064.52,0.7241379310344828,0.9815103448275861
2008,Mid-Market,1,High-Value Core,Mid-Market,100,15,2473.9,1.0,0.97672
2009,Mid-Market,3,Steady Mid-Value,SMB,142,21,3720.44,0.9523809523809523,1.0024714285714285
2010,SMB,1,High-Value Core,Mid-Market,4,16,3571.96,0.875,0.987975
2011,Enterprise,1,High-Value Core,Mid-Market,1,83,14701.31,0.963855421686747,1.024855421686747
2012,Mid-Market,1,High-Value Core,Mid-Market,37,17,3246.6499999999996,1.0,0.9831235294117647
2013,Mid-Market,1,High-Value Core,Mid-Market,11,62,14360.98,0.9354838709677419,0.9959822580645161
2014,SMB,3,Steady Mid-Value,SMB,45,13,1388.92,0.8461538461538461,0.9455461538461538
2015,Mid-Market,1,High-Value Core,Mid-Market,152,16,5218.61,1.0,0.98333125
2016,SMB,3,Steady Mid-Value,SMB,164,34,5835.5599999999995,1.0,0.9720735294117647
2017,Mid-Market,1,High-Value Core,Mid-Market,11,11,3249.4,0.8181818181818182,1.0127363636363638
2018,Enterprise,1,High-Value Core,Mid-Market,14,51,11040.789999999999,1.0,1.0307372549019607
2019,SMB,3,Steady Mid-Value,SMB,67,16,2753.3,0.875,0.9792875
2020,Mid-Market,1,High-Value Core,Mid-Market,45,30,6170.7,0.9666666666666667,0.96748
2021,SMB,3,Steady Mid-Value,SMB,7,37,7844.65,0.8918918918918919,0.9883864864864865
2022,Mid-Market,3,Steady Mid-Value,SMB,99,30,4303.47,0.9333333333333333,0.95301
2023,Enterprise,1,High-Value Core,Mid-Market,23,95,16878.95,0.9894736842105263,1.0592315789473683
2024,Mid-Market,1,High-Value Core,Mid-Market,41,69,12830.28,0.927536231884058,0.9765710144927535
2025,SMB,3,Steady Mid-Value,SMB,7,34,5979.5,0.8823529411764706,0.9526088235294118
2026,Mid-Market,1,High-Value Core,Mid-Market,7,54,10623.11,0.9259259259259259,0.9775999999999999
2027,SMB,0,Low-Engagement / Occasional,Occasional,158,4,270.98,1.0,0.987
2028,Mid-Market,1,High-Value Core,Mid-Market,11,67,15769.95,0.9701492537313433,0.9837194029850747
2029,SMB,3,Steady Mid-Value,SMB,84,30,6011.04,1.0,0.9754966666666667
2030,SMB,2,Price-Sensitive / At-Risk,Occasional,32,17,1741.47,0.8235294117647058,0.9874235294117648
2031,Enterprise,1,High-Value Core,Mid-Market,22,57,12027.73,0.9473684210526315,1.0484456140350877
2032,SMB,3,Steady Mid-Value,SMB,89,18,2212.87,0.8888888888888888,0.9446888888888889
2033,Mid-Market,3,Steady Mid-Value,SMB,43,40,6498.7,0.875,0.9741525
2034,Mid-Market,1,High-Value Core,Mid-Market,64,22,4488.79,0.8181818181818182,1.0039545454545455
2035,Mid-Market,1,High-Value Core,Mid-Market,6,53,10218.3,0.9622641509433962,0.9832377358490566
2036,SMB,0,Low-Engagement / Occasional,Occasional,709,5,1217.6200000000001,1.0,0.9845200000000001
2037,Occasional,0,Low-Engagement / Occasional,Occasional,195,3,420.67,1.0,0.9123333333333333
2038,Enterprise,1,High-Value Core,Mid-Market,24,45,11387.04,0.9777777777777777,1.0438066666666665
2039,SMB,1,High-Value Core,Mid-Market,3,48,7177.639999999999,0.8541666666666666,0.9849895833333333
2040,SMB,3,Steady Mid-Value,SMB,150,25,4048.18,0.92,0.9522759999999999
2041,Mid-Market,1,High-Value Core,Mid-Market,7,38,8088.32,0.9736842105263158,1.0034552631578946
2042,SMB,2,Price-Sensitive / At-Risk,Occasional,165,23,2032.37,0.8260869565217391,0.959
2043,SMB,2,Price-Sensitive / At-Risk,Occasional,27,24,2367.87,0.8333333333333334,0.9580291666666666
2044,Occasional,0,Low-Engagement / Occasional,Occasional,147,14,2120.65,0.9285714285714286,0.9706214285714285
2045,Occasional,2,Price-Sensitive / At-Risk,Occasional,173,10,919.31,0.7,0.9617800000000001
2046,Enterprise,1,High-Value Core,Mid-Market,21,99,19192.47,1.0,1.0437686868686868
2047,SMB,3,Steady Mid-Value,SMB,25,12,2649.3,1.0,0.9796333333333332
2048,SMB,3,Steady Mid-Value,SMB,22,38,6762.66,0.9210526315789473,0.9991973684210526
2049,Mid-Market,1,High-Value Core,Mid-Market,5,21,2726.86,0.8571428571428571,0.9887285714285715
2050,Mid-Market,1,High-Value Core,Mid-Market,11,61,13862.41,0.9508196721311475,0.9904508196721311
2051,Occasional,0,Low-Engagement / Occasional,Occasional,136,3,283.44,1.0,0.9673666666666666
2052,Enterprise,1,High-Value Core,Mid-Market,15,96,19782.0,0.9479166666666666,1.0379479166666667
2053,SMB,3,Steady Mid-Value,SMB,18,11,1215.94,0.9090909090909091,0.947609090909091
2054,Occasional,0,Low-Engagement / Occasional,Occasional,77,5,1103.76,1.0,0.94804
2055,Mid-Market,1,High-Value Core,Mid-Market,32,15,3081.7599999999998,1.0,1.0144733333333333
2056,SMB,3,Steady Mid-Value,SMB,58,31,4330.55,0.9354838709677419,0.9647483870967741
2057,Occasional,0,Low-Engagement / Occasional,Occasional,21,3,508.04999999999995,1.0,0.9592
2058,SMB,3,Steady Mid-Value,SMB,37,24,4164.91,0.9166666666666666,0.991375
2059,Mid-Market,1,High-Value Core,Mid-Market,23,57,8929.62,0.9122807017543859,1.009238596491228
2060,Enterprise,1,High-Value Core,Mid-Market,3,99,19393.17,0.9393939393939394,1.0251626262626263
2061,Occasional,0,Low-Engagement / Occasional,Occasional,131,2,204.12,1.0,1.0239500000000001
2062,Mid-Market,1,High-Value Core,Mid-Market,6,23,3246.0099999999998,0.9565217391304348,1.0265739130434783
2063,SMB,0,Low-Engagement / Occasional,Occasional,95,1,91.13,1.0,0.9943
2064,Mid-Market,1,High-Value Core,Mid-Market,14,39,9974.4,1.0,0.9953435897435897
2065,Mid-Market,1,High-Value Core,Mid-Market,8,49,8436.05,0.9387755102040817,0.9760204081632654
2066,Occasional,2,Price-Sensitive / At-Risk,Occasional,59,12,1703.58,0.8333333333333334,0.9719416666666666
2067,SMB,3,Steady Mid-Value,SMB,47,21,3115.79,1.0,0.9915238095238095
2068,Occasional,0,Low-Engagement / Occasional,Occasional,166,13,2089.16,1.0,0.9569384615384616
2069,Mid-Market,1,High-Value Core,Mid-Market,21,14,1718.49,1.0,0.9964000000000001
2070,SMB,2,Price-Sensitive / At-Risk,Occasional,31,6,626.45,0.6666666666666666,0.9597666666666665
2071,Occasional,2,Price-Sensitive / At-Risk,Occasional,377,7,814.66,0.7142857142857143,0.9601
2072,SMB,3,Steady Mid-Value,SMB,2,15,3871.82,0.8,0.9739666666666668
2073,Mid-Market,1,High-Value Core,Mid-Market,46,29,6657.97,1.0,0.9891275862068966
2074,Occasional,2,Price-Sensitive / At-Risk,Occasional,85,6,545.73,0.5,0.97015
2075,Mid-Market,1,High-Value Core,Mid-Market,15,80,11249.25,0.9375,0.9758725
2076,SMB,3,Steady Mid-Value,SMB,19,24,4085.22,0.9166666666666666,0.9915041666666666
2077,Occasional,0,Low-Engagement / Occasional,Occasional,21,8,1105.48,1.0,0.9518375
2078,Mid-Market,2,Price-Sensitive / At-Risk,Occasional,132,20,2472.09,0.75,0.9804
2079,Mid-Market,3,Steady Mid-Value,SMB,109,26,4746.53,0.9615384615384616,1.0076192307692309
2080,Enterprise,1,High-Value Core,Mid-Market,49,22,4716.47,0.9090909090909091,1.0712045454545456
2081,Mid-Market,1,High-Value Core,Mid-Market,14,34,6120.81,0.9705882352941176,1.0064852941176472
2082,Mid-Market,1,High-Value Core,Mid-Market,12,58,11575.99,0.9655172413793104,0.9992103448275862
2083,SMB,3,Steady Mid-Value,SMB,36,28,4308.91,0.8928571428571429,0.9767571428571429
2084,Mid-Market,1,High-Value Core,Mid-Market,38,27,3951.42,0.9629629629629629,1.0005185185185186
2085,SMB,3,Steady Mid-Value,SMB,93,8,1312.9,1.0,0.9865124999999999
2086,Mid-Market,1,High-Value Core,Mid-Market,48,65,11446.85,0.8461538461538461,0.9985676923076924
2087,Mid-Market,3,Steady Mid-Value,SMB,48,62,8194.91,0.8870967741935484,0.9823080645161291
2088,Mid-Market,1,High-Value Core,Mid-Market,23,40,7018.7300000000005,0.975,1.001285
2089,SMB,3,Steady Mid-Value,SMB,100,15,2785.67,0.8666666666666667,0.9742266666666667
2090,SMB,3,Steady Mid-Value,SMB,215,30,5945.69,0.8333333333333334,0.9633299999999999
2091,Mid-Market,1,High-Value Core,Mid-Market,31,32,4778.83,0.96875,1.0005875
2092,Occasional,2,Price-Sensitive / At-Risk,Occasional,470,13,1303.2,0.6923076923076923,0.9850076923076923
2093,SMB,3,Steady Mid-Value,SMB,102,23,5427.17,0.8695652173913043,0.9798652173913043
2094,Mid-Market,1,High-Value Core,Mid-Market,55,16,2119.33,0.875,1.0129375
2095,Occasional,3,Steady Mid-Value,SMB,1,9,1540.82,0.8888888888888888,0.9619555555555556
2096,Mid-Market,3,Steady Mid-Value,SMB,120,14,3846.83,1.0,0.9542357142857142
2097,Enterprise,1,High-Value Core,Mid-Market,5,99,17471.43,0.8888888888888888,1.0295535353535352
2098,SMB,3,Steady Mid-Value,SMB,34,28,5353.08,0.8928571428571429,0.948075
2099,Mid-Market,1,High-Value Core,Mid-Market,13,13,2705.67,1.0,0.972323076923077
2100,Mid-Market,1,High-Value Core,Mid-Market,28,11,2696.15,1.0,0.9822
2101,SMB,3,Steady Mid-Value,SMB,7,9,2350.63,0.8888888888888888,0.9949111111111111
2102,Mid-Market,1,High-Value Core,Mid-Market,20,61,14352.03,0.9508196721311475,0.9936098360655737
2103,SMB,3,Steady Mid-Value,SMB,54,12,1560.33,0.8333333333333334,0.9645250000000001
2104,Occasional,2,Price-Sensitive / At-Risk,Occasional,485,10,1606.02,0.8,0.9716100000000001
2105,SMB,3,Steady Mid-Value,SMB,138,14,2086.5299999999997,0.8571428571428571,0.9465571428571428
2106,SMB,0,Low-Engagement / Occasional,Occasional,132,3,870.8199999999999,1.0,0.9697999999999999
2107,SMB,3,Steady Mid-Value,SMB,55,26,5178.67,0.9615384615384616,0.9972807692307691
2108,Occasional,2,Price-Sensitive / At-Risk,Occasional,31,12,1813.25,0.8333333333333334,0.9399833333333333
2109,Mid-Market,1,High-Value Core,Mid-Market,39,13,2509.7,1.0,1.0168692307692309
2110,Mid-Market,1,High-Value Core,Mid-Market,11,42,8145.5,0.9523809523809523,0.9822380952380951
2111,SMB,3,Steady Mid-Value,SMB,27,22,5268.13,1.0,0.9658545454545454
2112,SMB,3,Steady Mid-Value,SMB,45,17,2037.45,0.8235294117647058,0.9746470588235293
2113,Mid-Market,1,High-Value Core,Mid-Market,20,9,1382.27,0.7777777777777778,1.0267777777777778
2114,SMB,3,Steady Mid-Value,SMB,75,35,8086.68,0.9714285714285714,0.9800771428571429
2115,Enterprise,1,High-Value Core,Mid-Market,123,8,2428.94,1.0,1.0206875
2116,Occasional,2,Price-Sensitive / At-Risk,Occasional,401,6,529.47,0.8333333333333334,0.9732666666666666
2117,Mid-Market,1,High-Value Core,Mid-Market,20,78,17570.06,0.9615384615384616,0.9929807692307693
2118,Enterprise,1,High-Value Core,Mid-Market,1,74,14505.73,0.9594594594594594,1.051804054054054
2119,Mid-Market,3,Steady Mid-Value,SMB,13,38,4526.19,0.9210526315789473,0.9754973684210526
2120,Mid-Market,1,High-Value Core,Mid-Market,48,30,4759.66,0.9,0.9910599999999999
2121,Mid-Market,1,High-Value Core,Mid-Market,17,33,6425.69,0.9090909090909091,0.9964575757575758
2122,Enterprise,1,High-Value Core,Mid-Market,19,97,22443.48,0.979381443298969,1.041582474226804
2123,Mid-Market,1,High-Value Core,Mid-Market,3,35,9774.77,1.0,0.9872685714285715
2124,Mid-Market,1,High-Value Core,Mid-Market,12,68,14662.68,0.9705882352941176,0.9984147058823529
2125,Mid-Market,3,Steady Mid-Value,SMB,61,52,7836.76,0.9423076923076923,0.9789442307692308
2126,Mid-Market,1,High-Value Core,Mid-Market,8,25,5665.65,0.92,1.035172
2127,Mid-Market,1,High-Value Core,Mid-Market,12,11,2029.8600000000001,0.9090909090909091,1.0217454545454545
2128,Mid-Market,1,High-Value Core,Mid-Market,19,61,8082.23,0.9016393442622951,0.9974426229508196
2129,Mid-Market,3,Steady Mid-Value,SMB,118,30,5430.37,0.9666666666666667,0.9906433333333333
2130,Enterprise,1,High-Value Core,Mid-Market,36,84,18218.32,0.9285714285714286,1.053875
2131,Mid-Market,1,High-Value Core,Mid-Market,38,63,10609.18,0.9682539682539683,1.0054650793650792
2132,SMB,3,Steady Mid-Value,SMB,7,15,3261.1,0.9333333333333333,0.94984
2133,Occasional,0,Low-Engagement / Occasional,Occasional,129,14,1528.92,0.9285714285714286,0.9347428571428571
2134,Occasional,2,Price-Sensitive / At-Risk,Occasional,473,4,40.81,0.5,0.96795
2135,SMB,3,Steady Mid-Value,SMB,122,20,4934.6900000000005,0.95,0.993805
2136,SMB,2,Price-Sensitive / At-Risk,Occasional,42,30,4005.76,0.7666666666666667,0.9758733333333333
2137,Mid-Market,1,High-Value Core,Mid-Market,8,21,3425.48,0.9523809523809523,0.9704333333333334
2138,SMB,3,Steady Mid-Value,SMB,22,11,1921.17,0.8181818181818182,0.9653090909090909
2139,SMB,3,Steady Mid-Value,SMB,77,23,3907.34,0.9565217391304348,0.9782565217391305
2140,Occasional,2,Price-Sensitive / At-Risk,Occasional,46,6,629.2,0.8333333333333334,1.0018
2141,Occasional,0,Low-Engagement / Occasional,Occasional,27,11,2886.6,0.9090909090909091,0.9447
2142,SMB,3,Steady Mid-Value,SMB,44,24,3637.85,0.9583333333333334,0.9704416666666668
2143,SMB,3,Steady Mid-Value,SMB,8,27,4566.11,0.8888888888888888,0.9787518518518519
2144,SMB,3,Steady Mid-Value,SMB,7,11,1118.52,0.8181818181818182,0.9525272727272728
2145,Mid-Market,1,High-Value Core,Mid-Market,17,58,14053.96,0.8448275862068966,0.9784120689655172
2146,Occasional,0,Low-Engagement / Occasional,Occasional,149,2,702.94,1.0,0.8967
2147,Mid-Market,1,High-Value Core,Mid-Market,27,61,11218.53,0.8688524590163934,1.0057688524590165
2148,Occasional,0,Low-Engagement / Occasional,Occasional,473,8,1084.67,0.875,0.973025
2149,SMB,3,Steady Mid-Value,SMB,65,23,3420.89,0.9130434782608695,0.9633086956521738
2150,Mid-Market,1,High-Value Core,Mid-Market,16,45,7823.92,0.9777777777777777,0.9794044444444444
2151,SMB,3,Steady Mid-Value,SMB,10,47,7643.54,0.9148936170212766,0.9581680851063831
2152,Enterprise,1,High-Value Core,Mid-Market,29,47,9626.11,0.9148936170212766,1.0281382978723403
2153,SMB,3,Steady Mid-Value,SMB,53,36,5909.67,0.8333333333333334,0.9769333333333334
2154,SMB,3,Steady Mid-Value,SMB,26,7,2003.8200000000002,1.0,0.9626714285714285
2155,SMB,1,High-Value Core,Mid-Market,30,12,3705.77,0.9166666666666666,1.0108166666666667
2156,Occasional,2,Price-Sensitive / At-Risk,Occasional,98,8,888.5699999999999,0.75,0.983725
2157,Mid-Market,1,High-Value Core,Mid-Market,62,15,2692.41,1.0,1.0075133333333333
2158,Mid-Market,1,High-Value Core,Mid-Market,12,30,4429.0,0.9,0.9841366666666667
2159,Mid-Market,1,High-Value Core,Mid-Market,26,76,13123.58,0.9210526315789473,0.9750592105263158
2160,Enterprise,1,High-Value Core,Mid-Market,21,51,9781.35,0.9803921568627451,1.0376960784313725
2161,SMB,3,Steady Mid-Value,SMB,20,34,5584.26,0.9117647058823529,0.972235294117647
2162,Mid-Market,1,High-Value Core,Mid-Market,34,22,3057.15,0.9090909090909091,1.0037318181818182
2163,Mid-Market,1,High-Value Core,Mid-Market,54,19,3193.55,0.8947368421052632,0.9939052631578947
2164,Mid-Market,3,Steady Mid-Value,SMB,117,11,1303.19,1.0,0.9908181818181819
2165,Occasional,2,Price-Sensitive / At-Risk,Occasional,178,10,1127.99,0.8,0.9361200000000001
2166,Mid-Market,1,High-Value Core,Mid-Market,30,66,14403.23,0.9393939393939394,0.9886848484848484
2167,Occasional,0,Low-Engagement / Occasional,Occasional,609,8,1887.32,1.0,0.9663125
2168,Mid-Market,1,High-Value Core,Mid-Market,20,65,11928.39,0.8923076923076924,0.9890076923076923
2169,Mid-Market,1,High-Value Core,Mid-Market,4,8,1183.8999999999999,0.875,1.008975
2170,SMB,3,Steady Mid-Value,SMB,39,17,2441.92,0.9411764705882353,0.9913235294117646
2171,Mid-Market,1,High-Value Core,Mid-Market,8,51,10449.84,0.9803921568627451,1.0020058823529412
2172,Mid-Market,3,Steady Mid-Value,SMB,53,44,9022.19,0.9090909090909091,0.9755659090909091
2173,SMB,3,Steady Mid-Value,SMB,47,32,5945.46,0.90625,0.93943125
2174,Mid-Market,1,High-Value Core,Mid-Market,40,53,7754.64,0.9245283018867925,0.9623056603773585
2175,Mid-Market,1,High-Value Core,Mid-Market,47,49,7973.86,0.9183673469387755,1.0057102040816326
2176,SMB,3,Steady Mid-Value,SMB,137,9,2743.82,1.0,1.005511111111111
2177,Mid-Market,1,High-Value Core,Mid-Market,12,76,16578.36,0.9605263157894737,0.9832197368421053
2178,SMB,3,Steady Mid-Value,SMB,75,10,2150.94,1.0,0.96384
2179,Mid-Market,1,High-Value Core,Mid-Market,17,79,13730.61,0.9240506329113924,0.9954860759493671
2180,Occasional,0,Low-Engagement / Occasional,Occasional,103,11,1806.89,0.9090909090909091,0.9769363636363636
2181,SMB,0,Low-Engagement / Occasional,Occasional,159,19,2223.35,0.9473684210526315,0.9424368421052632
2182,Occasional,3,Steady Mid-Value,SMB,7,11,2089.33,0.9090909090909091,0.9485727272727273
2183,Occasional,0,Low-Engagement / Occasional,Occasional,385,5,521.82,1.0,0.97858
2184,Mid-Market,1,High-Value Core,Mid-Market,13,61,12253.01,0.9180327868852459,1.0032967213114754
2185,SMB,3,Steady Mid-Value,SMB,217,28,6622.79,0.9285714285714286,0.9818857142857143
2186,Mid-Market,1,High-Value Core,Mid-Market,72,48,6863.67,0.8958333333333334,1.00260625
2187,SMB,3,Steady Mid-Value,SMB,18,18,3302.64,0.8888888888888888,0.9777722222222223
2188,SMB,3,Steady Mid-Value,SMB,8,45,8072.07,0.9333333333333333,0.96074
2189,Mid-Market,1,High-Value Core,Mid-Market,39,69,14228.54,0.9130434782608695,0.9897246376811594
2190,Occasional,0,Low-Engagement / Occasional,Occasional,554,3,287.27,1.0,0.9044666666666666
2191,Mid-Market,1,High-Value Core,Mid-Market,60,69,13854.81,0.927536231884058,1.0014695652173913
2192,SMB,2,Price-Sensitive / At-Risk,Occasional,160,16,2685.4900000000002,0.75,1.0023875
2193,SMB,3,Steady Mid-Value,SMB,117,35,5044.76,0.8857142857142857,0.9634514285714285
2194,Enterprise,1,High-Value Core,Mid-Market,9,52,10375.2,0.9230769230769231,1.0355769230769232
2195,SMB,3,Steady Mid-Value,SMB,42,37,6510.08,0.972972972972973,0.9728027027027029
2196,SMB,0,Low-Engagement / Occasional,Occasional,69,6,1066.43,0.8333333333333334,0.9235166666666667
2197,Enterprise,1,High-Value Core,Mid-Market,11,34,6271.22,1.0,1.07155
2198,SMB,3,Steady Mid-Value,SMB,97,23,5195.66,1.0,1.0070304347826087
2199,Mid-Market,3,Steady Mid-Value,SMB,28,57,10477.27,0.9122807017543859,0.977380701754386
2200,SMB,3,Steady Mid-Value,SMB,157,38,5700.22,0.868421052631579,0.9787921052631579
2201,Mid-Market,1,High-Value Core,Mid-Market,3,52,11068.53,0.9038461538461539,0.990175
2202,Occasional,0,Low-Engagement / Occasional,Occasional,112,14,1146.23,0.8571428571428571,0.9710142857142857
2203,Occasional,0,Low-Engagement / Occasional,Occasional,459,4,565.53,1.0,0.944125
2204,Mid-Market,3,Steady Mid-Value,SMB,67,7,624.04,0.8571428571428571,0.965742857142857
2205,Mid-Market,3,Steady Mid-Value,SMB,14,13,1319.68,1.0,0.9419692307692308
2206,SMB,2,Price-Sensitive / At-Risk,Occasional,43,6,281.68,0.8333333333333334,0.9543833333333334
2207,SMB,1,High-Value Core,Mid-Market,1,21,2480.21,0.9047619047619048,0.9993190476190477
2208,SMB,3,Steady Mid-Value,SMB,31,25,6131.92,0.96,0.978484
2209,Mid-Market,3,Steady Mid-Value,SMB,104,40,7613.46,0.9,0.9717575
2210,Mid-Market,1,High-Value Core,Mid-Market,5,65,10714.98,0.9384615384615385,0.9680707692307692
2211,Occasional,3,Steady Mid-Value,SMB,34,9,1766.56,1.0,0.9407000000000001
2212,SMB,3,Steady Mid-Value,SMB,94,19,4093.48,1.0,0.9561684210526317
2213,Occasional,0,Low-Engagement / Occasional,Occasional,74,10,1475.8,1.0,0.9433400000000001
2214,SMB,3,Steady Mid-Value,SMB,85,14,2563.26,1.0,0.9524857142857143
2215,Occasional,0,Low-Engagement / Occasional,Occasional,244,7,1303.0500000000002,1.0,0.9664428571428572
2216,Mid-Market,1,High-Value Core,Mid-Market,62,55,9886.44,0.9818181818181818,0.9843781818181818
2217,Mid-Market,1,High-Value Core,Mid-Market,19,63,11791.32,0.9682539682539683,0.9995190476190476
2218,Occasional,2,Price-Sensitive / At-Risk,Occasional,224,11,1215.17,0.7272727272727273,0.9644545454545455
2219,Occasional,0,Low-Engagement / Occasional,Occasional,465,14,5817.74,0.9285714285714286,0.9579571428571428
2220,Mid-Market,3,Steady Mid-Value,SMB,150,44,6714.63,0.9090909090909091,1.0065227272727273
2221,Mid-Market,3,Steady Mid-Value,SMB,57,11,1188.74,0.8181818181818182,0.9552909090909091
2222,SMB,3,Steady Mid-Value,SMB,24,31,6313.82,0.967741935483871,0.9498193548387097
2223,Mid-Market,3,Steady Mid-Value,SMB,82,39,6774.33,0.8974358974358975,0.9750820512820513
2224,Mid-Market,1,High-Value Core,Mid-Market,27,50,9002.710000000001,0.98,0.993884
2225,Occasional,0,Low-Engagement / Occasional,Occasional,260,18,2784.82,0.9444444444444444,0.9697666666666667
2226,Mid-Market,1,High-Value Core,Mid-Market,24,65,10848.24,0.8923076923076924,0.9855830769230769
2227,SMB,0,Low-Engagement / Occasional,Occasional,156,13,2036.24,0.9230769230769231,0.9872923076923077
2228,Enterprise,1,High-Value Core,Mid-Market,37,36,8088.9,0.9444444444444444,1.0458361111111112
2229,Enterprise,1,High-Value Core,Mid-Market,14,81,14555.11,0.9012345679012346,1.0527975308641975
2230,SMB,2,Price-Sensitive / At-Risk,Occasional,62,19,1699.85,0.8421052631578947,0.9630842105263158
2231,Mid-Market,3,Steady Mid-Value,SMB,19,42,9434.74,0.9761904761904762,0.9524333333333334
2232,SMB,3,Steady Mid-Value,SMB,16,31,5211.44,0.8709677419354839,0.9969774193548386
2233,Mid-Market,1,High-Value Core,Mid-Market,31,36,7643.58,0.8888888888888888,0.9739305555555556
2234,Occasional,2,Price-Sensitive / At-Risk,Occasional,137,6,1656.21,0.8333333333333334,0.9597666666666665
2235,SMB,3,Steady Mid-Value,SMB,79,43,5848.04,0.8604651162790697,0.9477418604651162
2236,Occasional,0,Low-Engagement / Occasional,Occasional,217,5,620.69,1.0,0.95318
2237,Mid-Market,1,High-Value Core,Mid-Market,50,48,9910.77,0.9375,1.0051604166666668
2238,Mid-Market,3,Steady Mid-Value,SMB,31,24,4758.41,0.875,0.9577416666666667
2239,Mid-Market,1,High-Value Core,Mid-Market,47,62,9707.43,0.9516129032258065,1.0099887096774194
2240,SMB,3,Steady Mid-Value,SMB,41,7,844.95,0.8571428571428571,0.9788571428571429
2241,Mid-Market,1,High-Value Core,Mid-Market,34,38,7532.23,0.9473684210526315,0.9986342105263157
2242,Enterprise,1,High-Value Core,Mid-Market,59,106,21437.88,0.9528301886792453,1.0309009433962264
2243,Mid-Market,1,High-Value Core,Mid-Market,16,55,7785.25,0.9454545454545454,0.9883018181818182
2244,Mid-Market,1,High-Value Core,Mid-Market,19,17,2942.8,1.0,0.9706941176470588
2245,Mid-Market,1,High-Value Core,Mid-Market,81,61,8726.05,0.8688524590163934,0.9995032786885246
2246,Mid-Market,1,High-Value Core,Mid-Market,23,22,4469.18,0.9545454545454546,1.0108272727272727
2247,Mid-Market,1,High-Value Core,Mid-Market,4,20,4772.21,0.95,1.0046599999999999
2248,SMB,3,Steady Mid-Value,SMB,119,14,2945.46,1.0,0.9746428571428571
2249,Mid-Market,3,Steady Mid-Value,SMB,94,69,11398.95,0.8985507246376812,0.9852681159420291
2250,Mid-Market,1,High-Value Core,Mid-Market,71,52,9619.87,0.9038461538461539,0.9881538461538462
2251,SMB,3,Steady Mid-Value,SMB,1,23,4063.98,0.782608695652174,0.9854652173913044
2252,SMB,3,Steady Mid-Value,SMB,2,27,4108.39,0.9629629629629629,0.9452851851851852
2253,Mid-Market,1,High-Value Core,Mid-Market,6,16,2769.12,0.9375,1.0029375
2254,SMB,3,Steady Mid-Value,SMB,19,36,5780.99,0.8333333333333334,0.9449083333333334
2255,Occasional,3,Steady Mid-Value,SMB,9,11,2836.25,1.0,0.9758636363636364
2256,SMB,3,Steady Mid-Value,SMB,18,6,713.1899999999999,1.0,0.9488500000000001
2257,Occasional,2,Price-Sensitive / At-Risk,Occasional,182,5,753.16,0.8,0.97334
2258,SMB,3,Steady Mid-Value,SMB,60,24,4073.41,1.0,0.9612124999999999
2259,Enterprise,1,High-Value Core,Mid-Market,9,20,3475.74,0.9,1.025715
2260,Mid-Market,3,Steady Mid-Value,SMB,57,51,7206.77,0.8627450980392157,0.9556176470588236
2261,SMB,3,Steady Mid-Value,SMB,148,17,4041.58,0.9411764705882353,0.9535411764705882
2262,Occasional,0,Low-Engagement / Occasional,Occasional,26,10,1729.5,0.9,0.9573499999999999
2263,SMB,3,Steady Mid-Value,SMB,40,37,5021.07,0.8378378378378378,0.9760432432432432
2264,Mid-Market,1,High-Value Core,Mid-Market,13,73,12540.23,0.9178082191780822,0.9636301369863014
2265,SMB,3,Steady Mid-Value,SMB,90,8,1871.9099999999999,0.875,0.9901875
2266,Mid-Market,3,Steady Mid-Value,SMB,6,47,7012.56,0.8297872340425532,0.9718340425531915
2267,SMB,3,Steady Mid-Value,SMB,38,35,5566.0,0.8571428571428571,0.9759771428571428
2268,SMB,3,Steady Mid-Value,SMB,57,16,3062.88,0.9375,0.96583125
2269,SMB,3,Steady Mid-Value,SMB,60,21,2152.64,0.9047619047619048,0.9803428571428571
2270,Occasional,2,Price-Sensitive / At-Risk,Occasional,479,7,493.5,0.7142857142857143,0.9518285714285714
2271,SMB,3,Steady Mid-Value,SMB,29,7,1009.35,1.0,0.9944571428571428
2272,SMB,1,High-Value Core,Mid-Market,1,14,2392.9399999999996,0.7857142857142857,1.0210428571428571
2273,SMB,2,Price-Sensitive / At-Risk,Occasional,12,7,951.74,0.7142857142857143,1.0150857142857144
2274,Occasional,0,Low-Engagement / Occasional,Occasional,319,6,3067.6899999999996,1.0,0.94985
2275,Occasional,0,Low-Engagement / Occasional,Occasional,310,1,274.21,1.0,0.9315
2276,Enterprise,1,High-Value Core,Mid-Market,125,53,7893.69,0.9433962264150944,1.0288584905660376
2277,SMB,3,Steady Mid-Value,SMB,79,20,1742.75,0.85,0.9733050000000001
2278,Mid-Market,1,High-Value Core,Mid-Market,29,22,5128.1900000000005,1.0,0.9861772727272728
2279,Occasional,0,Low-Engagement / Occasional,Occasional,226,5,811.55,1.0,0.91386
2280,SMB,3,Steady Mid-Value,SMB,163,35,5982.21,0.9714285714285714,0.9694114285714286
2281,Mid-Market,1,High-Value Core,Mid-Market,11,16,4164.12,0.875,0.9526
2282,Mid-Market,1,High-Value Core,Mid-Market,35,38,3755.94,0.8947368421052632,0.9913078947368421
2283,Mid-Market,3,Steady Mid-Value,SMB,52,15,2157.05,0.8666666666666667,0.9896133333333333
2284,SMB,1,High-Value Core,Mid-Market,3,20,2805.73,0.95,0.9853350000000001
2285,Mid-Market,1,High-Value Core,Mid-Market,72,14,3097.47,1.0,1.0040714285714285
2286,Mid-Market,1,High-Value Core,Mid-Market,6,62,7696.59,0.9032258064516129,0.980466129032258
2287,Occasional,0,Low-Engagement / Occasional,Occasional,65,15,2916.1800000000003,0.9333333333333333,0.979
2288,SMB,3,Steady Mid-Value,SMB,29,22,3145.02,0.9545454545454546,0.9544545454545456
2289,Mid-Market,1,High-Value Core,Mid-Market,14,57,6776.48,0.9122807017543859,0.9807087719298245
2290,Mid-Market,1,High-Value Core,Mid-Market,45,65,10425.33,0.9230769230769231,1.0021276923076923
2291,Occasional,0,Low-Engagement / Occasional,Occasional,366,4,789.9,1.0,0.98795
2292,SMB,3,Steady Mid-Value,SMB,156,29,6156.87,0.896551724137931,0.9554689655172414
2293,SMB,3,Steady Mid-Value,SMB,14,31,6562.12,0.9354838709677419,0.9975741935483872
2294,Mid-Market,1,High-Value Core,Mid-Market,5,46,7783.8,0.9347826086956522,0.9959565217391304
2295,Mid-Market,1,High-Value Core,Mid-Market,16,24,4723.63,1.0,1.0113625
2296,Enterprise,1,High-Value Core,Mid-Market,2,92,18812.63,0.9565217391304348,1.0440065217391303
2297,SMB,3,Steady Mid-Value,SMB,57,17,3601.9900000000002,1.0,0.9727058823529413
2298,Enterprise,1,High-Value Core,Mid-Market,37,45,9546.31,0.9333333333333333,1.0178844444444444
2299,Enterprise,1,High-Value Core,Mid-Market,77,41,8483.14,0.9512195121951219,1.0527780487804879
2300,SMB,3,Steady Mid-Value,SMB,185,32,4587.72,0.90625,0.98089375
2301,Occasional,3,Steady Mid-Value,SMB,21,8,2769.8900000000003,1.0,0.9188125
2302,SMB,3,Steady Mid-Value,SMB,43,38,9786.33,0.9210526315789473,0.9809026315789473
2303,SMB,3,Steady Mid-Value,SMB,2,30,4475.2699999999995,0.9,0.99278
2304,SMB,3,Steady Mid-Value,SMB,34,27,5715.42,0.9629629629629629,0.9626444444444444
2305,SMB,3,Steady Mid-Value,SMB,71,8,1034.09,1.0,0.9690375
2306,Mid-Market,1,High-Value Core,Mid-Market,20,71,11713.08,0.9295774647887324,0.9659253521126762
2307,SMB,3,Steady Mid-Value,SMB,94,21,2451.39,0.9047619047619048,0.9815285714285713
2308,SMB,0,Low-Engagement / Occasional,Occasional,67,2,61.42,1.0,0.9554499999999999
2309,SMB,1,High-Value Core,Mid-Market,15,11,2932.23,0.9090909090909091,0.9681090909090909
2310,Occasional,3,Steady Mid-Value,SMB,13,11,2128.24,0.9090909090909091,0.9972727272727273
2311,Occasional,3,Steady Mid-Value,SMB,18,12,5763.95,1.0,0.9716583333333334
2312,Enterprise,1,High-Value Core,Mid-Market,9,95,21869.08,0.9578947368421052,1.0592315789473683
2313,Mid-Market,3,Steady Mid-Value,SMB,93,23,5490.96,0.9565217391304348,0.9781347826086957
2314,Mid-Market,3,Steady Mid-Value,SMB,32,62,9431.08,0.9193548387096774,0.976175806451613
2315,Mid-Market,1,High-Value Core,Mid-Market,19,36,8894.37,0.9444444444444444,1.001947222222222
2316,Mid-Market,1,High-Value Core,Mid-Market,1,52,8843.74,0.9038461538461539,0.9905634615384616
2317,Mid-Market,1,High-Value Core,Mid-Market,4,30,5773.8099999999995,0.9333333333333333,0.9839066666666666
2318,SMB,3,Steady Mid-Value,SMB,220,22,3067.73,0.8181818181818182,0.9896227272727273
2319,SMB,2,Price-Sensitive / At-Risk,Occasional,58,18,2283.79,0.7777777777777778,0.9936888888888888
2320,Occasional,0,Low-Engagement / Occasional,Occasional,385,3,763.4000000000001,1.0,0.9542
2321,Enterprise,1,High-Value Core,Mid-Market,19,21,3417.16,0.9047619047619048,1.0248619047619048
2322,Enterprise,1,High-Value Core,Mid-Market,37,66,12048.03,0.9393939393939394,1.0424181818181817
2323,Mid-Market,3,Steady Mid-Value,SMB,85,38,6183.49,0.9736842105263158,0.9688289473684211
2324,Mid-Market,3,Steady Mid-Value,SMB,25,26,3616.83,0.8461538461538461,0.9946576923076923
2325,Mid-Market,3,Steady Mid-Value,SMB,114,23,3120.58,0.9565217391304348,0.9611391304347826
2326,Occasional,0,Low-Engagement / Occasional,Occasional,27,5,1076.08,1.0,0.9724999999999999
2327,Mid-Market,1,High-Value Core,Mid-Market,75,45,8791.43,0.9777777777777777,0.9939777777777777
2328,Mid-Market,1,High-Value Core,Mid-Market,15,24,4392.84,0.9583333333333334,1.0062416666666667
2329,SMB,3,Steady Mid-Value,SMB,46,7,898.87,0.8571428571428571,1.0057857142857143
2330,SMB,3,Steady Mid-Value,SMB,36,26,6472.05,0.8846153846153846,0.9636115384615385
2331,SMB,3,Steady Mid-Value,SMB,128,28,4156.58,0.8928571428571429,1.0013642857142857
2332,Mid-Market,1,High-Value Core,Mid-Market,8,50,7645.64,0.94,0.988538
2333,SMB,3,Steady Mid-Value,SMB,17,25,3519.01,0.84,0.9804559999999999
2334,Mid-Market,1,High-Value Core,Mid-Market,50,27,2837.18,0.8518518518518519,1.0286037037037037
2335,Mid-Market,1,High-Value Core,Mid-Market,24,35,5036.32,0.9428571428571428,0.9850742857142858
2336,SMB,3,Steady Mid-Value,SMB,5,11,1141.73,1.0,0.9753727272727272
2337,Occasional,2,Price-Sensitive / At-Risk,Occasional,268,18,1940.5,0.8333333333333334,0.9653555555555555
2338,Mid-Market,1,High-Value Core,Mid-Market,21,46,6384.2,0.8695652173913043,0.9925739130434783
2339,SMB,3,Steady Mid-Value,SMB,329,13,1965.75,0.9230769230769231,0.9778769230769231
2340,Enterprise,1,High-Value Core,Mid-Market,46,7,1500.29,1.0,1.0483714285714285
2341,Mid-Market,1,High-Value Core,Mid-Market,30,68,13007.9,0.9558823529411765,0.9911176470588235
2342,Enterprise,1,High-Value Core,Mid-Market,11,27,4677.66,0.9259259259259259,1.0262148148148147
2343,SMB,3,Steady Mid-Value,SMB,11,39,6618.15,0.8974358974358975,0.9851692307692307
2344,Mid-Market,1,High-Value Core,Mid-Market,16,72,14105.55,0.9444444444444444,0.9683902777777779
2345,SMB,1,High-Value Core,Mid-Market,2,12,2274.02,0.9166666666666666,0.97795
2346,Enterprise,1,High-Value Core,Mid-Market,64,36,5865.4,0.9444444444444444,1.031736111111111
2347,Occasional,0,Low-Engagement / Occasional,Occasional,248,2,163.75,1.0,0.95585
2348,Occasional,2,Price-Sensitive / At-Risk,Occasional,456,4,529.0,0.75,0.99365
2349,Mid-Market,1,High-Value Core,Mid-Market,23,45,8402.76,1.0,0.9711666666666667
2350,Enterprise,1,High-Value Core,Mid-Market,45,58,18568.88,0.9827586206896551,1.0388362068965518
2351,Enterprise,1,High-Value Core,Mid-Market,5,55,11036.41,0.9454545454545454,1.0427563636363637
2352,Occasional,0,Low-Engagement / Occasional,Occasional,74,10,1352.58,0.9,0.92577
2353,Mid-Market,1,High-Value Core,Mid-Market,23,51,12127.43,0.9803921568627451,0.9764999999999999
2354,SMB,0,Low-Engagement / Occasional,Occasional,201,3,1525.33,1.0,0.9824
2355,Mid-Market,1,High-Value Core,Mid-Market,122,61,12252.73,0.9836065573770492,0.9891754098360656
2356,SMB,3,Steady Mid-Value,SMB,77,12,1831.21,1.0,1.0080416666666665
2357,SMB,3,Steady Mid-Value,SMB,25,24,4382.83,1.0,0.9547875
2358,SMB,2,Price-Sensitive / At-Risk,Occasional,136,18,4054.37,0.7777777777777778,0.9894499999999999
2359,Occasional,3,Steady Mid-Value,SMB,8,5,1823.6399999999999,1.0,1.0439
2360,Mid-Market,1,High-Value Core,Mid-Market,12,73,17227.43,0.9452054794520548,0.987813698630137
2361,Occasional,2,Price-Sensitive / At-Risk,Occasional,135,12,1379.76,0.8333333333333334,0.9726
2362,Enterprise,1,High-Value Core,Mid-Market,2,68,12073.76,0.9852941176470589,1.0339323529411766
2363,SMB,3,Steady Mid-Value,SMB,85,25,3355.63,0.96,0.985048
2364,Occasional,0,Low-Engagement / Occasional,Occasional,12,3,280.76,1.0,0.9832333333333333
2365,SMB,3,Steady Mid-Value,SMB,6,8,1663.45,1.0,0.9802
2366,SMB,0,Low-Engagement / Occasional,Occasional,185,7,1025.22,1.0,0.9970714285714285
2367,Mid-Market,3,Steady Mid-Value,SMB,72,46,6359.82,0.9130434782608695,0.9834282608695651
2368,Mid-Market,3,Steady Mid-Value,SMB,141,66,10426.81,0.9696969696969697,0.9645954545454546
2369,Mid-Market,1,High-Value Core,Mid-Market,30,21,4212.05,0.9523809523809523,1.0134857142857143
2370,SMB,2,Price-Sensitive / At-Risk,Occasional,73,12,1913.6100000000001,0.75,0.9998833333333333
2371,SMB,3,Steady Mid-Value,SMB,21,23,3230.3,0.8695652173913043,0.9675086956521739
2372,Mid-Market,1,High-Value Core,Mid-Market,6,25,5735.09,0.84,1.005256
2373,Mid-Market,1,High-Value Core,Mid-Market,48,16,2827.88,0.875,1.03351875
2374,Mid-Market,3,Steady Mid-Value,SMB,70,35,4016.15,0.8285714285714286,1.0083257142857143
2375,Mid-Market,1,High-Value Core,Mid-Market,4,65,10095.85,0.8769230769230769,1.0084584615384615
2376,Mid-Market,1,High-Value Core,Mid-Market,6,93,21203.84,0.967741935483871,0.9945881720430108
2377,Occasional,2,Price-Sensitive / At-Risk,Occasional,25,6,1434.85,0.8333333333333334,0.9851666666666666
2378,SMB,3,Steady Mid-Value,SMB,2,20,5755.179999999999,1.0,0.957005
2379,Mid-Market,3,Steady Mid-Value,SMB,37,62,9178.14,0.9516129032258065,0.9844322580645161
2380,SMB,3,Steady Mid-Value,SMB,51,25,5593.08,0.92,0.9625279999999999
2381,Occasional,2,Price-Sensitive / At-Risk,Occasional,51,4,684.88,0.75,0.9136
2382,Mid-Market,1,High-Value Core,Mid-Market,6,53,9875.89,0.8867924528301887,0.9986622641509434
2383,Mid-Market,1,High-Value Core,Mid-Market,40,52,8449.81,0.9230769230769231,1.0066057692307693
2384,Enterprise,1,High-Value Core,Mid-Market,8,50,8381.2,1.0,1.0235079999999999
2385,Enterprise,1,High-Value Core,Mid-Market,7,80,14510.779999999999,0.9125,1.05541375
2386,SMB,3,Steady Mid-Value,SMB,12,6,1009.65,1.0,0.9804499999999999
2387,Occasional,0,Low-Engagement / Occasional,Occasional,91,2,234.17000000000002,1.0,0.9396
2388,Enterprise,1,High-Value Core,Mid-Market,18,80,14002.52,0.95,1.0303175
2389,SMB,0,Low-Engagement / Occasional,Occasional,211,26,2697.48,0.8846153846153846,0.9649807692307693
2390,Enterprise,1,High-Value Core,Mid-Market,2,23,2523.19,1.0,1.053491304347826
2391,SMB,3,Steady Mid-Value,SMB,2,16,3836.48,0.875,0.99320625
2392,SMB,3,Steady Mid-Value,SMB,10,10,2440.2,0.9,0.93897
2393,Mid-Market,1,High-Value Core,Mid-Market,64,54,10679.83,0.9629629629629629,0.9835296296296296
2394,Enterprise,1,High-Value Core,Mid-Market,8,127,27920.43,0.968503937007874,1.0566251968503937
2395,SMB,3,Steady Mid-Value,SMB,18,7,1648.46,0.8571428571428571,0.9877571428571429
2396,Occasional,0,Low-Engagement / Occasional,Occasional,221,11,2011.8500000000001,0.9090909090909091,0.9449636363636364
2397,Mid-Market,1,High-Value Core,Mid-Market,40,22,2432.04,0.8181818181818182,1.0105227272727273
2398,Mid-Market,1,High-Value Core,Mid-Market,9,27,6836.76,0.9629629629629629,0.9714148148148148
2399,Mid-Market,1,High-Value Core,Mid-Market,13,55,9416.029999999999,0.8727272727272727,0.9731072727272727
2400,SMB,3,Steady Mid-Value,SMB,243,10,4410.98,1.0,0.9655000000000001
2401,SMB,2,Price-Sensitive / At-Risk,Occasional,9,34,4249.39,0.7647058823529411,0.9996264705882352
2402,SMB,3,Steady Mid-Value,SMB,32,22,3713.58,0.8636363636363636,0.9554545454545454
2403,SMB,3,Steady Mid-Value,SMB,32,24,3124.32,1.0,0.9444416666666666
2404,Occasional,0,Low-Engagement / Occasional,Occasional,937,1,218.15,1.0,0.9597
2405,SMB,2,Price-Sensitive / At-Risk,Occasional,13,24,4451.89,0.7083333333333334,0.9687125
2406,Mid-Market,1,High-Value Core,Mid-Market,4,37,10837.98,0.9459459459459459,0.9955513513513513
2407,SMB,3,Steady Mid-Value,SMB,44,22,5033.46,0.9545454545454546,0.9700454545454545
2408,Mid-Market,1,High-Value Core,Mid-Market,23,36,5465.29,0.8888888888888888,0.9737555555555555
2409,Mid-Market,1,High-Value Core,Mid-Market,1,62,10888.78,0.9354838709677419,0.973766129032258
2410,Occasional,0,Low-Engagement / Occasional,Occasional,26,7,1193.3,1.0,0.9639142857142857
2411,SMB,3,Steady Mid-Value,SMB,8,42,7164.76,0.9761904761904762,0.9430190476190476
2412,Occasional,2,Price-Sensitive / At-Risk,Occasional,51,24,2923.17,0.75,0.958075
2413,Mid-Market,1,High-Value Core,Mid-Market,23,26,6827.01,1.0,0.9636923076923077
2414,SMB,3,Steady Mid-Value,SMB,90,33,6462.43,1.0,0.9586909090909091
2415,SMB,2,Price-Sensitive / At-Risk,Occasional,16,6,1320.96,0.8333333333333334,0.9577833333333333
2416,Mid-Market,1,High-Value Core,Mid-Market,36,60,12589.01,0.9,0.9980566666666667
2417,Mid-Market,1,High-Value Core,Mid-Market,14,60,7703.34,0.8166666666666667,0.9996016666666667
2418,SMB,3,Steady Mid-Value,SMB,66,12,2139.41,0.9166666666666666,0.9816083333333333
2419,Enterprise,1,High-Value Core,Mid-Market,36,101,19288.09,0.9405940594059405,1.0394831683168317
2420,Occasional,0,Low-Engagement / Occasional,Occasional,60,4,1398.81,1.0,0.9652
2421,Mid-Market,1,High-Value Core,Mid-Market,1,71,10779.48,0.9295774647887324,1.0093845070422536
2422,Mid-Market,1,High-Value Core,Mid-Market,23,27,5086.88,0.9629629629629629,0.9672444444444445
2423,SMB,2,Price-Sensitive / At-Risk,Occasional,98,5,563.17,0.8,0.9594400000000001
2424,Mid-Market,1,High-Value Core,Mid-Market,38,66,14322.82,0.9545454545454546,1.0004545454545455
2425,Occasional,0,Low-Engagement / Occasional,Occasional,103,10,1335.1,1.0,0.9597900000000001
2426,SMB,3,Steady Mid-Value,SMB,22,22,3252.94,0.9090909090909091,0.9710681818181818
2427,Enterprise,1,High-Value Core,Mid-Market,18,39,7117.47,0.9743589743589743,1.0459743589743589
2428,SMB,1,High-Value Core,Mid-Market,1,39,8829.64,0.8974358974358975,0.9843102564102565
2429,SMB,3,Steady Mid-Value,SMB,85,38,6613.69,0.9210526315789473,0.9717684210526315
2430,SMB,1,High-Value Core,Mid-Market,3,40,6117.97,0.9,0.9817
2431,SMB,3,Steady Mid-Value,SMB,81,33,4568.68,0.9393939393939394,0.9715060606060606
2432,SMB,3,Steady Mid-Value,SMB,65,33,6115.81,0.8787878787878788,0.9753272727272727
2433,SMB,3,Steady Mid-Value,SMB,39,41,5717.09,0.8780487804878049,0.9814463414634146
2434,Mid-Market,1,High-Value Core,Mid-Market,33,19,3687.43,1.0,1.0092789473684212
2435,SMB,3,Steady Mid-Value,SMB,228,13,2629.61,0.9230769230769231,0.9725923076923076
2436,Occasional,2,Price-Sensitive / At-Risk,Occasional,133,12,1528.89,0.75,0.9663333333333334
2437,SMB,0,Low-Engagement / Occasional,Occasional,47,11,2106.79,1.0,0.968690909090909
2438,SMB,2,Price-Sensitive / At-Risk,Occasional,120,17,1720.15,0.7058823529411765,0.9786470588235294
2439,SMB,1,High-Value Core,Mid-Market,26,26,6872.959999999999,0.9615384615384616,0.9898615384615385
2440,SMB,1,High-Value Core,Mid-Market,22,9,1276.44,0.8888888888888888,0.9887555555555555
2441,Occasional,0,Low-Engagement / Occasional,Occasional,139,5,532.03,1.0,1.01756
2442,Mid-Market,3,Steady Mid-Value,SMB,9,24,4479.58,0.9166666666666666,0.9553083333333333
2443,Mid-Market,3,Steady Mid-Value,SMB,13,58,6562.88,0.9137931034482759,0.9795568965517242
2444,SMB,3,Steady Mid-Value,SMB,24,39,5332.33,0.8974358974358975,0.9810179487179488
2445,SMB,3,Steady Mid-Value,SMB,94,15,3348.46,1.0,0.99086
2446,SMB,3,Steady Mid-Value,SMB,7,8,902.31,0.875,0.9645125
2447,Enterprise,1,High-Value Core,Mid-Market,2,69,11691.41,0.9420289855072463,1.0564014492753624
2448,Mid-Market,1,High-Value Core,Mid-Market,1,34,4749.92,0.9117647058823529,0.9872588235294117
2449,SMB,3,Steady Mid-Value,SMB,202,23,4438.91,0.8695652173913043,0.9739086956521739
2450,SMB,3,Steady Mid-Value,SMB,21,18,2826.9500000000003,1.0,0.9423555555555555
2451,SMB,3,Steady Mid-Value,SMB,21,18,1875.98,0.8333333333333334,0.9682277777777778
2452,SMB,3,Steady Mid-Value,SMB,27,14,2225.39,0.8571428571428571,0.9856071428571429
2453,SMB,3,Steady Mid-Value,SMB,52,26,3280.58,0.8846153846153846,0.9770461538461539
2454,SMB,0,Low-Engagement / Occasional,Occasional,43,7,1215.12,1.0,0.9137571428571428
2455,SMB,3,Steady Mid-Value,SMB,68,7,1195.99,1.0,1.0095142857142858
2456,SMB,3,Steady Mid-Value,SMB,24,27,3573.4900000000002,0.8518518518518519,0.9630703703703704
2457,SMB,3,Steady Mid-Value,SMB,132,30,5595.09,0.9666666666666667,0.9891433333333333
2458,Mid-Market,1,High-Value Core,Mid-Market,10,46,12360.29,0.9782608695652174,0.9700434782608696
2459,Mid-Market,3,Steady Mid-Value,SMB,57,14,1272.02,0.8571428571428571,0.98835
2460,SMB,3,Steady Mid-Value,SMB,29,26,3584.55,0.9230769230769231,0.9870038461538461
2461,Occasional,0,Low-Engagement / Occasional,Occasional,51,11,3119.81,1.0,0.9500727272727272
2462,SMB,3,Steady Mid-Value,SMB,112,42,9315.32,0.9523809523809523,0.9825428571428573
2463,Mid-Market,1,High-Value Core,Mid-Market,47,24,4122.41,0.9166666666666666,1.0002625
2464,SMB,3,Steady Mid-Value,SMB,54,12,3276.68,0.8333333333333334,0.9764916666666666
2465,Mid-Market,1,High-Value Core,Mid-Market,19,22,5315.63,0.8636363636363636,0.9840954545454547
2466,SMB,3,Steady Mid-Value,SMB,93,38,5720.98,0.9736842105263158,0.9610947368421052
2467,SMB,3,Steady Mid-Value,SMB,143,48,8564.47,0.9375,0.9750520833333334
2468,SMB,3,Steady Mid-Value,SMB,13,33,6008.5,0.7878787878787878,0.9830909090909091
2469,SMB,0,Low-Engagement / Occasional,Occasional,246,22,3387.04,1.0,0.9618136363636364
2470,Mid-Market,1,High-Value Core,Mid-Market,29,50,9472.26,0.92,1.002858
2471,SMB,3,Steady Mid-Value,SMB,131,20,2566.38,0.9,0.97542
2472,Occasional,0,Low-Engagement / Occasional,Occasional,321,16,3609.84,0.875,0.94618125
2473,SMB,3,Steady Mid-Value,SMB,55,31,4374.19,0.9354838709677419,0.9464290322580645
2474,SMB,3,Steady Mid-Value,SMB,64,27,6936.6,0.9259259259259259,0.9512999999999999
2475,Mid-Market,1,High-Value Core,Mid-Market,14,25,3884.5,0.88,0.989912
2476,Enterprise,1,High-Value Core,Mid-Market,1,72,16332.27,0.9583333333333334,1.0299180555555556
2477,Mid-Market,1,High-Value Core,Mid-Market,3,59,9656.14,0.9322033898305084,0.9759966101694915
2478,Mid-Market,1,High-Value Core,Mid-Market,3,54,8379.539999999999,0.9629629629629629,1.0010222222222223
2479,Mid-Market,1,High-Value Core,Mid-Market,19,36,7459.53,0.9444444444444444,0.9922083333333332
2480,Occasional,0,Low-Engagement / Occasional,Occasional,69,16,2675.42,0.875,0.96398125
2481,SMB,3,Steady Mid-Value,SMB,98,8,1648.1699999999998,0.875,0.9706625
2482,Mid-Market,1,High-Value Core,Mid-Market,19,18,4631.4800000000005,0.9444444444444444,0.9973500000000001
2483,Mid-Market,1,High-Value Core,Mid-Market,16,72,11507.619999999999,0.9444444444444444,0.9705180555555556
2484,Mid-Market,3,Steady Mid-Value,SMB,61,10,1697.68,0.9,0.9679500000000001
2485,SMB,3,Steady Mid-Value,SMB,23,35,5355.75,0.8857142857142857,0.9941771428571429
2486,Mid-Market,1,High-Value Core,Mid-Market,8,50,7949.06,0.9,0.9875079999999999
2487,SMB,3,Steady Mid-Value,SMB,17,17,2616.9,0.9411764705882353,0.9897235294117647
2488,SMB,3,Steady Mid-Value,SMB,19,33,6890.35,0.8787878787878788,0.953590909090909
2489,Mid-Market,1,High-Value Core,Mid-Market,4,68,10068.08,0.8823529411764706,1.0106323529411765
2490,SMB,3,Steady Mid-Value,SMB,179,42,7220.15,0.9047619047619048,0.9862190476190476
2491,Occasional,0,Low-Engagement / Occasional,Occasional,76,4,700.8699999999999,1.0,0.93155
2492,Mid-Market,3,Steady Mid-Value,SMB,68,74,12216.26,0.8918918918918919,0.9784594594594596
2493,Enterprise,1,High-Value Core,Mid-Market,4,64,14842.52,0.9375,1.041965625
2494,Occasional,0,Low-Engagement / Occasional,Occasional,165,10,6556.610000000001,1.0,0.97136
2495,Occasional,0,Low-Engagement / Occasional,Occasional,335,1,646.24,1.0,0.9576
2496,SMB,3,Steady Mid-Value,SMB,34,7,883.6,1.0,0.9599714285714286
2497,SMB,0,Low-Engagement / Occasional,Occasional,31,9,1034.26,1.0,0.927611111111111
2498,Mid-Market,1,High-Value Core,Mid-Market,70,26,5454.68,0.9615384615384616,0.9875153846153846
2499,SMB,3,Steady Mid-Value,SMB,2,21,3328.62,0.9047619047619048,0.976604761904762
2500,SMB,3,Steady Mid-Value,SMB,23,20,4586.61,0.9,0.9871399999999999
2501,Enterprise,1,High-Value Core,Mid-Market,11,114,22235.78,0.9385964912280702,1.0289657894736841
2502,SMB,3,Steady Mid-Value,SMB,68,7,560.0999999999999,0.8571428571428571,0.9359142857142857
2503,Occasional,2,Price-Sensitive / At-Risk,Occasional,251,12,1641.72,0.8333333333333334,0.96055
2504,SMB,3,Steady Mid-Value,SMB,60,29,5001.07,0.896551724137931,0.9892931034482758
2505,Mid-Market,1,High-Value Core,Mid-Market,17,78,20564.26,0.9230769230769231,1.0033346153846152
2506,Enterprise,1,High-Value Core,Mid-Market,5,95,18986.010000000002,0.9263157894736842,1.047181052631579
2507,Occasional,2,Price-Sensitive / At-Risk,Occasional,18,5,1536.5800000000002,0.8,0.977
2508,Occasional,0,Low-Engagement / Occasional,Occasional,348,9,1262.95,1.0,0.9731888888888888
2509,SMB,3,Steady Mid-Value,SMB,122,22,3748.9700000000003,0.9545454545454546,1.0059909090909092
2510,SMB,3,Steady Mid-Value,SMB,138,28,4633.32,0.8571428571428571,0.990125
2511,SMB,0,Low-Engagement / Occasional,Occasional,79,23,3654.66,1.0,0.9693086956521739
2512,Mid-Market,3,Steady Mid-Value,SMB,21,15,2442.38,0.9333333333333333,0.9745933333333333
2513,Mid-Market,1,High-Value Core,Mid-Market,54,51,8224.49,0.8823529411764706,1.0128411764705882
2514,Mid-Market,3,Steady Mid-Value,SMB,62,53,7885.21,0.8679245283018868,0.9795943396226415
2515,Mid-Market,1,High-Value Core,Mid-Market,3,55,6671.4800000000005,0.8363636363636363,0.9875454545454545
2516,Occasional,0,Low-Engagement / Occasional,Occasional,254,8,701.04,1.0,0.9262875
2517,Mid-Market,3,Steady Mid-Value,SMB,36,30,5368.93,0.9,0.9878566666666667
2518,Mid-Market,1,High-Value Core,Mid-Market,9,47,6619.32,0.9148936170212766,0.9931765957446808
2519,SMB,3,Steady Mid-Value,SMB,28,11,1857.3,0.9090909090909091,0.9386181818181818
2520,Mid-Market,1,High-Value Core,Mid-Market,14,15,4149.610000000001,1.0,0.9689466666666667
2521,Mid-Market,1,High-Value Core,Mid-Market,86,74,17496.95,0.972972972972973,0.9827905405405406
2522,SMB,0,Low-Engagement / Occasional,Occasional,125,3,1090.15,1.0,1.0343
2523,Mid-Market,1,High-Value Core,Mid-Market,5,20,3908.95,0.95,0.96904
2524,SMB,3,Steady Mid-Value,SMB,39,26,6061.27,0.9615384615384616,0.9788769230769231
2525,Occasional,0,Low-Engagement / Occasional,Occasional,85,10,2365.43,1.0,0.9738
2526,Mid-Market,1,High-Value Core,Mid-Market,30,70,11812.4,0.9,0.9959614285714284
2527,Occasional,0,Low-Engagement / Occasional,Occasional,157,7,748.71,0.8571428571428571,0.9317714285714286
2528,Occasional,0,Low-Engagement / Occasional,Occasional,444,1,158.12,1.0,0.8061
2529,SMB,3,Steady Mid-Value,SMB,79,30,5007.09,0.9333333333333333,0.98879
2530,SMB,3,Steady Mid-Value,SMB,56,18,3469.33,1.0,0.9720666666666666
2531,SMB,3,Steady Mid-Value,SMB,40,28,6307.8,0.9285714285714286,0.9857535714285713
2532,SMB,3,Steady Mid-Value,SMB,71,19,3318.19,0.8947368421052632,0.9821157894736842
2533,SMB,3,Steady Mid-Value,SMB,98,21,3943.5299999999997,1.0,0.9687
2534,Enterprise,1,High-Value Core,Mid-Market,27,28,4489.45,0.8928571428571429,1.07385
2535,Occasional,0,Low-Engagement / Occasional,Occasional,346,10,2053.33,1.0,0.94239
2536,SMB,3,Steady Mid-Value,SMB,17,33,5675.99,0.8484848484848485,0.9778757575757576
2537,SMB,3,Steady Mid-Value,SMB,66,21,2632.94,0.8571428571428571,0.9832857142857143
2538,Mid-Market,1,High-Value Core,Mid-Market,12,49,8642.82,0.9591836734693877,0.976769387755102
2539,Enterprise,1,High-Value Core,Mid-Market,7,47,8856.1,0.9148936170212766,1.0345
2540,SMB,3,Steady Mid-Value,SMB,22,25,5327.92,0.92,0.967056
2541,SMB,3,Steady Mid-Value,SMB,49,38,5334.52,0.9210526315789473,0.9757394736842105
2542,SMB,3,Steady Mid-Value,SMB,34,33,6352.14,0.9393939393939394,0.9702060606060607
2543,Mid-Market,1,High-Value Core,Mid-Market,29,38,6199.41,1.0,0.961128947368421
2544,Mid-Market,3,Steady Mid-Value,SMB,16,46,7780.96,0.9347826086956522,0.9576934782608696
2545,SMB,3,Steady Mid-Value,SMB,258,21,2457.76,0.9523809523809523,0.9788571428571429
2546,Mid-Market,3,Steady Mid-Value,SMB,29,57,8956.69,0.8771929824561403,0.9774070175438596
2547,Occasional,0,Low-Engagement / Occasional,Occasional,451,13,1575.89,0.9230769230769231,0.9622923076923077
2548,Mid-Market,1,High-Value Core,Mid-Market,27,83,16286.66,0.927710843373494,1.0069734939759036
2549,Mid-Market,1,High-Value Core,Mid-Market,16,81,17081.87,0.9382716049382716,0.9935493827160494
2550,Mid-Market,1,High-Value Core,Mid-Market,44,68,13936.77,0.9558823529411765,0.9790514705882354
2551,SMB,3,Steady Mid-Value,SMB,9,19,3633.1,0.9473684210526315,0.9814526315789474
2552,SMB,3,Steady Mid-Value,SMB,25,27,5010.4400000000005,0.9259259259259259,0.9664185185185185
2553,SMB,3,Steady Mid-Value,SMB,35,16,3867.51,0.9375,0.94603125
2554,Occasional,0,Low-Engagement / Occasional,Occasional,13,2,201.79,1.0,0.969
2555,Mid-Market,3,Steady Mid-Value,SMB,274,20,5002.25,0.9,0.97577
2556,SMB,2,Price-Sensitive / At-Risk,Occasional,7,14,2022.0,0.7857142857142857,0.9814499999999999
2557,Enterprise,1,High-Value Core,Mid-Market,42,100,22824.09,0.95,1.0309309999999998
2558,Mid-Market,1,High-Value Core,Mid-Market,49,49,8749.39,0.9795918367346939,0.9958448979591836
2559,SMB,0,Low-Engagement / Occasional,Occasional,149,7,860.99,0.8571428571428571,0.9395428571428572
2560,Enterprise,1,High-Value Core,Mid-Market,7,79,16100.06,0.9746835443037974,1.041598734177215
2561,SMB,3,Steady Mid-Value,SMB,75,22,3425.69,0.9545454545454546,0.9688772727272728
2562,SMB,3,Steady Mid-Value,SMB,101,12,2915.59,0.9166666666666666,0.9778083333333334
2563,SMB,3,Steady Mid-Value,SMB,9,31,3165.65,0.9032258064516129,0.9641967741935484
2564,SMB,3,Steady Mid-Value,SMB,80,36,6880.8,0.9166666666666666,0.9763444444444445
2565,SMB,2,Price-Sensitive / At-Risk,Occasional,87,26,3617.67,0.8076923076923077,0.9738384615384615
2566,Mid-Market,1,High-Value Core,Mid-Market,39,56,11277.94,0.9642857142857143,1.0040071428571429
2567,Enterprise,1,High-Value Core,Mid-Market,20,94,16356.59,0.9361702127659575,1.034063829787234
2568,Mid-Market,1,High-Value Core,Mid-Market,85,31,7369.14,0.9354838709677419,0.9974193548387097
2569,SMB,3,Steady Mid-Value,SMB,146,20,3262.5,0.9,0.95549
2570,Occasional,0,Low-Engagement / Occasional,Occasional,43,10,4653.5,1.0,0.93753
2571,Enterprise,1,High-Value Core,Mid-Market,24,38,11227.16,0.9736842105263158,1.0372921052631578
2572,SMB,3,Steady Mid-Value,SMB,98,19,3311.2200000000003,0.8947368421052632,0.9647210526315789
2573,SMB,3,Steady Mid-Value,SMB,36,15,3479.77,0.9333333333333333,0.9686133333333333
2574,SMB,1,High-Value Core,Mid-Market,47,11,3770.82,1.0,0.9946181818181817
2575,SMB,3,Steady Mid-Value,SMB,50,27,5645.34,0.9629629629629629,0.9867962962962963
2576,SMB,3,Steady Mid-Value,SMB,25,12,3208.45,1.0,0.93985
2577,SMB,3,Steady Mid-Value,SMB,120,21,4794.51,0.9523809523809523,0.961547619047619
2578,Occasional,0,Low-Engagement / Occasional,Occasional,136,14,1441.29,0.8571428571428571,0.9754428571428572
2579,Mid-Market,3,Steady Mid-Value,SMB,135,55,9301.85,0.9090909090909091,0.9814781818181818
2580,Occasional,2,Price-Sensitive / At-Risk,Occasional,100,10,890.1500000000001,0.8,0.96998
2581,Enterprise,1,High-Value Core,Mid-Market,29,24,5737.88,0.9583333333333334,1.0760125
2582,Occasional,0,Low-Engagement / Occasional,Occasional,433,10,2883.41,0.9,0.9559599999999999
2583,Enterprise,1,High-Value Core,Mid-Market,27,27,5676.12,0.9629629629629629,1.0369444444444444
2584,Mid-Market,3,Steady Mid-Value,SMB,56,21,4195.1900000000005,0.9523809523809523,0.9796285714285714
2585,Enterprise,1,High-Value Core,Mid-Market,6,76,15091.36,0.9868421052631579,1.0311026315789473
2586,SMB,1,High-Value Core,Mid-Market,5,6,1109.43,1.0,1.0210666666666668
2587,Mid-Market,3,Steady Mid-Value,SMB,52,8,1001.25,0.875,1.025125
2588,Mid-Market,3,Steady Mid-Value,SMB,22,11,1654.36,1.0,0.9595363636363636
2589,SMB,3,Steady Mid-Value,SMB,15,21,3252.99,1.0,0.9507666666666668
2590,Mid-Market,1,High-Value Core,Mid-Market,14,52,10715.19,0.9038461538461539,0.9806980769230769
2591,SMB,3,Steady Mid-Value,SMB,17,28,5869.04,0.9642857142857143,0.952375
2592,Occasional,0,Low-Engagement / Occasional,Occasional,178,5,799.46,1.0,0.9587600000000001
2593,SMB,3,Steady Mid-Value,SMB,14,10,1971.4399999999998,1.0,0.9162399999999999
2594,Mid-Market,3,Steady Mid-Value,SMB,229,36,4966.31,1.0,0.9673305555555556
2595,Mid-Market,1,High-Value Core,Mid-Market,6,73,12324.07,0.958904109589041,0.9573506849315069
2596,Occasional,0,Low-Engagement / Occasional,Occasional,334,4,1219.93,1.0,0.928625
2597,Mid-Market,1,High-Value Core,Mid-Market,20,51,6585.09,0.9215686274509803,0.9873607843137255
2598,Mid-Market,1,High-Value Core,Mid-Market,24,51,6714.68,0.9215686274509803,0.9847019607843137
2599,Occasional,0,Low-Engagement / Occasional,Occasional,520,3,383.23,1.0,0.9308666666666667
2600,Occasional,0,Low-Engagement / Occasional,Occasional,131,15,3714.7400000000002,0.9333333333333333,0.9492133333333332
2601,Mid-Market,3,Steady Mid-Value,SMB,45,69,13302.46,0.8840579710144928,0.9785507246376811
2602,SMB,2,Price-Sensitive / At-Risk,Occasional,52,38,6189.07,0.7894736842105263,0.9900263157894738
2603,SMB,0,Low-Engagement / Occasional,Occasional,18,4,541.31,1.0,0.940725
2604,SMB,0,Low-Engagement / Occasional,Occasional,20,1,174.63,1.0,0.947
2605,Enterprise,1,High-Value Core,Mid-Market,10,73,16677.14,0.9452054794520548,1.0612753424657535
2606,Mid-Market,1,High-Value Core,Mid-Market,7,49,8967.99,0.8775510204081632,0.9944795918367347
2607,SMB,3,Steady Mid-Value,SMB,92,19,3747.14,1.0,0.9717315789473685
2608,Mid-Market,1,High-Value Core,Mid-Market,6,58,9584.01,0.8448275862068966,0.9960620689655172
2609,SMB,3,Steady Mid-Value,SMB,41,21,3146.19,0.8095238095238095,0.9921095238095238
2610,Mid-Market,1,High-Value Core,Mid-Market,6,49,10458.69,0.9795918367346939,1.0049510204081633
2611,Occasional,0,Low-Engagement / Occasional,Occasional,108,6,1096.68,1.0,1.0007166666666667
2612,SMB,3,Steady Mid-Value,SMB,104,23,3396.6,0.9565217391304348,0.9925130434782609
2613,SMB,2,Price-Sensitive / At-Risk,Occasional,74,14,1247.96,0.7857142857142857,0.9788071428571429
2614,SMB,2,Price-Sensitive / At-Risk,Occasional,24,7,364.08000000000004,0.5714285714285714,1.0337857142857143
2615,Mid-Market,1,High-Value Core,Mid-Market,58,61,10655.4,0.9180327868852459,1.0051737704918033
2616,SMB,0,Low-Engagement / Occasional,Occasional,283,22,4261.47,0.9545454545454546,0.9591727272727273
2617,Mid-Market,1,High-Value Core,Mid-Market,8,40,6901.67,0.875,1.00921
2618,Occasional,0,Low-Engagement / Occasional,Occasional,484,13,3616.87,1.0,0.9472769230769231
2619,SMB,3,Steady Mid-Value,SMB,74,35,7671.87,0.9142857142857143,0.99106
2620,Occasional,0,Low-Engagement / Occasional,Occasional,389,1,422.63,1.0,0.8285
2621,Occasional,0,Low-Engagement / Occasional,Occasional,199,8,2059.44,0.875,0.95015
2622,Occasional,2,Price-Sensitive / At-Risk,Occasional,1054,2,199.08,0.5,1.03255
2623,Mid-Market,1,High-Value Core,Mid-Market,18,22,3276.72,0.9090909090909091,0.9909772727272728
2624,Occasional,0,Low-Engagement / Occasional,Occasional,119,13,1943.9199999999998,0.8461538461538461,0.9393769230769231
2625,SMB,3,Steady Mid-Value,SMB,55,28,4543.96,0.9285714285714286,0.9771428571428571
2626,Mid-Market,1,High-Value Core,Mid-Market,24,80,13950.89,0.9,1.01219125
2627,SMB,2,Price-Sensitive / At-Risk,Occasional,34,18,2132.6600000000003,0.7777777777777778,0.9914277777777778
2628,Mid-Market,1,High-Value Core,Mid-Market,37,62,14837.56,0.8870967741935484,0.9729241935483871
2629,Mid-Market,3,Steady Mid-Value,SMB,25,15,2815.88,0.9333333333333333,0.94842
2630,Mid-Market,3,Steady Mid-Value,SMB,68,56,9092.07,0.9285714285714286,0.9814160714285715
2631,Mid-Market,3,Steady Mid-Value,SMB,19,53,9073.49,0.9433962264150944,0.9699245283018868
2632,SMB,3,Steady Mid-Value,SMB,6,44,7162.2,0.8181818181818182,0.9774681818181818
2633,Occasional,2,Price-Sensitive / At-Risk,Occasional,109,15,2475.23,0.7333333333333333,0.9478666666666666
2634,SMB,3,Steady Mid-Value,SMB,88,35,5317.96,0.8857142857142857,0.9693714285714284
2635,SMB,3,Steady Mid-Value,SMB,55,31,5548.38,0.9354838709677419,0.9399935483870968
2636,Mid-Market,1,High-Value Core,Mid-Market,71,27,3557.07,0.8888888888888888,1.0093074074074073
2637,SMB,2,Price-Sensitive / At-Risk,Occasional,117,7,516.88,0.8571428571428571,0.9585
2638,Mid-Market,1,High-Value Core,Mid-Market,23,27,4758.47,0.8888888888888888,1.0037518518518518
2639,SMB,3,Steady Mid-Value,SMB,77,11,2559.2200000000003,1.0,0.9808727272727272
2640,Mid-Market,3,Steady Mid-Value,SMB,44,13,2402.75,1.0,0.9874461538461539
2641,SMB,3,Steady Mid-Value,SMB,75,16,2356.9900000000002,0.9375,0.97766875
2642,SMB,3,Steady Mid-Value,SMB,9,25,4677.82,1.0,0.961516
2643,SMB,3,Steady Mid-Value,SMB,58,15,1548.77,0.8666666666666667,0.9615333333333334
2644,Occasional,3,Steady Mid-Value,SMB,15,15,1924.6100000000001,0.8666666666666667,0.9607333333333333
2645,Mid-Market,1,High-Value Core,Mid-Market,8,43,6612.1,0.9534883720930233,0.9750255813953488
2646,Occasional,0,Low-Engagement / Occasional,Occasional,105,3,356.58,1.0,0.9343333333333333
2647,SMB,3,Steady Mid-Value,SMB,92,35,5033.74,0.9142857142857143,0.9780028571428572
2648,SMB,1,High-Value Core,Mid-Market,10,15,4537.0,1.0,0.9916666666666667
2649,SMB,2,Price-Sensitive / At-Risk,Occasional,107,5,712.13,0.8,0.97452
2650,Occasional,2,Price-Sensitive / At-Risk,Occasional,30,4,234.17000000000002,0.75,0.954375
2651,Occasional,2,Price-Sensitive / At-Risk,Occasional,1,6,315.90000000000003,0.8333333333333334,1.0005
2652,Mid-Market,3,Steady Mid-Value,SMB,36,55,12054.46,0.9272727272727272,0.9694363636363637
2653,SMB,3,Steady Mid-Value,SMB,33,34,4320.81,0.8823529411764706,0.9750764705882353
2654,SMB,3,Steady Mid-Value,SMB,5,24,3070.44,0.875,0.9651041666666668
2655,SMB,3,Steady Mid-Value,SMB,92,13,2224.24,0.9230769230769231,1.0156923076923077
2656,Occasional,2,Price-Sensitive / At-Risk,Occasional,140,12,2662.17,0.8333333333333334,0.9797416666666666
2657,Mid-Market,3,Steady Mid-Value,SMB,110,73,15789.99,0.9452054794520548,0.9691972602739727
2658,SMB,2,Price-Sensitive / At-Risk,Occasional,167,17,2339.94,0.7647058823529411,0.9984823529411765
2659,Mid-Market,1,High-Value Core,Mid-Market,16,22,3325.99,0.9545454545454546,0.9803409090909091
2660,Mid-Market,1,High-Value Core,Mid-Market,19,83,14999.69,0.9759036144578314,0.9848518072289156
2661,Occasional,0,Low-Engagement / Occasional,Occasional,33,19,4283.05,0.8947368421052632,0.9467105263157896
2662,Mid-Market,1,High-Value Core,Mid-Market,22,14,2562.36,1.0,0.9745714285714285
2663,Mid-Market,1,High-Value Core,Mid-Market,9,30,5430.15,0.9333333333333333,0.9823000000000001
2664,Mid-Market,1,High-Value Core,Mid-Market,1,45,5843.5599999999995,0.9111111111111111,0.9812622222222221
2665,SMB,3,Steady Mid-Value,SMB,53,9,1245.21,1.0,0.936788888888889
2666,SMB,3,Steady Mid-Value,SMB,245,16,2837.81,0.875,0.9863062499999999
2667,Occasional,0,Low-Engagement / Occasional,Occasional,104,11,2026.05,1.0,0.9413636363636364
2668,Enterprise,1,High-Value Core,Mid-Market,16,92,18498.16,0.9565217391304348,1.042079347826087
2669,SMB,3,Steady Mid-Value,SMB,18,18,3724.81,0.9444444444444444,0.9694666666666668
2670,SMB,3,Steady Mid-Value,SMB,77,13,2758.7,0.9230769230769231,0.9578307692307693
2671,SMB,3,Steady Mid-Value,SMB,169,26,4813.03,0.8461538461538461,0.9869884615384615
2672,SMB,0,Low-Engagement / Occasional,Occasional,246,12,1383.9,1.0,0.9985666666666667
2673,Mid-Market,1,High-Value Core,Mid-Market,37,27,4575.03,0.9629629629629629,1.0037444444444443
2674,SMB,2,Price-Sensitive / At-Risk,Occasional,147,35,4839.15,0.8,0.9799285714285714
2675,SMB,3,Steady Mid-Value,SMB,38,37,4884.57,0.8108108108108109,0.9628162162162163
2676,SMB,3,Steady Mid-Value,SMB,90,18,2461.59,0.8888888888888888,0.9711000000000001
2677,SMB,3,Steady Mid-Value,SMB,88,23,2980.2599999999998,0.8260869565217391,0.9686869565217392
2678,SMB,3,Steady Mid-Value,SMB,90,14,2454.81,0.9285714285714286,0.976757142857143
2679,SMB,3,Steady Mid-Value,SMB,173,29,6157.83,0.9310344827586207,0.9781896551724137
2680,Mid-Market,1,High-Value Core,Mid-Market,17,38,6799.42,0.8421052631578947,0.9992605263157894
2681,SMB,3,Steady Mid-Value,SMB,44,39,7917.7,0.9230769230769231,0.9783000000000001
2682,Occasional,0,Low-Engagement / Occasional,Occasional,114,10,2695.92,0.9,0.9801
2683,Mid-Market,1,High-Value Core,Mid-Market,9,68,8660.72,0.8823529411764706,0.975510294117647
2684,SMB,3,Steady Mid-Value,SMB,143,6,1340.59,1.0,0.9956999999999999
2685,Mid-Market,3,Steady Mid-Value,SMB,29,33,4047.94,0.9090909090909091,0.9646424242424243
2686,SMB,3,Steady Mid-Value,SMB,26,18,3643.8999999999996,0.9444444444444444,0.9503888888888888
2687,Mid-Market,1,High-Value Core,Mid-Market,27,68,12997.49,0.9117647058823529,0.9961441176470589
2688,SMB,3,Steady Mid-Value,SMB,194,29,6380.05,0.896551724137931,0.9602068965517241
2689,Mid-Market,1,High-Value Core,Mid-Market,24,72,12805.49,0.8611111111111112,0.977273611111111
2690,SMB,3,Steady Mid-Value,SMB,51,33,6383.92,0.8181818181818182,0.9586939393939394
2691,Occasional,0,Low-Engagement / Occasional,Occasional,233,10,2216.36,0.9,0.9440099999999999
2692,Mid-Market,1,High-Value Core,Mid-Market,15,59,14451.42,0.9322033898305084,0.9878728813559322
2693,Occasional,0,Low-Engagement / Occasional,Occasional,19,12,1869.06,1.0,0.9338166666666666
2694,Occasional,0,Low-Engagement / Occasional,Occasional,572,8,733.0699999999999,0.875,0.9436875
2695,Occasional,2,Price-Sensitive / At-Risk,Occasional,61,10,1357.3600000000001,0.8,0.95781
2696,Mid-Market,1,High-Value Core,Mid-Market,40,40,9706.76,0.875,0.9925824999999999
2697,SMB,3,Steady Mid-Value,SMB,14,31,4233.2,0.8709677419354839,0.9774193548387097
2698,Enterprise,1,High-Value Core,Mid-Market,12,43,12849.35,0.9534883720930233,1.0635046511627906
2699,Mid-Market,1,High-Value Core,Mid-Market,70,41,8217.14,1.0,0.9888341463414635
2700,Occasional,0,Low-Engagement / Occasional,Occasional,865,5,1690.96,1.0,0.94668
2701,SMB,3,Steady Mid-Value,SMB,3,10,1178.74,0.9,0.95597
2702,SMB,2,Price-Sensitive / At-Risk,Occasional,113,5,722.43,0.8,0.9639200000000001
2703,Mid-Market,1,High-Value Core,Mid-Market,25,30,6075.79,0.9333333333333333,1.0026300000000001
2704,SMB,3,Steady Mid-Value,SMB,114,29,4675.97,0.9310344827586207,0.9590689655172413
2705,SMB,2,Price-Sensitive / At-Risk,Occasional,9,22,1733.8400000000001,0.7727272727272727,0.9761045454545454
2706,SMB,2,Price-Sensitive / At-Risk,Occasional,64,17,2454.2,0.7058823529411765,0.9640882352941178
2707,Occasional,0,Low-Engagement / Occasional,Occasional,124,3,443.92,1.0,0.8828
2708,Mid-Market,3,Steady Mid-Value,SMB,60,11,1443.95,0.9090909090909091,0.9666727272727272
2709,Mid-Market,1,High-Value Core,Mid-Market,34,16,3587.9700000000003,0.8125,0.9997
2710,SMB,3,Steady Mid-Value,SMB,124,11,1926.43,0.9090909090909091,0.9830727272727273
2711,Occasional,2,Price-Sensitive / At-Risk,Occasional,526,6,1167.3899999999999,0.8333333333333334,0.9838166666666667
2712,Mid-Market,1,High-Value Core,Mid-Market,50,37,6483.18,0.8918918918918919,1.008545945945946
2713,Mid-Market,1,High-Value Core,Mid-Market,57,29,5572.82,0.9655172413793104,0.9789517241379311
2714,Mid-Market,3,Steady Mid-Value,SMB,56,25,4243.03,0.92,0.975468
2715,Occasional,2,Price-Sensitive / At-Risk,Occasional,553,6,833.3900000000001,0.6666666666666666,1.0201
2716,Mid-Market,1,High-Value Core,Mid-Market,70,68,13604.220000000001,0.9117647058823529,0.990560294117647
2717,SMB,3,Steady Mid-Value,SMB,28,5,726.24,1.0,1.0079
2718,Occasional,3,Steady Mid-Value,SMB,2,16,3557.7999999999997,0.875,0.95645
2719,Enterprise,1,High-Value Core,Mid-Market,35,88,16471.39,0.9204545454545454,1.0423886363636363
2720,SMB,3,Steady Mid-Value,SMB,63,17,4309.14,1.0,0.9816588235294117
2721,SMB,1,High-Value Core,Mid-Market,19,7,1987.6100000000001,0.8571428571428571,0.9873714285714286
2722,SMB,3,Steady Mid-Value,SMB,13,36,8634.56,0.8888888888888888,0.9886944444444445
2723,Mid-Market,3,Steady Mid-Value,SMB,11,32,4568.45,0.90625,0.990659375
2724,Mid-Market,1,High-Value Core,Mid-Market,51,69,11529.63,0.9420289855072463,1.0002376811594202
2725,Mid-Market,1,High-Value Core,Mid-Market,39,77,14071.51,0.948051948051948,0.9741961038961038
2726,SMB,3,Steady Mid-Value,SMB,33,26,5181.71,0.9615384615384616,0.9705692307692307
2727,SMB,3,Steady Mid-Value,SMB,60,31,4644.13,0.9354838709677419,0.986058064516129
2728,Mid-Market,3,Steady Mid-Value,SMB,77,13,3189.05,1.0,0.9738692307692307
2729,Mid-Market,1,High-Value Core,Mid-Market,45,52,11755.11,0.9615384615384616,0.996798076923077
2730,Occasional,0,Low-Engagement / Occasional,Occasional,76,2,489.57,1.0,0.93935
2731,Enterprise,1,High-Value Core,Mid-Market,3,50,10982.56,1.0,1.033302
2732,Mid-Market,1,High-Value Core,Mid-Market,26,24,5005.18,0.9583333333333334,0.9665541666666666
2733,SMB,2,Price-Sensitive / At-Risk,Occasional,109,6,354.44,0.8333333333333334,0.9683999999999999
2734,Mid-Market,1,High-Value Core,Mid-Market,7,31,9560.17,0.9032258064516129,0.9624967741935484
2735,Mid-Market,1,High-Value Core,Mid-Market,22,27,5321.33,0.8888888888888888,1.0149370370370372
2736,SMB,1,High-Value Core,Mid-Market,15,43,9392.06,0.8837209302325582,0.9944395348837209
2737,Mid-Market,3,Steady Mid-Value,SMB,27,24,3831.54,0.875,0.9863833333333334
2738,SMB,3,Steady Mid-Value,SMB,11,24,3887.64,0.9583333333333334,0.9577041666666667
2739,SMB,2,Price-Sensitive / At-Risk,Occasional,63,8,3804.57,0.75,0.968125
2740,SMB,3,Steady Mid-Value,SMB,108,18,2194.15,0.8333333333333334,0.9983888888888889
2741,Mid-Market,1,High-Value Core,Mid-Market,7,31,6758.68,1.0,1.0054903225806453
2742,Occasional,0,Low-Engagement / Occasional,Occasional,284,9,940.86,0.8888888888888888,0.9542777777777778
2743,Mid-Market,1,High-Value Core,Mid-Market,25,60,8927.35,0.9333333333333333,0.98548
2744,SMB,3,Steady Mid-Value,SMB,59,24,3642.6400000000003,0.9166666666666666,0.9778916666666667
2745,Mid-Market,1,High-Value Core,Mid-Market,17,38,5676.69,0.868421052631579,0.976757894736842
2746,SMB,3,Steady Mid-Value,SMB,18,18,4421.469999999999,0.8888888888888888,0.9875444444444444
2747,Mid-Market,1,High-Value Core,Mid-Market,11,52,10456.26,0.8846153846153846,0.9730807692307692
2748,Mid-Market,1,High-Value Core,Mid-Market,28,38,7058.17,0.8421052631578947,1.0172184210526316
2749,SMB,3,Steady Mid-Value,SMB,100,18,6537.09,1.0,1.005611111111111
2750,Enterprise,1,High-Value Core,Mid-Market,43,86,15148.3,0.9069767441860465,1.0297627906976745
2751,Mid-Market,1,High-Value Core,Mid-Market,36,32,4514.37,0.9375,0.994721875
2752,SMB,3,Steady Mid-Value,SMB,32,30,5915.84,0.9666666666666667,0.9670466666666666
2753,Occasional,0,Low-Engagement / Occasional,Occasional,189,7,2520.81,1.0,0.9721000000000001
2754,Mid-Market,1,High-Value Core,Mid-Market,9,37,5672.77,0.9459459459459459,1.0130000000000001
2755,Occasional,2,Price-Sensitive / At-Risk,Occasional,114,12,1344.69,0.6666666666666666,0.9484750000000001
2756,SMB,3,Steady Mid-Value,SMB,1,19,3062.2799999999997,0.9473684210526315,0.9716684210526316
2757,Occasional,0,Low-Engagement / Occasional,Occasional,132,5,967.74,1.0,0.94108
2758,SMB,0,Low-Engagement / Occasional,Occasional,260,2,144.71,1.0,0.92535
2759,SMB,3,Steady Mid-Value,SMB,22,37,5438.0,0.972972972972973,0.9728756756756757
2760,SMB,3,Steady Mid-Value,SMB,8,19,2013.25,0.8947368421052632,0.9554473684210527
2761,SMB,3,Steady Mid-Value,SMB,30,23,5550.37,0.8695652173913043,1.0097
2762,Occasional,2,Price-Sensitive / At-Risk,Occasional,61,4,527.45,0.75,1.0054750000000001
2763,Mid-Market,1,High-Value Core,Mid-Market,1,35,6902.96,1.0,0.9856885714285714
2764,Mid-Market,3,Steady Mid-Value,SMB,22,17,2442.73,0.8235294117647058,0.9865294117647059
2765,Enterprise,1,High-Value Core,Mid-Market,33,35,7850.66,0.9142857142857143,1.0494742857142858
2766,Occasional,3,Steady Mid-Value,SMB,2,18,2630.83,0.9444444444444444,0.9244999999999999
2767,SMB,3,Steady Mid-Value,SMB,2,28,4848.65,0.9642857142857143,0.9704964285714286
2768,SMB,2,Price-Sensitive / At-Risk,Occasional,93,12,1037.72,0.8333333333333334,0.9737416666666667
2769,Occasional,0,Low-Engagement / Occasional,Occasional,658,9,2392.33,1.0,0.8960555555555556
2770,Occasional,0,Low-Engagement / Occasional,Occasional,110,12,1599.1200000000001,0.9166666666666666,0.9609583333333335
2771,Mid-Market,1,High-Value Core,Mid-Market,36,77,13546.01,0.922077922077922,0.9814272727272728
2772,SMB,3,Steady Mid-Value,SMB,202,21,3112.2,0.9523809523809523,0.9671476190476189
2773,Occasional,0,Low-Engagement / Occasional,Occasional,221,2,263.34000000000003,1.0,0.99095
2774,Enterprise,1,High-Value Core,Mid-Market,18,103,19132.71,0.9611650485436893,1.0319
2775,SMB,3,Steady Mid-Value,SMB,18,20,3607.6600000000003,0.95,0.9712400000000001
2776,Mid-Market,1,High-Value Core,Mid-Market,29,13,1621.97,0.7692307692307693,1.0244923076923078
2777,SMB,3,Steady Mid-Value,SMB,32,15,2433.49,0.9333333333333333,0.9888733333333334
2778,SMB,3,Steady Mid-Value,SMB,14,4,538.37,1.0,0.961025
2779,Mid-Market,1,High-Value Core,Mid-Market,49,54,9248.95,0.9629629629629629,1.0000333333333333
2780,Mid-Market,1,High-Value Core,Mid-Market,26,80,16388.71,0.8625,0.9972925
2781,Mid-Market,3,Steady Mid-Value,SMB,116,28,6017.01,0.9642857142857143,0.974875
2782,Mid-Market,3,Steady Mid-Value,SMB,36,40,8010.6,0.95,0.9711575
2783,SMB,3,Steady Mid-Value,SMB,205,34,6269.94,0.9411764705882353,0.9834117647058823
2784,Mid-Market,1,High-Value Core,Mid-Market,25,63,12155.47,0.8888888888888888,0.9835873015873016
2785,Mid-Market,3,Steady Mid-Value,SMB,36,11,1781.91,0.8181818181818182,0.9579181818181819
2786,SMB,3,Steady Mid-Value,SMB,15,15,1663.42,0.8666666666666667,0.9846133333333333
2787,SMB,3,Steady Mid-Value,SMB,32,46,8617.34,0.9347826086956522,0.9685217391304348
2788,SMB,3,Steady Mid-Value,SMB,24,13,2609.19,1.0,0.9305153846153846
2789,Occasional,0,Low-Engagement / Occasional,Occasional,345,9,1883.01,1.0,0.9503333333333333
2790,Mid-Market,3,Steady Mid-Value,SMB,51,60,13726.52,0.95,0.9563883333333333
2791,Occasional,3,Steady Mid-Value,SMB,2,5,622.41,1.0,0.9832599999999999
2792,Enterprise,1,High-Value Core,Mid-Market,1,41,7657.02,0.9512195121951219,1.0318390243902438
2793,SMB,3,Steady Mid-Value,SMB,8,39,5813.81,0.8974358974358975,0.9734820512820513
2794,Occasional,0,Low-Engagement / Occasional,Occasional,95,9,2505.54,1.0,0.9600111111111111
2795,Occasional,0,Low-Engagement / Occasional,Occasional,106,5,710.88,1.0,0.98804
2796,SMB,3,Steady Mid-Value,SMB,22,23,5543.91,0.9565217391304348,1.0045043478260869
2797,SMB,3,Steady Mid-Value,SMB,11,24,2395.29,0.9166666666666666,0.9429291666666666
2798,Mid-Market,1,High-Value Core,Mid-Market,93,50,9164.23,0.9,0.992612
2799,SMB,3,Steady Mid-Value,SMB,26,26,4338.99,0.8846153846153846,0.9638576923076924
2800,SMB,3,Steady Mid-Value,SMB,230,19,3132.13,0.8947368421052632,0.963057894736842
2801,Occasional,2,Price-Sensitive / At-Risk,Occasional,32,10,724.1,0.7,0.96495
2802,SMB,3,Steady Mid-Value,SMB,65,25,5056.03,1.0,0.9669920000000001
2803,Enterprise,1,High-Value Core,Mid-Market,3,91,18276.19,0.945054945054945,1.0416175824175824
2804,SMB,2,Price-Sensitive / At-Risk,Occasional,367,26,4618.59,0.8076923076923077,0.9768307692307693
2805,Mid-Market,1,High-Value Core,Mid-Market,10,60,9988.42,0.8666666666666667,0.9822033333333333
2806,Mid-Market,1,High-Value Core,Mid-Market,55,56,11689.19,0.8928571428571429,1.0033910714285714
2807,Mid-Market,3,Steady Mid-Value,SMB,25,55,8049.91,0.9454545454545454,0.955930909090909
2808,SMB,0,Low-Engagement / Occasional,Occasional,63,4,459.32,1.0,1.016875
2809,Mid-Market,1,High-Value Core,Mid-Market,42,52,9236.69,0.9615384615384616,0.9979423076923077
2810,Mid-Market,1,High-Value Core,Mid-Market,1,47,8700.39,0.9574468085106383,0.9929553191489362
2811,Enterprise,1,High-Value Core,Mid-Market,5,105,23803.66,0.9333333333333333,1.0420114285714286
2812,Occasional,3,Steady Mid-Value,SMB,70,6,869.1800000000001,0.8333333333333334,1.0150833333333333
2813,SMB,3,Steady Mid-Value,SMB,25,48,9665.57,0.875,0.9839520833333334
2814,Enterprise,1,High-Value Core,Mid-Market,12,58,16008.25,0.9827586206896551,1.0422672413793104
2815,Enterprise,1,High-Value Core,Mid-Market,6,100,18919.9,0.95,1.06862
2816,SMB,3,Steady Mid-Value,SMB,67,17,3015.04,0.8235294117647058,0.9625
2817,Mid-Market,1,High-Value Core,Mid-Market,2,72,15399.16,0.9027777777777778,0.9590263888888888
2818,SMB,3,Steady Mid-Value,SMB,3,30,6264.18,0.9,0.97607
2819,SMB,3,Steady Mid-Value,SMB,15,35,6541.13,0.9428571428571428,0.9963399999999999
2820,Occasional,0,Low-Engagement / Occasional,Occasional,1,5,658.68,1.0,0.91198
2821,Mid-Market,3,Steady Mid-Value,SMB,25,54,8199.61,0.9629629629629629,0.9612833333333334
2822,SMB,3,Steady Mid-Value,SMB,9,27,3269.53,0.8888888888888888,0.9329
2823,Enterprise,1,High-Value Core,Mid-Market,51,37,6375.78,0.972972972972973,1.0310837837837838
2824,Occasional,2,Price-Sensitive / At-Risk,Occasional,37,19,4621.2,0.8421052631578947,0.9638578947368422
2825,Occasional,2,Price-Sensitive / At-Risk,Occasional,178,16,1672.08,0.8125,0.961675
2826,SMB,3,Steady Mid-Value,SMB,148,33,6154.54,0.8484848484848485,0.9764515151515152
2827,SMB,3,Steady Mid-Value,SMB,18,42,6168.92,0.8571428571428571,0.9305642857142857
2828,Mid-Market,1,High-Value Core,Mid-Market,29,72,12799.36,0.9583333333333334,0.9705041666666667
2829,SMB,3,Steady Mid-Value,SMB,37,43,5943.38,0.9069767441860465,0.9651162790697675
2830,SMB,3,Steady Mid-Value,SMB,49,7,1254.18,1.0,1.0047142857142857
2831,Mid-Market,1,High-Value Core,Mid-Market,46,46,8295.44,0.9347826086956522,1.000745652173913
2832,SMB,3,Steady Mid-Value,SMB,18,5,972.3,1.0,0.9577600000000001
2833,SMB,3,Steady Mid-Value,SMB,42,35,9201.81,0.8571428571428571,0.9911599999999999
2834,SMB,1,High-Value Core,Mid-Market,15,10,3016.4,1.0,1.01682
2835,SMB,2,Price-Sensitive / At-Risk,Occasional,12,30,3931.08,0.8,0.9782766666666666
2836,SMB,3,Steady Mid-Value,SMB,15,41,8083.04,0.9512195121951219,0.9891024390243903
2837,SMB,3,Steady Mid-Value,SMB,90,41,5909.6,0.926829268292683,0.9769975609756097
2838,Mid-Market,1,High-Value Core,Mid-Market,5,20,5056.96,1.0,0.987645
2839,Mid-Market,1,High-Value Core,Mid-Market,36,31,7874.92,0.9354838709677419,0.9876935483870968
2840,Enterprise,1,High-Value Core,Mid-Market,19,32,6653.45,0.96875,1.062128125
2841,SMB,3,Steady Mid-Value,SMB,34,9,1621.34,1.0,0.9578222222222222
2842,SMB,0,Low-Engagement / Occasional,Occasional,177,16,2405.89,0.9375,0.948625
2843,SMB,3,Steady Mid-Value,SMB,90,12,2394.82,1.0,0.9878916666666666
2844,Mid-Market,3,Steady Mid-Value,SMB,37,31,5339.0,0.9032258064516129,0.9915193548387097
2845,Mid-Market,1,High-Value Core,Mid-Market,25,50,7045.61,0.94,0.975742
2846,SMB,3,Steady Mid-Value,SMB,26,18,1961.3899999999999,0.8888888888888888,0.9617333333333333
2847,Mid-Market,1,High-Value Core,Mid-Market,2,50,8590.35,0.94,0.9660340000000001
2848,Enterprise,1,High-Value Core,Mid-Market,40,116,23822.74,0.9568965517241379,1.0358379310344827
2849,SMB,3,Steady Mid-Value,SMB,231,26,5710.78,0.8461538461538461,0.9571692307692307
2850,Mid-Market,1,High-Value Core,Mid-Market,8,42,7971.1900000000005,0.9285714285714286,0.9942166666666667
2851,Mid-Market,3,Steady Mid-Value,SMB,39,34,6415.43,1.0,0.9774705882352942
2852,SMB,3,Steady Mid-Value,SMB,78,11,2240.48,1.0,0.9941090909090909
2853,SMB,2,Price-Sensitive / At-Risk,Occasional,10,14,1582.15,0.7857142857142857,0.9633071428571428
2854,Mid-Market,1,High-Value Core,Mid-Market,12,70,15947.94,0.9142857142857143,0.972882857142857
2855,SMB,3,Steady Mid-Value,SMB,10,26,4652.04,0.9615384615384616,0.9720423076923077
2856,Occasional,0,Low-Engagement / Occasional,Occasional,41,7,1464.96,1.0,0.9610285714285715
2857,SMB,2,Price-Sensitive / At-Risk,Occasional,6,4,693.65,0.75,0.9517
2858,SMB,3,Steady Mid-Value,SMB,60,23,3025.14,0.8695652173913043,0.9444521739130435
2859,SMB,2,Price-Sensitive / At-Risk,Occasional,8,17,2907.39,0.7647058823529411,0.9719647058823528
2860,SMB,3,Steady Mid-Value,SMB,16,12,1924.6100000000001,0.9166666666666666,0.9452083333333333
2861,Mid-Market,3,Steady Mid-Value,SMB,156,49,9465.22,0.9387755102040817,0.9800102040816326
2862,SMB,3,Steady Mid-Value,SMB,12,8,1919.34,0.875,0.948975
2863,Mid-Market,1,High-Value Core,Mid-Market,59,35,5723.87,0.9428571428571428,0.9924257142857144
2864,Mid-Market,1,High-Value Core,Mid-Market,41,24,4101.52,0.9166666666666666,0.9823208333333334
2865,Mid-Market,1,High-Value Core,Mid-Market,35,26,5144.75,0.8846153846153846,1.0191192307692307
2866,Mid-Market,1,High-Value Core,Mid-Market,35,37,6598.69,0.8918918918918919,0.976754054054054
2867,Mid-Market,1,High-Value Core,Mid-Market,75,83,15615.91,0.9759036144578314,0.9990710843373494
2868,SMB,0,Low-Engagement / Occasional,Occasional,98,14,1905.69,0.9285714285714286,0.9651785714285713
2869,Occasional,0,Low-Engagement / Occasional,Occasional,57,16,3478.2,1.0,0.95920625
2870,Enterprise,1,High-Value Core,Mid-Market,45,40,8073.1900000000005,0.975,1.0321075
2871,SMB,3,Steady Mid-Value,SMB,98,14,2758.17,1.0,0.9567500000000001
2872,SMB,3,Steady Mid-Value,SMB,138,14,3338.11,0.9285714285714286,0.9933142857142857
2873,Enterprise,1,High-Value Core,Mid-Market,7,100,18117.92,0.97,1.043562
2874,Mid-Market,1,High-Value Core,Mid-Market,19,92,13986.89,0.9130434782608695,0.9690228260869564
2875,Mid-Market,1,High-Value Core,Mid-Market,10,25,7153.95,0.88,0.9781
2876,Mid-Market,1,High-Value Core,Mid-Market,17,33,5099.889999999999,0.9393939393939394,0.9894181818181818
2877,Mid-Market,1,High-Value Core,Mid-Market,13,58,13557.81,0.9482758620689655,0.9827103448275862
2878,Mid-Market,1,High-Value Core,Mid-Market,6,34,5885.55,0.9117647058823529,0.9954294117647059
2879,SMB,3,Steady Mid-Value,SMB,21,15,2404.71,1.0,0.98078
2880,Enterprise,1,High-Value Core,Mid-Market,6,68,11368.96,0.9264705882352942,1.0406632352941176
2881,Mid-Market,1,High-Value Core,Mid-Market,10,66,15831.15,0.9393939393939394,0.9852727272727274
2882,Mid-Market,3,Steady Mid-Value,SMB,48,21,4781.34,0.9523809523809523,0.9493285714285714
2883,SMB,3,Steady Mid-Value,SMB,74,19,4302.05,1.0,0.976078947368421
2884,Mid-Market,3,Steady Mid-Value,SMB,91,21,4897.45,0.8571428571428571,0.9884428571428572
2885,SMB,3,Steady Mid-Value,SMB,9,6,1301.28,1.0,0.9783499999999999
2886,Mid-Market,3,Steady Mid-Value,SMB,26,46,6137.86,0.8913043478260869,0.9709695652173913
2887,Enterprise,1,High-Value Core,Mid-Market,1,67,11457.83,0.9552238805970149,1.0509925373134328
2888,Occasional,0,Low-Engagement / Occasional,Occasional,418,12,2285.42,1.0,0.9087416666666667
2889,Mid-Market,1,High-Value Core,Mid-Market,65,18,3528.33,0.9444444444444444,1.0043666666666669
2890,Mid-Market,1,High-Value Core,Mid-Market,19,70,12846.11,0.9428571428571428,0.9948871428571429
2891,Mid-Market,1,High-Value Core,Mid-Market,4,44,9208.78,0.9318181818181818,1.0115295454545454
2892,Occasional,0,Low-Engagement / Occasional,Occasional,88,14,2133.16,0.8571428571428571,0.9210785714285714
2893,SMB,3,Steady Mid-Value,SMB,55,38,6891.39,0.9210526315789473,0.9639684210526316
2894,SMB,3,Steady Mid-Value,SMB,11,26,2899.79,0.8846153846153846,0.9737192307692308
2895,Occasional,0,Low-Engagement / Occasional,Occasional,109,2,444.94,1.0,0.95045
2896,Mid-Market,1,High-Value Core,Mid-Market,35,59,10971.4,0.8813559322033898,1.0260355932203389
2897,Occasional,0,Low-Engagement / Occasional,Occasional,197,16,2265.71,0.875,0.9610625
2898,Mid-Market,1,High-Value Core,Mid-Market,30,61,13043.9,0.9180327868852459,0.9922786885245902
2899,SMB,3,Steady Mid-Value,SMB,22,40,8283.72,0.9,0.956565
2900,Mid-Market,1,High-Value Core,Mid-Market,23,62,10358.07,0.9516129032258065,0.9971564516129032
2901,Mid-Market,1,High-Value Core,Mid-Market,61,39,11972.2,0.9230769230769231,0.9780076923076922
2902,Occasional,0,Low-Engagement / Occasional,Occasional,132,1,334.3,1.0,1.0627
2903,Mid-Market,1,High-Value Core,Mid-Market,87,27,4576.86,0.9629629629629629,1.0057962962962963
2904,Occasional,0,Low-Engagement / Occasional,Occasional,58,5,581.6800000000001,1.0,0.96972
2905,Mid-Market,3,Steady Mid-Value,SMB,83,30,7803.49,0.9333333333333333,0.9650233333333333
2906,SMB,0,Low-Engagement / Occasional,Occasional,73,13,2254.39,1.0,0.9720615384615384
2907,Occasional,2,Price-Sensitive / At-Risk,Occasional,140,3,311.53999999999996,0.6666666666666666,0.9631333333333334
2908,Enterprise,1,High-Value Core,Mid-Market,38,89,14587.83,0.9662921348314607,1.0316696629213484
2909,Occasional,0,Low-Engagement / Occasional,Occasional,282,3,641.49,1.0,0.9773
2910,SMB,3,Steady Mid-Value,SMB,121,47,6474.63,0.851063829787234,0.9925510638297873
2911,SMB,3,Steady Mid-Value,SMB,11,17,2205.95,0.8235294117647058,0.9784705882352941
2912,Mid-Market,1,High-Value Core,Mid-Market,73,60,13472.539999999999,0.9166666666666666,1.000615
2913,SMB,0,Low-Engagement / Occasional,Occasional,216,24,5464.55,0.9583333333333334,0.9500791666666667
2914,SMB,2,Price-Sensitive / At-Risk,Occasional,336,19,3068.41,0.7894736842105263,1.013042105263158
2915,SMB,1,High-Value Core,Mid-Market,36,23,5088.92,0.9130434782608695,0.9917608695652175
2916,Mid-Market,1,High-Value Core,Mid-Market,43,68,21687.07,0.9852941176470589,0.9751073529411765
2917,Mid-Market,3,Steady Mid-Value,SMB,60,53,9995.12,0.8867924528301887,0.9860584905660377
2918,Occasional,2,Price-Sensitive / At-Risk,Occasional,264,9,807.6,0.6666666666666666,0.9571000000000001
2919,Enterprise,1,High-Value Core,Mid-Market,17,49,10522.16,0.9591836734693877,1.0278979591836737
2920,SMB,3,Steady Mid-Value,SMB,123,10,1771.47,1.0,0.9895799999999999
2921,Occasional,2,Price-Sensitive / At-Risk,Occasional,228,5,1033.97,0.8,0.91888
2922,Enterprise,1,High-Value Core,Mid-Market,48,70,16163.67,0.9857142857142858,1.0302428571428572
2923,Mid-Market,1,High-Value Core,Mid-Market,3,48,9276.46,0.8958333333333334,0.9771125
2924,SMB,3,Steady Mid-Value,SMB,23,16,2689.49,0.875,0.98864375
2925,Enterprise,1,High-Value Core,Mid-Market,25,132,26596.2,0.9621212121212122,1.0381295454545454
2926,SMB,3,Steady Mid-Value,SMB,57,39,6484.18,0.8717948717948718,0.9560179487179488
2927,SMB,3,Steady Mid-Value,SMB,124,31,5327.22,0.9032258064516129,0.9722935483870968
2928,SMB,3,Steady Mid-Value,SMB,7,33,8674.92,0.8484848484848485,0.9859636363636364
2929,Mid-Market,1,High-Value Core,Mid-Market,61,51,7225.3099999999995,0.9607843137254902,0.9794411764705883
2930,SMB,3,Steady Mid-Value,SMB,3,6,623.03,1.0,0.9370666666666666
2931,SMB,3,Steady Mid-Value,SMB,79,13,2229.37,0.9230769230769231,0.9690461538461539
2932,Mid-Market,1,High-Value Core,Mid-Market,14,54,9974.02,0.9629629629629629,1.0165055555555556
2933,SMB,3,Steady Mid-Value,SMB,17,37,5771.429999999999,0.8648648648648649,0.9820189189189189
2934,Occasional,3,Steady Mid-Value,SMB,4,8,1019.22,0.875,0.9560375
2935,SMB,3,Steady Mid-Value,SMB,77,39,8354.48,1.0,0.9679435897435897
2936,SMB,3,Steady Mid-Value,SMB,32,7,965.29,0.8571428571428571,0.9967571428571428
2937,Mid-Market,1,High-Value Core,Mid-Market,7,46,8327.12,0.8695652173913043,0.9819217391304348
2938,Mid-Market,1,High-Value Core,Mid-Market,27,42,6850.07,0.9761904761904762,1.0114357142857142
2939,Mid-Market,3,Steady Mid-Value,SMB,52,15,2639.23,0.8666666666666667,0.97308
2940,Enterprise,1,High-Value Core,Mid-Market,1,85,16919.81,0.9529411764705882,1.0590329411764705
2941,Occasional,0,Low-Engagement / Occasional,Occasional,276,9,1855.3400000000001,0.8888888888888888,0.9790222222222221
2942,Mid-Market,1,High-Value Core,Mid-Market,26,51,9896.26,0.9019607843137255,0.9920450980392156
2943,SMB,3,Steady Mid-Value,SMB,8,27,5038.179999999999,1.0,0.9656111111111111
2944,Mid-Market,3,Steady Mid-Value,SMB,72,80,12197.74,0.975,0.97318125
2945,Mid-Market,1,High-Value Core,Mid-Market,28,68,10901.72,0.9264705882352942,1.0064132352941175
2946,Mid-Market,1,High-Value Core,Mid-Market,54,74,15159.13,0.918918918918919,0.9852621621621622
2947,Mid-Market,3,Steady Mid-Value,SMB,46,26,4353.36,0.8076923076923077,0.9870115384615384
2948,SMB,2,Price-Sensitive / At-Risk,Occasional,294,31,5065.44,0.8387096774193549,0.9703322580645162
2949,Occasional,0,Low-Engagement / Occasional,Occasional,233,9,1094.7,1.0,0.9838222222222223
2950,Occasional,0,Low-Engagement / Occasional,Occasional,102,1,81.97,1.0,1.0628
2951,Mid-Market,1,High-Value Core,Mid-Market,7,50,8124.58,0.94,0.97946
2952,SMB,3,Steady Mid-Value,SMB,35,19,3197.32,0.8421052631578947,0.9671157894736842
2953,Mid-Market,1,High-Value Core,Mid-Market,18,22,2415.44,1.0,1.019290909090909
2954,Occasional,2,Price-Sensitive / At-Risk,Occasional,2,15,2231.0099999999998,0.8,0.9661933333333333
2955,SMB,3,Steady Mid-Value,SMB,168,22,5214.75,0.8636363636363636,1.006790909090909
2956,Mid-Market,1,High-Value Core,Mid-Market,16,62,12687.31,0.9354838709677419,0.99815
2957,Mid-Market,3,Steady Mid-Value,SMB,36,21,2823.03,0.8095238095238095,0.9816285714285714
2958,Enterprise,1,High-Value Core,Mid-Market,14,46,8661.4,0.9347826086956522,1.0475065217391304
2959,Mid-Market,1,High-Value Core,Mid-Market,80,19,4946.16,1.0,1.0296315789473685
2960,Occasional,0,Low-Engagement / Occasional,Occasional,77,2,2147.2400000000002,1.0,0.9861
2961,SMB,3,Steady Mid-Value,SMB,89,35,5893.8,0.9428571428571428,0.9691685714285715
2962,Occasional,0,Low-Engagement / Occasional,Occasional,24,12,1888.1799999999998,1.0,0.9545666666666667
2963,Mid-Market,1,High-Value Core,Mid-Market,37,48,8486.8,0.8958333333333334,0.9874833333333334
2964,SMB,3,Steady Mid-Value,SMB,43,36,6096.900000000001,0.9166666666666666,0.9877833333333333
2965,Mid-Market,1,High-Value Core,Mid-Market,24,39,6280.11,0.9487179487179487,0.972446153846154
2966,SMB,2,Price-Sensitive / At-Risk,Occasional,12,6,457.46000000000004,0.6666666666666666,0.9627333333333333
2967,Mid-Market,3,Steady Mid-Value,SMB,43,46,8795.81,0.9347826086956522,0.9899869565217392
2968,Mid-Market,1,High-Value Core,Mid-Market,23,16,2054.84,0.9375,0.98740625
2969,SMB,3,Steady Mid-Value,SMB,32,8,1762.26,1.0,1.0137375
2970,Mid-Market,1,High-Value Core,Mid-Market,6,17,1569.75,0.9411764705882353,0.9652764705882353
2971,SMB,3,Steady Mid-Value,SMB,64,30,4366.16,0.9666666666666667,0.9496300000000001
2972,SMB,3,Steady Mid-Value,SMB,78,31,3995.9,0.8709677419354839,0.9693483870967742
2973,Mid-Market,1,High-Value Core,Mid-Market,18,74,13038.25,0.9324324324324325,0.9852716216216216
2974,Occasional,2,Price-Sensitive / At-Risk,Occasional,206,18,1435.05,0.6666666666666666,0.9750888888888889
2975,SMB,3,Steady Mid-Value,SMB,30,36,5601.39,0.8888888888888888,0.9746083333333334
2976,SMB,3,Steady Mid-Value,SMB,132,31,5254.14,0.8387096774193549,0.981858064516129
2977,SMB,3,Steady Mid-Value,SMB,3,33,5392.26,0.9393939393939394,0.9794424242424243
2978,SMB,3,Steady Mid-Value,SMB,57,30,6148.21,0.8666666666666667,0.964
2979,SMB,2,Price-Sensitive / At-Risk,Occasional,28,10,611.89,0.7,0.9739800000000001
2980,Occasional,0,Low-Engagement / Occasional,Occasional,60,3,264.68,1.0,0.9654666666666666
2981,SMB,0,Low-Engagement / Occasional,Occasional,315,2,101.36,1.0,0.9915
2982,Mid-Market,1,High-Value Core,Mid-Market,7,71,12913.76,0.9295774647887324,1.0044281690140846
2983,Mid-Market,1,High-Value Core,Mid-Market,12,26,5283.43,0.9230769230769231,0.9917076923076924
2984,SMB,3,Steady Mid-Value,SMB,88,22,3564.69,0.9090909090909091,0.9493272727272728
2985,Enterprise,1,High-Value Core,Mid-Market,7,109,19493.05,0.9724770642201835,1.033208256880734
2986,Mid-Market,1,High-Value Core,Mid-Market,3,18,2872.51,0.8888888888888888,0.9729666666666668
2987,Enterprise,1,High-Value Core,Mid-Market,6,71,17331.97,0.9859154929577465,1.0295309859154929
2988,SMB,2,Price-Sensitive / At-Risk,Occasional,9,5,645.62,0.8,0.91448
2989,Mid-Market,1,High-Value Core,Mid-Market,3,61,10314.81,0.9016393442622951,0.9696819672131147
2990,SMB,1,High-Value Core,Mid-Market,3,24,4075.9900000000002,0.875,0.9859458333333334
2991,SMB,1,High-Value Core,Mid-Market,2,39,7176.68,0.9230769230769231,0.9782641025641025
2992,SMB,3,Steady Mid-Value,SMB,5,7,2235.65,1.0,0.9512999999999999
2993,Mid-Market,1,High-Value Core,Mid-Market,5,39,7927.9,0.8717948717948718,0.9658000000000001
2994,SMB,3,Steady Mid-Value,SMB,17,25,3450.56,1.0,0.952824
2995,SMB,3,Steady Mid-Value,SMB,271,31,5509.98,0.8709677419354839,0.9525129032258064
2996,SMB,3,Steady Mid-Value,SMB,45,21,2845.68,0.9047619047619048,0.9629428571428572
2997,SMB,0,Low-Engagement / Occasional,Occasional,251,30,4580.22,0.9,0.94406
2998,Mid-Market,1,High-Value Core,Mid-Market,56,80,14931.75,0.925,1.00361875
2999,Occasional,0,Low-Engagement / Occasional,Occasional,246,2,477.22,1.0,1.02245
3000,Mid-Market,3,Steady Mid-Value,SMB,12,9,1033.15,0.8888888888888888,0.974
